[0.022s][info][class,load] java.lang.Object source: shared objects file
[0.022s][info][class,load] java.io.Serializable source: shared objects file
[0.022s][info][class,load] java.lang.Comparable source: shared objects file
[0.022s][info][class,load] java.lang.CharSequence source: shared objects file
[0.022s][info][class,load] java.lang.constant.Constable source: shared objects file
[0.022s][info][class,load] java.lang.constant.ConstantDesc source: shared objects file
[0.022s][info][class,load] java.lang.String source: shared objects file
[0.023s][info][class,load] java.lang.reflect.AnnotatedElement source: shared objects file
[0.023s][info][class,load] java.lang.reflect.GenericDeclaration source: shared objects file
[0.023s][info][class,load] java.lang.reflect.Type source: shared objects file
[0.023s][info][class,load] java.lang.invoke.TypeDescriptor source: shared objects file
[0.023s][info][class,load] java.lang.invoke.TypeDescriptor$OfField source: shared objects file
[0.023s][info][class,load] java.lang.Class source: shared objects file
[0.023s][info][class,load] java.lang.Cloneable source: shared objects file
[0.023s][info][class,load] java.lang.ClassLoader source: shared objects file
[0.023s][info][class,load] java.lang.System source: shared objects file
[0.023s][info][class,load] java.lang.Throwable source: shared objects file
[0.023s][info][class,load] java.lang.Error source: shared objects file
[0.023s][info][class,load] java.lang.Exception source: shared objects file
[0.023s][info][class,load] java.lang.RuntimeException source: shared objects file
[0.023s][info][class,load] java.lang.SecurityManager source: shared objects file
[0.023s][info][class,load] java.security.ProtectionDomain source: shared objects file
[0.023s][info][class,load] java.security.AccessControlContext source: shared objects file
[0.023s][info][class,load] java.security.AccessController source: shared objects file
[0.023s][info][class,load] java.security.SecureClassLoader source: shared objects file
[0.023s][info][class,load] java.lang.ReflectiveOperationException source: shared objects file
[0.023s][info][class,load] java.lang.ClassNotFoundException source: shared objects file
[0.023s][info][class,load] java.lang.Record source: shared objects file
[0.023s][info][class,load] java.lang.LinkageError source: shared objects file
[0.023s][info][class,load] java.lang.NoClassDefFoundError source: shared objects file
[0.023s][info][class,load] java.lang.ClassCastException source: shared objects file
[0.023s][info][class,load] java.lang.ArrayStoreException source: shared objects file
[0.023s][info][class,load] java.lang.VirtualMachineError source: shared objects file
[0.023s][info][class,load] java.lang.InternalError source: shared objects file
[0.023s][info][class,load] java.lang.OutOfMemoryError source: shared objects file
[0.023s][info][class,load] java.lang.StackOverflowError source: shared objects file
[0.023s][info][class,load] java.lang.IllegalMonitorStateException source: shared objects file
[0.023s][info][class,load] java.lang.ref.Reference source: shared objects file
[0.023s][info][class,load] java.lang.ref.SoftReference source: shared objects file
[0.023s][info][class,load] java.lang.ref.WeakReference source: shared objects file
[0.023s][info][class,load] java.lang.ref.FinalReference source: shared objects file
[0.023s][info][class,load] java.lang.ref.PhantomReference source: shared objects file
[0.023s][info][class,load] java.lang.ref.Finalizer source: shared objects file
[0.023s][info][class,load] java.lang.Runnable source: shared objects file
[0.023s][info][class,load] java.lang.Thread source: shared objects file
[0.023s][info][class,load] java.lang.Thread$FieldHolder source: shared objects file
[0.023s][info][class,load] java.lang.Thread$Constants source: shared objects file
[0.023s][info][class,load] java.lang.Thread$UncaughtExceptionHandler source: shared objects file
[0.023s][info][class,load] java.lang.ThreadGroup source: shared objects file
[0.023s][info][class,load] java.lang.BaseVirtualThread source: shared objects file
[0.023s][info][class,load] java.lang.VirtualThread source: shared objects file
[0.023s][info][class,load] java.lang.ThreadBuilders$BoundVirtualThread source: shared objects file
[0.023s][info][class,load] java.util.Dictionary source: shared objects file
[0.023s][info][class,load] java.util.Map source: shared objects file
[0.023s][info][class,load] java.util.Hashtable source: shared objects file
[0.023s][info][class,load] java.util.Properties source: shared objects file
[0.023s][info][class,load] java.lang.Module source: shared objects file
[0.023s][info][class,load] java.lang.reflect.AccessibleObject source: shared objects file
[0.023s][info][class,load] java.lang.reflect.Member source: shared objects file
[0.023s][info][class,load] java.lang.reflect.Field source: shared objects file
[0.023s][info][class,load] java.lang.reflect.Parameter source: shared objects file
[0.023s][info][class,load] java.lang.reflect.Executable source: shared objects file
[0.023s][info][class,load] java.lang.reflect.Method source: shared objects file
[0.023s][info][class,load] java.lang.reflect.Constructor source: shared objects file
[0.023s][info][class,load] jdk.internal.vm.ContinuationScope source: shared objects file
[0.023s][info][class,load] jdk.internal.vm.Continuation source: shared objects file
[0.023s][info][class,load] jdk.internal.vm.StackChunk source: shared objects file
[0.023s][info][class,load] jdk.internal.reflect.MagicAccessorImpl source: shared objects file
[0.023s][info][class,load] jdk.internal.reflect.MethodAccessor source: shared objects file
[0.023s][info][class,load] jdk.internal.reflect.MethodAccessorImpl source: shared objects file
[0.023s][info][class,load] jdk.internal.reflect.ConstructorAccessor source: shared objects file
[0.024s][info][class,load] jdk.internal.reflect.ConstructorAccessorImpl source: shared objects file
[0.024s][info][class,load] jdk.internal.reflect.DelegatingClassLoader source: shared objects file
[0.024s][info][class,load] jdk.internal.reflect.ConstantPool source: shared objects file
[0.024s][info][class,load] jdk.internal.reflect.FieldAccessor source: shared objects file
[0.024s][info][class,load] jdk.internal.reflect.FieldAccessorImpl source: shared objects file
[0.024s][info][class,load] jdk.internal.reflect.UnsafeFieldAccessorImpl source: shared objects file
[0.024s][info][class,load] jdk.internal.reflect.UnsafeStaticFieldAccessorImpl source: shared objects file
[0.024s][info][class,load] java.lang.annotation.Annotation source: shared objects file
[0.024s][info][class,load] jdk.internal.reflect.CallerSensitive source: shared objects file
[0.024s][info][class,load] jdk.internal.reflect.NativeConstructorAccessorImpl source: shared objects file
[0.024s][info][class,load] java.lang.invoke.MethodHandle source: shared objects file
[0.024s][info][class,load] java.lang.invoke.DirectMethodHandle source: shared objects file
[0.024s][info][class,load] java.lang.invoke.VarHandle source: shared objects file
[0.024s][info][class,load] java.lang.invoke.MemberName source: shared objects file
[0.024s][info][class,load] java.lang.invoke.ResolvedMethodName source: shared objects file
[0.024s][info][class,load] java.lang.invoke.MethodHandleNatives source: shared objects file
[0.024s][info][class,load] java.lang.invoke.LambdaForm source: shared objects file
[0.024s][info][class,load] java.lang.invoke.TypeDescriptor$OfMethod source: shared objects file
[0.024s][info][class,load] java.lang.invoke.MethodType source: shared objects file
[0.024s][info][class,load] java.lang.BootstrapMethodError source: shared objects file
[0.024s][info][class,load] java.lang.invoke.CallSite source: shared objects file
[0.024s][info][class,load] jdk.internal.foreign.abi.NativeEntryPoint source: shared objects file
[0.024s][info][class,load] jdk.internal.foreign.abi.ABIDescriptor source: shared objects file
[0.024s][info][class,load] jdk.internal.foreign.abi.VMStorage source: shared objects file
[0.024s][info][class,load] jdk.internal.foreign.abi.UpcallLinker$CallRegs source: shared objects file
[0.024s][info][class,load] java.lang.invoke.ConstantCallSite source: shared objects file
[0.024s][info][class,load] java.lang.invoke.MutableCallSite source: shared objects file
[0.024s][info][class,load] java.lang.invoke.VolatileCallSite source: shared objects file
[0.024s][info][class,load] java.lang.AssertionStatusDirectives source: shared objects file
[0.024s][info][class,load] java.lang.Appendable source: shared objects file
[0.024s][info][class,load] java.lang.AbstractStringBuilder source: shared objects file
[0.024s][info][class,load] java.lang.StringBuffer source: shared objects file
[0.024s][info][class,load] java.lang.StringBuilder source: shared objects file
[0.024s][info][class,load] jdk.internal.misc.UnsafeConstants source: shared objects file
[0.024s][info][class,load] jdk.internal.misc.Unsafe source: shared objects file
[0.024s][info][class,load] jdk.internal.module.Modules source: shared objects file
[0.024s][info][class,load] java.lang.AutoCloseable source: shared objects file
[0.024s][info][class,load] java.io.Closeable source: shared objects file
[0.024s][info][class,load] java.io.InputStream source: shared objects file
[0.024s][info][class,load] java.io.ByteArrayInputStream source: shared objects file
[0.024s][info][class,load] java.net.URL source: shared objects file
[0.024s][info][class,load] java.lang.Enum source: shared objects file
[0.024s][info][class,load] java.util.jar.Manifest source: shared objects file
[0.024s][info][class,load] jdk.internal.loader.BuiltinClassLoader source: shared objects file
[0.024s][info][class,load] jdk.internal.loader.ClassLoaders source: shared objects file
[0.024s][info][class,load] jdk.internal.loader.ClassLoaders$AppClassLoader source: shared objects file
[0.024s][info][class,load] jdk.internal.loader.ClassLoaders$PlatformClassLoader source: shared objects file
[0.024s][info][class,load] java.security.CodeSource source: shared objects file
[0.024s][info][class,load] java.util.AbstractMap source: shared objects file
[0.024s][info][class,load] java.util.concurrent.ConcurrentMap source: shared objects file
[0.024s][info][class,load] java.util.concurrent.ConcurrentHashMap source: shared objects file
[0.024s][info][class,load] java.lang.Iterable source: shared objects file
[0.024s][info][class,load] java.util.Collection source: shared objects file
[0.024s][info][class,load] java.util.AbstractCollection source: shared objects file
[0.024s][info][class,load] java.util.SequencedCollection source: shared objects file
[0.024s][info][class,load] java.util.List source: shared objects file
[0.024s][info][class,load] java.util.AbstractList source: shared objects file
[0.024s][info][class,load] java.util.RandomAccess source: shared objects file
[0.024s][info][class,load] java.util.ArrayList source: shared objects file
[0.024s][info][class,load] java.lang.StackTraceElement source: shared objects file
[0.024s][info][class,load] java.nio.Buffer source: shared objects file
[0.024s][info][class,load] java.lang.StackWalker source: shared objects file
[0.024s][info][class,load] java.lang.StackStreamFactory$AbstractStackWalker source: shared objects file
[0.024s][info][class,load] java.lang.StackWalker$StackFrame source: shared objects file
[0.024s][info][class,load] java.lang.StackFrameInfo source: shared objects file
[0.024s][info][class,load] java.lang.LiveStackFrame source: shared objects file
[0.024s][info][class,load] java.lang.LiveStackFrameInfo source: shared objects file
[0.024s][info][class,load] java.util.concurrent.locks.AbstractOwnableSynchronizer source: shared objects file
[0.024s][info][class,load] java.lang.Boolean source: shared objects file
[0.024s][info][class,load] java.lang.Character source: shared objects file
[0.024s][info][class,load] java.lang.Number source: shared objects file
[0.024s][info][class,load] java.lang.Float source: shared objects file
[0.024s][info][class,load] java.lang.Double source: shared objects file
[0.024s][info][class,load] java.lang.Byte source: shared objects file
[0.024s][info][class,load] java.lang.Short source: shared objects file
[0.024s][info][class,load] java.lang.Integer source: shared objects file
[0.024s][info][class,load] java.lang.Long source: shared objects file
[0.024s][info][class,load] java.util.Iterator source: shared objects file
[0.024s][info][class,load] java.lang.reflect.RecordComponent source: shared objects file
[0.024s][info][class,load] jdk.internal.vm.vector.VectorSupport source: shared objects file
[0.025s][info][class,load] jdk.internal.vm.vector.VectorSupport$VectorPayload source: shared objects file
[0.025s][info][class,load] jdk.internal.vm.vector.VectorSupport$Vector source: shared objects file
[0.025s][info][class,load] jdk.internal.vm.vector.VectorSupport$VectorMask source: shared objects file
[0.025s][info][class,load] jdk.internal.vm.vector.VectorSupport$VectorShuffle source: shared objects file
[0.025s][info][class,load] jdk.internal.vm.FillerObject source: shared objects file
[0.026s][info][class,load] java.lang.NullPointerException source: shared objects file
[0.026s][info][class,load] java.lang.ArithmeticException source: shared objects file
[0.027s][info][class,load] java.io.ObjectStreamField source: shared objects file
[0.027s][info][class,load] java.util.Comparator source: shared objects file
[0.027s][info][class,load] java.lang.String$CaseInsensitiveComparator source: shared objects file
[0.027s][info][class,load] jdk.internal.misc.VM source: shared objects file
[0.027s][info][class,load] java.lang.Module$ArchivedData source: shared objects file
[0.027s][info][class,load] jdk.internal.misc.CDS source: shared objects file
[0.027s][info][class,load] java.util.Set source: shared objects file
[0.027s][info][class,load] java.util.ImmutableCollections$AbstractImmutableCollection source: shared objects file
[0.027s][info][class,load] java.util.ImmutableCollections$AbstractImmutableSet source: shared objects file
[0.027s][info][class,load] java.util.ImmutableCollections$Set12 source: shared objects file
[0.027s][info][class,load] java.util.Objects source: shared objects file
[0.027s][info][class,load] java.util.ImmutableCollections source: shared objects file
[0.027s][info][class,load] java.util.ImmutableCollections$AbstractImmutableList source: shared objects file
[0.028s][info][class,load] java.util.ImmutableCollections$ListN source: shared objects file
[0.028s][info][class,load] java.util.ImmutableCollections$SetN source: shared objects file
[0.028s][info][class,load] java.util.ImmutableCollections$AbstractImmutableMap source: shared objects file
[0.028s][info][class,load] java.util.ImmutableCollections$MapN source: shared objects file
[0.028s][info][class,load] jdk.internal.access.JavaLangReflectAccess source: shared objects file
[0.028s][info][class,load] java.lang.reflect.ReflectAccess source: shared objects file
[0.028s][info][class,load] jdk.internal.access.SharedSecrets source: shared objects file
[0.028s][info][class,load] java.security.PrivilegedAction source: shared objects file
[0.028s][info][class,load] jdk.internal.reflect.ReflectionFactory$GetReflectionFactoryAction source: shared objects file
[0.028s][info][class,load] jdk.internal.reflect.Reflection source: shared objects file
[0.028s][info][class,load] java.lang.StringLatin1 source: shared objects file
[0.028s][info][class,load] java.lang.Math source: shared objects file
[0.028s][info][class,load] jdk.internal.reflect.ReflectionFactory source: shared objects file
[0.028s][info][class,load] jdk.internal.reflect.ReflectionFactory$Config source: shared objects file
[0.028s][info][class,load] jdk.internal.access.JavaLangRefAccess source: shared objects file
[0.028s][info][class,load] java.lang.ref.Reference$1 source: shared objects file
[0.028s][info][class,load] java.lang.ref.ReferenceQueue source: shared objects file
[0.028s][info][class,load] java.lang.ref.NativeReferenceQueue source: shared objects file
[0.028s][info][class,load] java.lang.ref.ReferenceQueue$Null source: shared objects file
[0.028s][info][class,load] java.lang.ref.NativeReferenceQueue$Lock source: shared objects file
[0.028s][info][class,load] jdk.internal.access.JavaLangAccess source: shared objects file
[0.028s][info][class,load] java.lang.System$2 source: shared objects file
[0.028s][info][class,load] jdk.internal.util.SystemProps source: shared objects file
[0.028s][info][class,load] jdk.internal.util.SystemProps$Raw source: shared objects file
[0.034s][info][class,load] java.nio.charset.Charset source: shared objects file
[0.034s][info][class,load] java.nio.charset.spi.CharsetProvider source: shared objects file
[0.034s][info][class,load] sun.nio.cs.StandardCharsets source: shared objects file
[0.035s][info][class,load] jdk.internal.util.Preconditions source: shared objects file
[0.035s][info][class,load] java.util.function.Function source: shared objects file
[0.035s][info][class,load] jdk.internal.util.Preconditions$1 source: shared objects file
[0.035s][info][class,load] java.util.function.BiFunction source: shared objects file
[0.035s][info][class,load] jdk.internal.util.Preconditions$4 source: shared objects file
[0.035s][info][class,load] jdk.internal.util.Preconditions$2 source: shared objects file
[0.035s][info][class,load] jdk.internal.util.Preconditions$3 source: shared objects file
[0.035s][info][class,load] java.util.Arrays source: shared objects file
[0.035s][info][class,load] sun.util.PreHashedMap source: shared objects file
[0.035s][info][class,load] sun.nio.cs.StandardCharsets$Aliases source: shared objects file
[0.035s][info][class,load] jdk.internal.util.ArraysSupport source: shared objects file
[0.035s][info][class,load] sun.nio.cs.StandardCharsets$Cache source: shared objects file
[0.035s][info][class,load] sun.nio.cs.HistoricallyNamedCharset source: shared objects file
[0.035s][info][class,load] sun.nio.cs.Unicode source: shared objects file
[0.035s][info][class,load] sun.nio.cs.UTF_8 source: shared objects file
[0.035s][info][class,load] sun.nio.cs.ISO_8859_1 source: shared objects file
[0.035s][info][class,load] sun.nio.cs.US_ASCII source: shared objects file
[0.035s][info][class,load] java.nio.charset.StandardCharsets source: shared objects file
[0.035s][info][class,load] sun.nio.cs.UTF_16BE source: shared objects file
[0.035s][info][class,load] sun.nio.cs.UTF_16LE source: shared objects file
[0.035s][info][class,load] sun.nio.cs.UTF_16 source: shared objects file
[0.036s][info][class,load] sun.nio.cs.StandardCharsets$Classes source: shared objects file
[0.036s][info][class,load] sun.nio.cs.GBK source: jrt:/java.base
[0.036s][info][class,load] java.lang.Class$ReflectionData source: shared objects file
[0.036s][info][class,load] java.lang.Class$Atomic source: shared objects file
[0.036s][info][class,load] java.lang.Class$1 source: shared objects file
[0.036s][info][class,load] java.lang.reflect.Modifier source: shared objects file
[0.036s][info][class,load] jdk.internal.reflect.MethodHandleAccessorFactory source: shared objects file
[0.036s][info][class,load] jdk.internal.reflect.DirectConstructorHandleAccessor source: shared objects file
[0.036s][info][class,load] jdk.internal.reflect.DirectConstructorHandleAccessor$NativeAccessor source: shared objects file
[0.036s][info][class,load] sun.nio.cs.DelegatableDecoder source: jrt:/java.base
[0.036s][info][class,load] sun.nio.cs.ArrayDecoder source: shared objects file
[0.036s][info][class,load] java.nio.charset.CharsetDecoder source: shared objects file
[0.036s][info][class,load] sun.nio.cs.DoubleByte$Decoder source: jrt:/java.base
[0.037s][info][class,load] sun.nio.cs.GBK$DecodeHolder source: jrt:/java.base
[0.037s][info][class,load] sun.nio.cs.DoubleByte source: jrt:/java.base
[0.037s][info][class,load] java.lang.StringUTF16 source: shared objects file
[0.038s][info][class,load] java.nio.charset.CodingErrorAction source: shared objects file
[0.038s][info][class,load] java.lang.StringCoding source: shared objects file
[0.039s][info][class,load] java.util.HashMap source: shared objects file
[0.039s][info][class,load] java.util.Map$Entry source: shared objects file
[0.039s][info][class,load] java.util.HashMap$Node source: shared objects file
[0.039s][info][class,load] java.util.LinkedHashMap$Entry source: shared objects file
[0.039s][info][class,load] java.util.HashMap$TreeNode source: shared objects file
[0.039s][info][class,load] java.lang.StringConcatHelper source: shared objects file
[0.039s][info][class,load] java.lang.VersionProps source: shared objects file
[0.039s][info][class,load] java.lang.Runtime source: shared objects file
[0.039s][info][class,load] java.lang.CharacterData source: shared objects file
[0.039s][info][class,load] java.lang.CharacterDataLatin1 source: shared objects file
[0.039s][info][class,load] java.util.concurrent.locks.Lock source: shared objects file
[0.039s][info][class,load] java.util.concurrent.locks.ReentrantLock source: shared objects file
[0.039s][info][class,load] java.util.concurrent.ConcurrentHashMap$Segment source: shared objects file
[0.039s][info][class,load] java.util.concurrent.ConcurrentHashMap$CounterCell source: shared objects file
[0.039s][info][class,load] java.util.concurrent.ConcurrentHashMap$Node source: shared objects file
[0.039s][info][class,load] java.util.concurrent.locks.LockSupport source: shared objects file
[0.039s][info][class,load] java.util.concurrent.ConcurrentHashMap$ReservationNode source: shared objects file
[0.039s][info][class,load] java.util.AbstractSet source: shared objects file
[0.039s][info][class,load] java.util.HashMap$EntrySet source: shared objects file
[0.039s][info][class,load] java.util.HashMap$HashIterator source: shared objects file
[0.039s][info][class,load] java.util.HashMap$EntryIterator source: shared objects file
[0.040s][info][class,load] jdk.internal.util.StaticProperty source: shared objects file
[0.040s][info][class,load] java.io.FileInputStream source: shared objects file
[0.040s][info][class,load] java.io.FileDescriptor source: shared objects file
[0.040s][info][class,load] jdk.internal.access.JavaIOFileDescriptorAccess source: shared objects file
[0.040s][info][class,load] java.io.FileDescriptor$1 source: shared objects file
[0.040s][info][class,load] java.io.Flushable source: shared objects file
[0.040s][info][class,load] java.io.OutputStream source: shared objects file
[0.040s][info][class,load] java.io.FileOutputStream source: shared objects file
[0.040s][info][class,load] java.io.FilterInputStream source: shared objects file
[0.040s][info][class,load] java.io.BufferedInputStream source: shared objects file
[0.040s][info][class,load] jdk.internal.misc.InternalLock source: shared objects file
[0.040s][info][class,load] java.util.concurrent.locks.AbstractQueuedSynchronizer source: shared objects file
[0.040s][info][class,load] java.util.concurrent.locks.ReentrantLock$Sync source: shared objects file
[0.040s][info][class,load] java.util.concurrent.locks.ReentrantLock$NonfairSync source: shared objects file
[0.040s][info][class,load] java.io.FilterOutputStream source: shared objects file
[0.040s][info][class,load] java.io.PrintStream source: shared objects file
[0.040s][info][class,load] jdk.internal.access.JavaIOPrintStreamAccess source: shared objects file
[0.040s][info][class,load] java.io.PrintStream$1 source: shared objects file
[0.040s][info][class,load] java.io.BufferedOutputStream source: shared objects file
[0.040s][info][class,load] java.io.Writer source: shared objects file
[0.040s][info][class,load] java.io.OutputStreamWriter source: shared objects file
[0.040s][info][class,load] sun.nio.cs.StreamEncoder source: shared objects file
[0.040s][info][class,load] sun.nio.cs.ArrayEncoder source: shared objects file
[0.040s][info][class,load] java.nio.charset.CharsetEncoder source: shared objects file
[0.040s][info][class,load] sun.nio.cs.DoubleByte$Encoder source: jrt:/java.base
[0.040s][info][class,load] sun.nio.cs.GBK$EncodeHolder source: jrt:/java.base
[0.042s][info][class,load] java.nio.ByteBuffer source: shared objects file
[0.043s][info][class,load] jdk.internal.misc.ScopedMemoryAccess source: shared objects file
[0.043s][info][class,load] java.nio.Buffer$1 source: shared objects file
[0.043s][info][class,load] jdk.internal.access.JavaNioAccess source: shared objects file
[0.043s][info][class,load] java.nio.Buffer$2 source: shared objects file
[0.043s][info][class,load] java.nio.HeapByteBuffer source: shared objects file
[0.043s][info][class,load] java.nio.ByteOrder source: shared objects file
[0.043s][info][class,load] java.lang.Readable source: shared objects file
[0.043s][info][class,load] java.nio.CharBuffer source: shared objects file
[0.043s][info][class,load] java.nio.HeapCharBuffer source: shared objects file
[0.043s][info][class,load] java.nio.charset.CoderResult source: shared objects file
[0.043s][info][class,load] java.io.BufferedWriter source: shared objects file
[0.043s][info][class,load] java.lang.Terminator source: shared objects file
[0.043s][info][class,load] jdk.internal.misc.Signal$Handler source: shared objects file
[0.043s][info][class,load] java.lang.Terminator$1 source: shared objects file
[0.043s][info][class,load] jdk.internal.misc.Signal source: shared objects file
[0.043s][info][class,load] java.util.Hashtable$Entry source: shared objects file
[0.043s][info][class,load] jdk.internal.misc.Signal$NativeHandler source: shared objects file
[0.043s][info][class,load] java.lang.Integer$IntegerCache source: shared objects file
[0.043s][info][class,load] jdk.internal.misc.OSEnvironment source: shared objects file
[0.043s][info][class,load] sun.io.Win32ErrorMode source: shared objects file
[0.043s][info][class,load] java.lang.Thread$State source: shared objects file
[0.043s][info][class,load] java.lang.ref.Reference$ReferenceHandler source: shared objects file
[0.043s][info][class,load] java.lang.Thread$ThreadIdentifiers source: shared objects file
[0.044s][info][class,load] java.lang.ref.Finalizer$FinalizerThread source: shared objects file
[0.044s][info][class,load] java.util.Collections source: shared objects file
[0.044s][info][class,load] java.util.Collections$EmptySet source: shared objects file
[0.044s][info][class,load] java.util.Collections$EmptyList source: shared objects file
[0.044s][info][class,load] java.util.Collections$EmptyMap source: shared objects file
[0.044s][info][class,load] java.lang.IllegalArgumentException source: shared objects file
[0.044s][info][class,load] jdk.internal.ref.Cleaner source: shared objects file
[0.044s][info][class,load] jdk.internal.misc.Blocker source: shared objects file
[0.044s][info][class,load] java.util.concurrent.locks.Condition source: shared objects file
[0.044s][info][class,load] java.util.concurrent.locks.AbstractQueuedSynchronizer$ConditionObject source: shared objects file
[0.044s][info][class,load] java.lang.invoke.MethodHandleStatics source: shared objects file
[0.044s][info][class,load] java.lang.reflect.ClassFileFormatVersion source: shared objects file
[0.044s][info][class,load] sun.security.action.GetPropertyAction source: shared objects file
[0.045s][info][class,load] jdk.internal.util.ClassFileDumper source: shared objects file
[0.045s][info][class,load] java.util.HexFormat source: shared objects file
[0.045s][info][class,load] java.lang.Character$CharacterCache source: shared objects file
[0.045s][info][class,load] java.util.concurrent.atomic.AtomicInteger source: shared objects file
[0.045s][info][class,load] jdk.internal.module.ModuleBootstrap source: shared objects file
[0.045s][info][class,load] java.lang.module.ModuleDescriptor source: shared objects file
[0.045s][info][class,load] java.lang.invoke.MethodHandles source: shared objects file
[0.045s][info][class,load] java.lang.invoke.MemberName$Factory source: shared objects file
[0.045s][info][class,load] java.lang.invoke.MethodHandles$Lookup source: shared objects file
[0.045s][info][class,load] java.lang.StrictMath source: shared objects file
[0.045s][info][class,load] java.util.ImmutableCollections$MapN$1 source: shared objects file
[0.045s][info][class,load] java.util.ImmutableCollections$MapN$MapNIterator source: shared objects file
[0.045s][info][class,load] java.util.KeyValueHolder source: shared objects file
[0.045s][info][class,load] sun.invoke.util.VerifyAccess source: shared objects file
[0.045s][info][class,load] jdk.internal.access.JavaLangModuleAccess source: shared objects file
[0.045s][info][class,load] java.lang.module.ModuleDescriptor$1 source: shared objects file
[0.045s][info][class,load] java.io.File source: shared objects file
[0.045s][info][class,load] java.io.DefaultFileSystem source: shared objects file
[0.045s][info][class,load] java.io.FileSystem source: shared objects file
[0.045s][info][class,load] java.io.WinNTFileSystem source: shared objects file
[0.046s][info][class,load] jdk.internal.module.ModulePatcher source: shared objects file
[0.046s][info][class,load] java.util.HashSet source: shared objects file
[0.046s][info][class,load] jdk.internal.module.ModuleBootstrap$Counters source: shared objects file
[0.046s][info][class,load] jdk.internal.module.ArchivedBootLayer source: shared objects file
[0.046s][info][class,load] jdk.internal.module.ArchivedModuleGraph source: shared objects file
[0.046s][info][class,load] jdk.internal.module.SystemModuleFinders source: shared objects file
[0.046s][info][class,load] java.net.URI source: shared objects file
[0.046s][info][class,load] jdk.internal.access.JavaNetUriAccess source: shared objects file
[0.046s][info][class,load] java.net.URI$1 source: shared objects file
[0.046s][info][class,load] jdk.internal.module.SystemModulesMap source: shared objects file
[0.046s][info][class,load] jdk.internal.module.SystemModules source: shared objects file
[0.047s][info][class,load] jdk.internal.module.SystemModules$default source: shared objects file
[0.047s][info][class,load] jdk.internal.module.Builder source: shared objects file
[0.047s][info][class,load] java.lang.module.ModuleDescriptor$Requires source: shared objects file
[0.047s][info][class,load] java.lang.module.ModuleDescriptor$Exports source: shared objects file
[0.047s][info][class,load] java.util.ImmutableCollections$SetN$SetNIterator source: shared objects file
[0.047s][info][class,load] java.lang.module.ModuleDescriptor$Opens source: shared objects file
[0.047s][info][class,load] java.lang.module.ModuleDescriptor$Provides source: shared objects file
[0.047s][info][class,load] java.util.ImmutableCollections$List12 source: shared objects file
[0.047s][info][class,load] java.lang.module.ModuleDescriptor$Version source: shared objects file
[0.047s][info][class,load] java.lang.module.ModuleDescriptor$Modifier source: shared objects file
[0.048s][info][class,load] java.lang.reflect.AccessFlag source: shared objects file
[0.048s][info][class,load] java.lang.reflect.AccessFlag$Location source: shared objects file
[0.048s][info][class,load] java.lang.reflect.AccessFlag$1 source: shared objects file
[0.048s][info][class,load] java.lang.reflect.AccessFlag$2 source: shared objects file
[0.048s][info][class,load] java.lang.reflect.AccessFlag$3 source: shared objects file
[0.048s][info][class,load] java.lang.reflect.AccessFlag$4 source: shared objects file
[0.048s][info][class,load] java.lang.reflect.AccessFlag$5 source: shared objects file
[0.048s][info][class,load] java.lang.reflect.AccessFlag$6 source: shared objects file
[0.048s][info][class,load] java.lang.reflect.AccessFlag$7 source: shared objects file
[0.048s][info][class,load] java.lang.reflect.AccessFlag$8 source: shared objects file
[0.048s][info][class,load] java.lang.reflect.AccessFlag$9 source: shared objects file
[0.048s][info][class,load] java.lang.reflect.AccessFlag$10 source: shared objects file
[0.048s][info][class,load] java.lang.reflect.AccessFlag$11 source: shared objects file
[0.048s][info][class,load] java.lang.reflect.AccessFlag$12 source: shared objects file
[0.048s][info][class,load] java.lang.reflect.AccessFlag$13 source: shared objects file
[0.048s][info][class,load] java.lang.reflect.AccessFlag$14 source: shared objects file
[0.048s][info][class,load] java.lang.reflect.AccessFlag$15 source: shared objects file
[0.048s][info][class,load] java.lang.reflect.AccessFlag$16 source: shared objects file
[0.048s][info][class,load] java.lang.reflect.AccessFlag$17 source: shared objects file
[0.048s][info][class,load] java.lang.reflect.AccessFlag$18 source: shared objects file
[0.048s][info][class,load] java.lang.module.ModuleDescriptor$Requires$Modifier source: shared objects file
[0.049s][info][class,load] java.util.ImmutableCollections$Set12$1 source: shared objects file
[0.050s][info][class,load] jdk.internal.module.ModuleTarget source: shared objects file
[0.050s][info][class,load] jdk.internal.module.ModuleHashes source: shared objects file
[0.050s][info][class,load] jdk.internal.module.ModuleHashes$Builder source: shared objects file
[0.050s][info][class,load] java.util.Collections$UnmodifiableMap source: shared objects file
[0.050s][info][class,load] jdk.internal.module.ModuleResolution source: shared objects file
[0.050s][info][class,load] java.lang.module.ModuleReference source: shared objects file
[0.050s][info][class,load] java.util.function.Supplier source: shared objects file
[0.050s][info][class,load] jdk.internal.module.SystemModuleFinders$2 source: shared objects file
[0.050s][info][class,load] jdk.internal.module.ModuleReferenceImpl source: shared objects file
[0.050s][info][class,load] jdk.internal.module.ModuleHashes$HashSupplier source: shared objects file
[0.050s][info][class,load] jdk.internal.module.SystemModuleFinders$3 source: shared objects file
[0.051s][info][class,load] java.lang.module.ModuleFinder source: shared objects file
[0.051s][info][class,load] jdk.internal.module.SystemModuleFinders$SystemModuleFinder source: shared objects file
[0.051s][info][class,load] java.util.Optional source: shared objects file
[0.051s][info][class,load] jdk.internal.loader.BootLoader source: shared objects file
[0.051s][info][class,load] java.lang.Module$EnableNativeAccess source: shared objects file
[0.051s][info][class,load] jdk.internal.loader.NativeLibraries source: shared objects file
[0.051s][info][class,load] jdk.internal.loader.ClassLoaderHelper source: shared objects file
[0.051s][info][class,load] java.util.concurrent.ConcurrentHashMap$CollectionView source: shared objects file
[0.051s][info][class,load] java.util.concurrent.ConcurrentHashMap$KeySetView source: shared objects file
[0.051s][info][class,load] jdk.internal.loader.ArchivedClassLoaders source: shared objects file
[0.051s][info][class,load] jdk.internal.loader.ClassLoaders$BootClassLoader source: shared objects file
[0.051s][info][class,load] java.security.cert.Certificate source: shared objects file
[0.051s][info][class,load] java.lang.ClassLoader$ParallelLoaders source: shared objects file
[0.051s][info][class,load] java.util.WeakHashMap source: shared objects file
[0.051s][info][class,load] java.util.WeakHashMap$Entry source: shared objects file
[0.051s][info][class,load] java.util.Collections$SetFromMap source: shared objects file
[0.051s][info][class,load] java.util.WeakHashMap$KeySet source: shared objects file
[0.052s][info][class,load] jdk.internal.access.JavaSecurityAccess source: shared objects file
[0.052s][info][class,load] java.security.ProtectionDomain$JavaSecurityAccessImpl source: shared objects file
[0.052s][info][class,load] java.security.ProtectionDomain$Key source: shared objects file
[0.052s][info][class,load] java.security.Principal source: shared objects file
[0.052s][info][class,load] jdk.internal.loader.URLClassPath source: shared objects file
[0.052s][info][class,load] java.net.URLStreamHandlerFactory source: shared objects file
[0.052s][info][class,load] java.net.URL$DefaultFactory source: shared objects file
[0.052s][info][class,load] jdk.internal.access.JavaNetURLAccess source: shared objects file
[0.052s][info][class,load] java.net.URL$3 source: shared objects file
[0.052s][info][class,load] java.io.File$PathStatus source: shared objects file
[0.053s][info][class,load] sun.net.www.ParseUtil source: shared objects file
[0.054s][info][class,load] java.net.URLStreamHandler source: shared objects file
[0.054s][info][class,load] sun.net.www.protocol.file.Handler source: shared objects file
[0.054s][info][class,load] sun.net.util.IPAddressUtil source: shared objects file
[0.054s][info][class,load] sun.net.util.IPAddressUtil$MASKS source: shared objects file
[0.129s][info][class,load] java.util.Queue source: shared objects file
[0.130s][info][class,load] java.util.Deque source: shared objects file
[0.130s][info][class,load] java.util.ArrayDeque source: shared objects file
[0.130s][info][class,load] sun.net.www.protocol.jar.Handler source: shared objects file
[0.130s][info][class,load] jdk.internal.module.ServicesCatalog source: shared objects file
[0.130s][info][class,load] jdk.internal.loader.AbstractClassLoaderValue source: shared objects file
[0.130s][info][class,load] jdk.internal.loader.ClassLoaderValue source: shared objects file
[0.130s][info][class,load] jdk.internal.loader.BuiltinClassLoader$LoadedModule source: shared objects file
[0.130s][info][class,load] java.lang.module.Configuration source: shared objects file
[0.131s][info][class,load] java.lang.module.ResolvedModule source: shared objects file
[0.131s][info][class,load] java.util.AbstractMap$1 source: shared objects file
[0.131s][info][class,load] java.util.AbstractMap$1$1 source: shared objects file
[0.131s][info][class,load] jdk.internal.module.ModuleLoaderMap source: shared objects file
[0.131s][info][class,load] jdk.internal.module.ModuleLoaderMap$Mapper source: shared objects file
[0.131s][info][class,load] jdk.internal.module.ModuleLoaderMap$Modules source: shared objects file
[0.132s][info][class,load] java.lang.ModuleLayer source: shared objects file
[0.132s][info][class,load] java.util.ListIterator source: shared objects file
[0.132s][info][class,load] java.util.ImmutableCollections$ListItr source: shared objects file
[0.134s][info][class,load] jdk.internal.loader.AbstractClassLoaderValue$Memoizer source: shared objects file
[0.134s][info][class,load] jdk.internal.module.ServicesCatalog$ServiceProvider source: shared objects file
[0.134s][info][class,load] java.util.concurrent.CopyOnWriteArrayList source: shared objects file
[0.134s][info][class,load] java.util.HashMap$KeySet source: shared objects file
[0.134s][info][class,load] java.util.HashMap$KeyIterator source: shared objects file
[0.134s][info][class,load] java.lang.ModuleLayer$Controller source: shared objects file
[0.135s][info][class,load] java.lang.invoke.StringConcatFactory source: shared objects file
[0.135s][info][class,load] sun.launcher.LauncherHelper source: shared objects file
[0.135s][info][class,load] sun.net.util.URLUtil source: shared objects file
[0.135s][info][class,load] java.security.PrivilegedExceptionAction source: shared objects file
[0.135s][info][class,load] jdk.internal.loader.URLClassPath$3 source: shared objects file
[0.135s][info][class,load] jdk.internal.loader.URLClassPath$Loader source: shared objects file
[0.135s][info][class,load] jdk.internal.loader.URLClassPath$JarLoader source: shared objects file
[0.136s][info][class,load] java.util.zip.ZipConstants source: shared objects file
[0.136s][info][class,load] java.util.zip.ZipFile source: shared objects file
[0.136s][info][class,load] jdk.internal.access.JavaUtilZipFileAccess source: shared objects file
[0.136s][info][class,load] java.util.zip.ZipFile$1 source: shared objects file
[0.136s][info][class,load] jdk.internal.loader.URLClassPath$JarLoader$1 source: shared objects file
[0.136s][info][class,load] jdk.internal.loader.FileURLMapper source: shared objects file
[0.136s][info][class,load] java.util.concurrent.ForkJoinWorkerThread source: shared objects file
[0.136s][info][class,load] jdk.internal.misc.CarrierThread source: shared objects file
[0.136s][info][class,load] java.util.jar.JarFile source: shared objects file
[0.136s][info][class,load] jdk.internal.access.JavaUtilJarAccess source: shared objects file
[0.136s][info][class,load] java.util.jar.JavaUtilJarAccessImpl source: shared objects file
[0.136s][info][class,load] java.lang.Runtime$Version source: shared objects file
[0.136s][info][class,load] java.util.zip.ZipFile$CleanableResource source: shared objects file
[0.136s][info][class,load] java.util.zip.ZipCoder source: shared objects file
[0.137s][info][class,load] java.util.zip.ZipCoder$UTF8ZipCoder source: shared objects file
[0.137s][info][class,load] jdk.internal.ref.CleanerFactory source: shared objects file
[0.137s][info][class,load] java.util.concurrent.ThreadFactory source: shared objects file
[0.137s][info][class,load] jdk.internal.ref.CleanerFactory$1 source: shared objects file
[0.137s][info][class,load] java.lang.ref.Cleaner source: shared objects file
[0.137s][info][class,load] java.lang.ref.Cleaner$1 source: shared objects file
[0.137s][info][class,load] jdk.internal.ref.CleanerImpl source: shared objects file
[0.137s][info][class,load] java.lang.ref.Cleaner$Cleanable source: shared objects file
[0.137s][info][class,load] jdk.internal.ref.PhantomCleanable source: shared objects file
[0.137s][info][class,load] jdk.internal.ref.CleanerImpl$PhantomCleanableRef source: shared objects file
[0.137s][info][class,load] jdk.internal.ref.CleanerImpl$CleanerCleanable source: shared objects file
[0.137s][info][class,load] jdk.internal.misc.InnocuousThread source: shared objects file
[0.137s][info][class,load] java.util.zip.ZipFile$Source source: shared objects file
[0.137s][info][class,load] sun.nio.fs.DefaultFileSystemProvider source: shared objects file
[0.137s][info][class,load] java.nio.file.spi.FileSystemProvider source: shared objects file
[0.137s][info][class,load] sun.nio.fs.AbstractFileSystemProvider source: shared objects file
[0.137s][info][class,load] sun.nio.fs.WindowsFileSystemProvider source: shared objects file
[0.137s][info][class,load] java.util.concurrent.TimeUnit source: shared objects file
[0.137s][info][class,load] java.nio.file.OpenOption source: shared objects file
[0.137s][info][class,load] java.nio.file.StandardOpenOption source: shared objects file
[0.137s][info][class,load] java.util.concurrent.locks.AbstractQueuedSynchronizer$Node source: shared objects file
[0.137s][info][class,load] java.nio.file.FileSystem source: shared objects file
[0.137s][info][class,load] java.util.concurrent.locks.AbstractQueuedSynchronizer$ExclusiveNode source: shared objects file
[0.137s][info][class,load] sun.nio.fs.WindowsFileSystem source: shared objects file
[0.137s][info][class,load] java.util.concurrent.ForkJoinPool$ManagedBlocker source: shared objects file
[0.137s][info][class,load] java.util.concurrent.locks.AbstractQueuedSynchronizer$ConditionNode source: shared objects file
[0.137s][info][class,load] sun.nio.fs.WindowsPathParser source: shared objects file
[0.137s][info][class,load] sun.nio.fs.WindowsPathType source: shared objects file
[0.137s][info][class,load] sun.nio.fs.WindowsPathParser$Result source: shared objects file
[0.138s][info][class,load] java.util.zip.ZipFile$Source$Key source: shared objects file
[0.138s][info][class,load] java.nio.file.Watchable source: shared objects file
[0.138s][info][class,load] java.nio.file.Path source: shared objects file
[0.138s][info][class,load] sun.nio.fs.WindowsPath source: shared objects file
[0.138s][info][class,load] java.nio.file.attribute.BasicFileAttributes source: shared objects file
[0.138s][info][class,load] java.nio.file.CopyOption source: shared objects file
[0.138s][info][class,load] java.nio.file.LinkOption source: shared objects file
[0.138s][info][class,load] java.nio.file.Files source: shared objects file
[0.138s][info][class,load] java.nio.file.attribute.AttributeView source: shared objects file
[0.138s][info][class,load] java.nio.file.attribute.FileAttributeView source: shared objects file
[0.138s][info][class,load] java.nio.file.attribute.BasicFileAttributeView source: shared objects file
[0.138s][info][class,load] sun.nio.fs.Util source: shared objects file
[0.138s][info][class,load] sun.nio.fs.WindowsFileAttributeViews source: shared objects file
[0.138s][info][class,load] sun.nio.fs.DynamicFileAttributeView source: shared objects file
[0.138s][info][class,load] sun.nio.fs.AbstractBasicFileAttributeView source: shared objects file
[0.138s][info][class,load] sun.nio.fs.WindowsFileAttributeViews$Basic source: shared objects file
[0.138s][info][class,load] java.nio.file.attribute.DosFileAttributes source: shared objects file
[0.138s][info][class,load] sun.nio.fs.WindowsFileAttributes source: shared objects file
[0.138s][info][class,load] sun.nio.fs.NativeBuffers source: shared objects file
[0.138s][info][class,load] java.lang.ThreadLocal source: shared objects file
[0.138s][info][class,load] jdk.internal.misc.CarrierThreadLocal source: shared objects file
[0.138s][info][class,load] jdk.internal.misc.TerminatingThreadLocal source: shared objects file
[0.138s][info][class,load] sun.nio.fs.NativeBuffers$1 source: shared objects file
[0.138s][info][class,load] jdk.internal.misc.TerminatingThreadLocal$1 source: shared objects file
[0.138s][info][class,load] java.lang.ThreadLocal$ThreadLocalMap source: shared objects file
[0.138s][info][class,load] java.lang.ThreadLocal$ThreadLocalMap$Entry source: shared objects file
[0.138s][info][class,load] java.util.IdentityHashMap source: shared objects file
[0.138s][info][class,load] java.util.IdentityHashMap$KeySet source: shared objects file
[0.138s][info][class,load] sun.nio.fs.NativeBuffer source: shared objects file
[0.138s][info][class,load] sun.nio.fs.NativeBuffer$Deallocator source: shared objects file
[0.138s][info][class,load] sun.nio.fs.WindowsNativeDispatcher source: shared objects file
[0.139s][info][class,load] jdk.internal.loader.NativeLibraries$LibraryPaths source: shared objects file
[0.139s][info][class,load] jdk.internal.loader.NativeLibraries$1 source: shared objects file
[0.140s][info][class,load] jdk.internal.loader.NativeLibraries$2 source: shared objects file
[0.140s][info][class,load] jdk.internal.loader.NativeLibraries$CountedLock source: shared objects file
[0.140s][info][class,load] jdk.internal.loader.NativeLibraries$NativeLibraryContext source: shared objects file
[0.140s][info][class,load] jdk.internal.loader.NativeLibraries$NativeLibraryContext$1 source: shared objects file
[0.140s][info][class,load] java.util.ArrayDeque$DeqIterator source: shared objects file
[0.140s][info][class,load] jdk.internal.loader.NativeLibrary source: shared objects file
[0.140s][info][class,load] jdk.internal.loader.NativeLibraries$NativeLibraryImpl source: shared objects file
[0.142s][info][class,load] jdk.internal.loader.NativeLibraries$3 source: shared objects file
[0.143s][info][class,load] java.util.concurrent.ConcurrentHashMap$ValuesView source: shared objects file
[0.143s][info][class,load] java.util.concurrent.ConcurrentHashMap$Traverser source: shared objects file
[0.143s][info][class,load] java.util.concurrent.ConcurrentHashMap$BaseIterator source: shared objects file
[0.143s][info][class,load] java.util.Enumeration source: shared objects file
[0.143s][info][class,load] java.util.concurrent.ConcurrentHashMap$ValueIterator source: shared objects file
[0.143s][info][class,load] sun.nio.fs.WindowsNativeDispatcher$FirstFile source: shared objects file
[0.143s][info][class,load] sun.nio.fs.WindowsNativeDispatcher$FirstStream source: shared objects file
[0.143s][info][class,load] sun.nio.fs.WindowsNativeDispatcher$VolumeInformation source: shared objects file
[0.143s][info][class,load] sun.nio.fs.WindowsNativeDispatcher$DiskFreeSpace source: shared objects file
[0.143s][info][class,load] sun.nio.fs.WindowsNativeDispatcher$Account source: shared objects file
[0.143s][info][class,load] sun.nio.fs.WindowsNativeDispatcher$AclInformation source: shared objects file
[0.143s][info][class,load] sun.nio.fs.WindowsNativeDispatcher$CompletionStatus source: shared objects file
[0.144s][info][class,load] java.io.DataOutput source: shared objects file
[0.144s][info][class,load] java.io.DataInput source: shared objects file
[0.144s][info][class,load] java.io.RandomAccessFile source: shared objects file
[0.144s][info][class,load] jdk.internal.access.JavaIORandomAccessFileAccess source: shared objects file
[0.144s][info][class,load] java.io.RandomAccessFile$2 source: shared objects file
[0.144s][info][class,load] java.io.FileCleanable source: shared objects file
[0.144s][info][class,load] java.util.zip.ZipFile$Source$End source: shared objects file
[0.144s][info][class,load] java.util.zip.ZipUtils source: shared objects file
[0.144s][info][class,load] java.nio.file.attribute.FileTime source: shared objects file
[0.144s][info][class,load] java.util.Locale source: shared objects file
[0.144s][info][class,load] sun.util.locale.BaseLocale source: shared objects file
[0.144s][info][class,load] sun.util.locale.LocaleUtils source: shared objects file
[0.144s][info][class,load] jdk.internal.perf.PerfCounter source: shared objects file
[0.144s][info][class,load] jdk.internal.perf.Perf$GetPerfAction source: shared objects file
[0.144s][info][class,load] jdk.internal.perf.Perf source: shared objects file
[0.144s][info][class,load] jdk.internal.perf.PerfCounter$CoreCounters source: shared objects file
[0.144s][info][class,load] sun.nio.ch.DirectBuffer source: shared objects file
[0.144s][info][class,load] java.nio.MappedByteBuffer source: shared objects file
[0.144s][info][class,load] java.nio.DirectByteBuffer source: shared objects file
[0.145s][info][class,load] java.nio.Bits source: shared objects file
[0.145s][info][class,load] java.util.concurrent.atomic.AtomicLong source: shared objects file
[0.145s][info][class,load] jdk.internal.misc.VM$BufferPool source: shared objects file
[0.145s][info][class,load] java.nio.Bits$1 source: shared objects file
[0.145s][info][class,load] java.nio.LongBuffer source: shared objects file
[0.145s][info][class,load] java.nio.DirectLongBufferU source: shared objects file
[0.145s][info][class,load] java.util.zip.ZipFile$2 source: shared objects file
[0.145s][info][class,load] java.util.zip.ZipCoder$Comparison source: shared objects file
[0.145s][info][class,load] java.util.zip.ZipEntry source: shared objects file
[0.145s][info][class,load] java.util.jar.JarEntry source: shared objects file
[0.145s][info][class,load] java.util.jar.JarFile$JarFileEntry source: shared objects file
[0.145s][info][class,load] java.util.zip.ZipFile$ZipFileInputStream source: shared objects file
[0.145s][info][class,load] java.util.zip.InflaterInputStream source: shared objects file
[0.145s][info][class,load] java.util.zip.ZipFile$ZipFileInflaterInputStream source: shared objects file
[0.145s][info][class,load] java.util.zip.Inflater source: shared objects file
[0.146s][info][class,load] java.util.zip.Inflater$InflaterZStreamRef source: shared objects file
[0.146s][info][class,load] java.util.zip.ZipFile$InflaterCleanupAction source: shared objects file
[0.146s][info][class,load] sun.security.util.SignatureFileVerifier source: shared objects file
[0.146s][info][class,load] sun.security.util.Debug source: shared objects file
[0.146s][info][class,load] sun.security.action.GetIntegerAction source: shared objects file
[0.147s][info][class,load] jdk.internal.loader.Resource source: shared objects file
[0.147s][info][class,load] jdk.internal.loader.URLClassPath$JarLoader$2 source: shared objects file
[0.147s][info][class,load] java.util.jar.Attributes source: shared objects file
[0.147s][info][class,load] java.util.SequencedMap source: shared objects file
[0.147s][info][class,load] java.util.LinkedHashMap source: shared objects file
[0.147s][info][class,load] java.util.jar.Manifest$FastInputStream source: shared objects file
[0.147s][info][class,load] java.io.ByteArrayOutputStream source: shared objects file
[0.147s][info][class,load] java.util.jar.Attributes$Name source: shared objects file
[0.147s][info][class,load] java.lang.reflect.Array source: shared objects file
[0.147s][info][class,load] java.lang.NamedPackage source: shared objects file
[0.147s][info][class,load] java.lang.Package source: shared objects file
[0.147s][info][class,load] java.lang.Package$VersionInfo source: shared objects file
[0.147s][info][class,load] sun.nio.ByteBuffered source: shared objects file
[0.148s][info][class,load] java.util.zip.Checksum source: shared objects file
[0.148s][info][class,load] java.util.zip.CRC32 source: shared objects file
[0.148s][info][class,load] java.util.zip.Checksum$1 source: shared objects file
[0.148s][info][class,load] java.security.SecureClassLoader$CodeSourceKey source: shared objects file
[0.148s][info][class,load] java.security.SecureClassLoader$1 source: shared objects file
[0.148s][info][class,load] java.security.PermissionCollection source: shared objects file
[0.148s][info][class,load] sun.security.util.LazyCodeSourcePermissionCollection source: shared objects file
[0.148s][info][class,load] java.security.Permissions source: shared objects file
[0.148s][info][class,load] java.security.Guard source: shared objects file
[0.148s][info][class,load] java.security.Permission source: shared objects file
[0.148s][info][class,load] java.security.BasicPermission source: shared objects file
[0.148s][info][class,load] java.lang.RuntimePermission source: shared objects file
[0.148s][info][class,load] java.security.BasicPermissionCollection source: shared objects file
[0.148s][info][class,load] java.security.AllPermission source: shared objects file
[0.148s][info][class,load] java.security.UnresolvedPermission source: shared objects file
[0.148s][info][class,load] java.security.SecureClassLoader$DebugHolder source: shared objects file
[0.148s][info][class,load] com.bilipai.desktop.data.ReplyProtocolTransportFixtureKt source: file:/C:/Users/TONYS/Documents/Codex/2026-09-29/https-github-com-jay3-yy-bilipai/work/BiliPai/desktop/.local/dynamic-detail-reply-main-integration/protocol-session-proof03/reply-protocol-fixture-only.jar
[0.148s][info][class,load] jdk.internal.misc.MainMethodFinder source: shared objects file
[0.148s][info][class,load] jdk.internal.misc.PreviewFeatures source: shared objects file
[0.149s][info][class,load] java.lang.PublicMethods$MethodList source: shared objects file
[0.149s][info][class,load] java.lang.PublicMethods$Key source: shared objects file
[0.149s][info][class,load] java.lang.Void source: shared objects file
[0.192s][info][class,load] java.util.SequencedSet source: shared objects file
[0.192s][info][class,load] java.util.SortedSet source: shared objects file
[0.192s][info][class,load] java.util.NavigableSet source: shared objects file
[0.192s][info][class,load] java.util.TreeSet source: shared objects file
[0.192s][info][class,load] java.util.SortedMap source: shared objects file
[0.192s][info][class,load] java.util.NavigableMap source: shared objects file
[0.192s][info][class,load] java.util.TreeMap source: shared objects file
[0.192s][info][class,load] java.util.TreeMap$Entry source: shared objects file
[0.192s][info][class,load] java.util.TreeMap$KeySet source: shared objects file
[0.192s][info][class,load] java.util.TreeMap$PrivateEntryIterator source: shared objects file
[0.192s][info][class,load] java.util.TreeMap$KeyIterator source: shared objects file
[0.202s][info][class,load] kotlin.jvm.internal.Intrinsics source: file:/C:/Users/TONYS/Documents/Codex/2026-09-29/https-github-com-jay3-yy-bilipai/work/toolchain/gradle-home/caches/modules-2/files-2.1/org.jetbrains.kotlin/kotlin-stdlib/2.4.10/8943c84ddc6d5cc00a10dbc3736c397066eeaab5/kotlin-stdlib-2.4.10.jar
[0.202s][info][class,load] java.lang.AssertionError source: jrt:/java.base
[0.202s][info][class,load] java.lang.IllegalStateException source: jrt:/java.base
[0.203s][info][class,load] kotlin.UninitializedPropertyAccessException source: file:/C:/Users/TONYS/Documents/Codex/2026-09-29/https-github-com-jay3-yy-bilipai/work/toolchain/gradle-home/caches/modules-2/files-2.1/org.jetbrains.kotlin/kotlin-stdlib/2.4.10/8943c84ddc6d5cc00a10dbc3736c397066eeaab5/kotlin-stdlib-2.4.10.jar
[0.203s][info][class,load] java.util.concurrent.ConcurrentHashMap$ForwardingNode source: shared objects file
[0.203s][info][class,load] java.lang.UnsupportedOperationException source: jrt:/java.base
[0.203s][info][class,load] kotlin.KotlinNullPointerException source: file:/C:/Users/TONYS/Documents/Codex/2026-09-29/https-github-com-jay3-yy-bilipai/work/toolchain/gradle-home/caches/modules-2/files-2.1/org.jetbrains.kotlin/kotlin-stdlib/2.4.10/8943c84ddc6d5cc00a10dbc3736c397066eeaab5/kotlin-stdlib-2.4.10.jar
[0.205s][info][class,load] kotlin.Function source: file:/C:/Users/TONYS/Documents/Codex/2026-09-29/https-github-com-jay3-yy-bilipai/work/toolchain/gradle-home/caches/modules-2/files-2.1/org.jetbrains.kotlin/kotlin-stdlib/2.4.10/8943c84ddc6d5cc00a10dbc3736c397066eeaab5/kotlin-stdlib-2.4.10.jar
[0.205s][info][class,load] kotlin.jvm.functions.Function2 source: file:/C:/Users/TONYS/Documents/Codex/2026-09-29/https-github-com-jay3-yy-bilipai/work/toolchain/gradle-home/caches/modules-2/files-2.1/org.jetbrains.kotlin/kotlin-stdlib/2.4.10/8943c84ddc6d5cc00a10dbc3736c397066eeaab5/kotlin-stdlib-2.4.10.jar
[0.206s][info][class,load] kotlin.jvm.internal.FunctionBase source: file:/C:/Users/TONYS/Documents/Codex/2026-09-29/https-github-com-jay3-yy-bilipai/work/toolchain/gradle-home/caches/modules-2/files-2.1/org.jetbrains.kotlin/kotlin-stdlib/2.4.10/8943c84ddc6d5cc00a10dbc3736c397066eeaab5/kotlin-stdlib-2.4.10.jar
[0.206s][info][class,load] kotlin.coroutines.jvm.internal.SuspendFunction source: file:/C:/Users/TONYS/Documents/Codex/2026-09-29/https-github-com-jay3-yy-bilipai/work/toolchain/gradle-home/caches/modules-2/files-2.1/org.jetbrains.kotlin/kotlin-stdlib/2.4.10/8943c84ddc6d5cc00a10dbc3736c397066eeaab5/kotlin-stdlib-2.4.10.jar
[0.207s][info][class,load] kotlin.coroutines.Continuation source: file:/C:/Users/TONYS/Documents/Codex/2026-09-29/https-github-com-jay3-yy-bilipai/work/toolchain/gradle-home/caches/modules-2/files-2.1/org.jetbrains.kotlin/kotlin-stdlib/2.4.10/8943c84ddc6d5cc00a10dbc3736c397066eeaab5/kotlin-stdlib-2.4.10.jar
[0.207s][info][class,load] kotlin.coroutines.jvm.internal.CoroutineStackFrame source: file:/C:/Users/TONYS/Documents/Codex/2026-09-29/https-github-com-jay3-yy-bilipai/work/toolchain/gradle-home/caches/modules-2/files-2.1/org.jetbrains.kotlin/kotlin-stdlib/2.4.10/8943c84ddc6d5cc00a10dbc3736c397066eeaab5/kotlin-stdlib-2.4.10.jar
[0.207s][info][class,load] kotlin.coroutines.jvm.internal.BaseContinuationImpl source: file:/C:/Users/TONYS/Documents/Codex/2026-09-29/https-github-com-jay3-yy-bilipai/work/toolchain/gradle-home/caches/modules-2/files-2.1/org.jetbrains.kotlin/kotlin-stdlib/2.4.10/8943c84ddc6d5cc00a10dbc3736c397066eeaab5/kotlin-stdlib-2.4.10.jar
[0.207s][info][class,load] kotlin.coroutines.jvm.internal.ContinuationImpl source: file:/C:/Users/TONYS/Documents/Codex/2026-09-29/https-github-com-jay3-yy-bilipai/work/toolchain/gradle-home/caches/modules-2/files-2.1/org.jetbrains.kotlin/kotlin-stdlib/2.4.10/8943c84ddc6d5cc00a10dbc3736c397066eeaab5/kotlin-stdlib-2.4.10.jar
[0.207s][info][class,load] kotlin.coroutines.jvm.internal.SuspendLambda source: file:/C:/Users/TONYS/Documents/Codex/2026-09-29/https-github-com-jay3-yy-bilipai/work/toolchain/gradle-home/caches/modules-2/files-2.1/org.jetbrains.kotlin/kotlin-stdlib/2.4.10/8943c84ddc6d5cc00a10dbc3736c397066eeaab5/kotlin-stdlib-2.4.10.jar
[0.207s][info][class,load] com.bilipai.desktop.data.ReplyProtocolTransportFixtureKt$main$1 source: file:/C:/Users/TONYS/Documents/Codex/2026-09-29/https-github-com-jay3-yy-bilipai/work/BiliPai/desktop/.local/dynamic-detail-reply-main-integration/protocol-session-proof03/reply-protocol-fixture-only.jar
[0.207s][info][class,load] java.util.concurrent.CancellationException source: jrt:/java.base
[0.208s][info][class,load] java.util.NoSuchElementException source: jrt:/java.base
[0.210s][info][class,load] kotlin.KotlinNothingValueException source: file:/C:/Users/TONYS/Documents/Codex/2026-09-29/https-github-com-jay3-yy-bilipai/work/toolchain/gradle-home/caches/modules-2/files-2.1/org.jetbrains.kotlin/kotlin-stdlib/2.4.10/8943c84ddc6d5cc00a10dbc3736c397066eeaab5/kotlin-stdlib-2.4.10.jar
[0.212s][info][class,load] kotlinx.coroutines.BuildersKt source: file:/C:/Users/TONYS/Documents/Codex/2026-09-29/https-github-com-jay3-yy-bilipai/work/toolchain/gradle-home/caches/modules-2/files-2.1/org.jetbrains.kotlinx/kotlinx-coroutines-core-jvm/1.10.2/4a9f78ef49483748e2c129f3d124b8fa249dafbf/kotlinx-coroutines-core-jvm-1.10.2.jar
[0.212s][info][class,load] kotlinx.coroutines.BuildersKt__BuildersKt source: file:/C:/Users/TONYS/Documents/Codex/2026-09-29/https-github-com-jay3-yy-bilipai/work/toolchain/gradle-home/caches/modules-2/files-2.1/org.jetbrains.kotlinx/kotlinx-coroutines-core-jvm/1.10.2/4a9f78ef49483748e2c129f3d124b8fa249dafbf/kotlinx-coroutines-core-jvm-1.10.2.jar
[0.213s][info][class,load] kotlin.coroutines.CoroutineContext source: file:/C:/Users/TONYS/Documents/Codex/2026-09-29/https-github-com-jay3-yy-bilipai/work/toolchain/gradle-home/caches/modules-2/files-2.1/org.jetbrains.kotlin/kotlin-stdlib/2.4.10/8943c84ddc6d5cc00a10dbc3736c397066eeaab5/kotlin-stdlib-2.4.10.jar
[0.213s][info][class,load] kotlin.coroutines.EmptyCoroutineContext source: file:/C:/Users/TONYS/Documents/Codex/2026-09-29/https-github-com-jay3-yy-bilipai/work/toolchain/gradle-home/caches/modules-2/files-2.1/org.jetbrains.kotlin/kotlin-stdlib/2.4.10/8943c84ddc6d5cc00a10dbc3736c397066eeaab5/kotlin-stdlib-2.4.10.jar
[0.214s][info][class,load] kotlin.coroutines.CoroutineContext$Element source: file:/C:/Users/TONYS/Documents/Codex/2026-09-29/https-github-com-jay3-yy-bilipai/work/toolchain/gradle-home/caches/modules-2/files-2.1/org.jetbrains.kotlin/kotlin-stdlib/2.4.10/8943c84ddc6d5cc00a10dbc3736c397066eeaab5/kotlin-stdlib-2.4.10.jar
[0.214s][info][class,load] kotlin.coroutines.ContinuationInterceptor source: file:/C:/Users/TONYS/Documents/Codex/2026-09-29/https-github-com-jay3-yy-bilipai/work/toolchain/gradle-home/caches/modules-2/files-2.1/org.jetbrains.kotlin/kotlin-stdlib/2.4.10/8943c84ddc6d5cc00a10dbc3736c397066eeaab5/kotlin-stdlib-2.4.10.jar
[0.215s][info][class,load] kotlin.coroutines.CoroutineContext$Key source: file:/C:/Users/TONYS/Documents/Codex/2026-09-29/https-github-com-jay3-yy-bilipai/work/toolchain/gradle-home/caches/modules-2/files-2.1/org.jetbrains.kotlin/kotlin-stdlib/2.4.10/8943c84ddc6d5cc00a10dbc3736c397066eeaab5/kotlin-stdlib-2.4.10.jar
[0.215s][info][class,load] kotlin.coroutines.ContinuationInterceptor$Key source: file:/C:/Users/TONYS/Documents/Codex/2026-09-29/https-github-com-jay3-yy-bilipai/work/toolchain/gradle-home/caches/modules-2/files-2.1/org.jetbrains.kotlin/kotlin-stdlib/2.4.10/8943c84ddc6d5cc00a10dbc3736c397066eeaab5/kotlin-stdlib-2.4.10.jar
[0.215s][info][class,load] kotlinx.coroutines.ThreadLocalEventLoop source: file:/C:/Users/TONYS/Documents/Codex/2026-09-29/https-github-com-jay3-yy-bilipai/work/toolchain/gradle-home/caches/modules-2/files-2.1/org.jetbrains.kotlinx/kotlinx-coroutines-core-jvm/1.10.2/4a9f78ef49483748e2c129f3d124b8fa249dafbf/kotlinx-coroutines-core-jvm-1.10.2.jar
[0.215s][info][class,load] kotlinx.coroutines.internal.Symbol source: file:/C:/Users/TONYS/Documents/Codex/2026-09-29/https-github-com-jay3-yy-bilipai/work/toolchain/gradle-home/caches/modules-2/files-2.1/org.jetbrains.kotlinx/kotlinx-coroutines-core-jvm/1.10.2/4a9f78ef49483748e2c129f3d124b8fa249dafbf/kotlinx-coroutines-core-jvm-1.10.2.jar
[0.216s][info][class,load] kotlinx.coroutines.internal.ThreadLocalKt source: file:/C:/Users/TONYS/Documents/Codex/2026-09-29/https-github-com-jay3-yy-bilipai/work/toolchain/gradle-home/caches/modules-2/files-2.1/org.jetbrains.kotlinx/kotlinx-coroutines-core-jvm/1.10.2/4a9f78ef49483748e2c129f3d124b8fa249dafbf/kotlinx-coroutines-core-jvm-1.10.2.jar
[0.216s][info][class,load] kotlinx.coroutines.EventLoopKt source: file:/C:/Users/TONYS/Documents/Codex/2026-09-29/https-github-com-jay3-yy-bilipai/work/toolchain/gradle-home/caches/modules-2/files-2.1/org.jetbrains.kotlinx/kotlinx-coroutines-core-jvm/1.10.2/4a9f78ef49483748e2c129f3d124b8fa249dafbf/kotlinx-coroutines-core-jvm-1.10.2.jar
[0.217s][info][class,load] kotlinx.coroutines.Delay source: file:/C:/Users/TONYS/Documents/Codex/2026-09-29/https-github-com-jay3-yy-bilipai/work/toolchain/gradle-home/caches/modules-2/files-2.1/org.jetbrains.kotlinx/kotlinx-coroutines-core-jvm/1.10.2/4a9f78ef49483748e2c129f3d124b8fa249dafbf/kotlinx-coroutines-core-jvm-1.10.2.jar
[0.218s][info][class,load] kotlin.coroutines.AbstractCoroutineContextElement source: file:/C:/Users/TONYS/Documents/Codex/2026-09-29/https-github-com-jay3-yy-bilipai/work/toolchain/gradle-home/caches/modules-2/files-2.1/org.jetbrains.kotlin/kotlin-stdlib/2.4.10/8943c84ddc6d5cc00a10dbc3736c397066eeaab5/kotlin-stdlib-2.4.10.jar
[0.218s][info][class,load] kotlinx.coroutines.CoroutineDispatcher source: file:/C:/Users/TONYS/Documents/Codex/2026-09-29/https-github-com-jay3-yy-bilipai/work/toolchain/gradle-home/caches/modules-2/files-2.1/org.jetbrains.kotlinx/kotlinx-coroutines-core-jvm/1.10.2/4a9f78ef49483748e2c129f3d124b8fa249dafbf/kotlinx-coroutines-core-jvm-1.10.2.jar
[0.218s][info][class,load] kotlinx.coroutines.EventLoop source: file:/C:/Users/TONYS/Documents/Codex/2026-09-29/https-github-com-jay3-yy-bilipai/work/toolchain/gradle-home/caches/modules-2/files-2.1/org.jetbrains.kotlinx/kotlinx-coroutines-core-jvm/1.10.2/4a9f78ef49483748e2c129f3d124b8fa249dafbf/kotlinx-coroutines-core-jvm-1.10.2.jar
[0.218s][info][class,load] kotlinx.coroutines.EventLoopImplPlatform source: file:/C:/Users/TONYS/Documents/Codex/2026-09-29/https-github-com-jay3-yy-bilipai/work/toolchain/gradle-home/caches/modules-2/files-2.1/org.jetbrains.kotlinx/kotlinx-coroutines-core-jvm/1.10.2/4a9f78ef49483748e2c129f3d124b8fa249dafbf/kotlinx-coroutines-core-jvm-1.10.2.jar
[0.218s][info][class,load] kotlinx.coroutines.EventLoopImplBase source: file:/C:/Users/TONYS/Documents/Codex/2026-09-29/https-github-com-jay3-yy-bilipai/work/toolchain/gradle-home/caches/modules-2/files-2.1/org.jetbrains.kotlinx/kotlinx-coroutines-core-jvm/1.10.2/4a9f78ef49483748e2c129f3d124b8fa249dafbf/kotlinx-coroutines-core-jvm-1.10.2.jar
[0.218s][info][class,load] kotlinx.coroutines.BlockingEventLoop source: file:/C:/Users/TONYS/Documents/Codex/2026-09-29/https-github-com-jay3-yy-bilipai/work/toolchain/gradle-home/caches/modules-2/files-2.1/org.jetbrains.kotlinx/kotlinx-coroutines-core-jvm/1.10.2/4a9f78ef49483748e2c129f3d124b8fa249dafbf/kotlinx-coroutines-core-jvm-1.10.2.jar
[0.219s][info][class,load] kotlin.coroutines.AbstractCoroutineContextKey source: file:/C:/Users/TONYS/Documents/Codex/2026-09-29/https-github-com-jay3-yy-bilipai/work/toolchain/gradle-home/caches/modules-2/files-2.1/org.jetbrains.kotlin/kotlin-stdlib/2.4.10/8943c84ddc6d5cc00a10dbc3736c397066eeaab5/kotlin-stdlib-2.4.10.jar
[0.219s][info][class,load] kotlinx.coroutines.CoroutineDispatcher$Key source: file:/C:/Users/TONYS/Documents/Codex/2026-09-29/https-github-com-jay3-yy-bilipai/work/toolchain/gradle-home/caches/modules-2/files-2.1/org.jetbrains.kotlinx/kotlinx-coroutines-core-jvm/1.10.2/4a9f78ef49483748e2c129f3d124b8fa249dafbf/kotlinx-coroutines-core-jvm-1.10.2.jar
[0.219s][info][class,load] java.lang.invoke.LambdaMetafactory source: shared objects file
[0.219s][info][class,load] java.lang.invoke.MethodType$1 source: shared objects file
[0.219s][info][class,load] jdk.internal.util.ReferencedKeySet source: shared objects file
[0.219s][info][class,load] jdk.internal.util.ReferencedKeyMap source: shared objects file
[0.220s][info][class,load] jdk.internal.util.ReferenceKey source: shared objects file
[0.220s][info][class,load] jdk.internal.util.StrongReferenceKey source: shared objects file
[0.220s][info][class,load] java.lang.invoke.MethodTypeForm source: shared objects file
[0.220s][info][class,load] jdk.internal.util.WeakReferenceKey source: shared objects file
[0.220s][info][class,load] sun.invoke.util.Wrapper source: shared objects file
[0.220s][info][class,load] sun.invoke.util.Wrapper$Format source: shared objects file
[0.220s][info][class,load] java.lang.invoke.LambdaForm$NamedFunction source: shared objects file
[0.220s][info][class,load] java.lang.invoke.DirectMethodHandle$Holder source: shared objects file
[0.220s][info][class,load] sun.invoke.util.ValueConversions source: shared objects file
[0.220s][info][class,load] java.lang.invoke.MethodHandleImpl source: shared objects file
[0.220s][info][class,load] java.lang.invoke.Invokers source: shared objects file
[0.220s][info][class,load] java.lang.invoke.LambdaForm$Kind source: shared objects file
[0.221s][info][class,load] java.lang.NoSuchMethodException source: shared objects file
[0.221s][info][class,load] java.lang.invoke.LambdaForm$BasicType source: shared objects file
[0.221s][info][class,load] java.lang.invoke.LambdaForm$Name source: shared objects file
[0.221s][info][class,load] java.lang.invoke.LambdaForm$Holder source: shared objects file
[0.221s][info][class,load] java.lang.invoke.InvokerBytecodeGenerator source: shared objects file
[0.221s][info][class,load] java.lang.invoke.InvokerBytecodeGenerator$1 source: shared objects file
[0.221s][info][class,load] java.lang.invoke.MethodHandleImpl$Intrinsic source: shared objects file
[0.222s][info][class,load] kotlin.jvm.functions.Function1 source: file:/C:/Users/TONYS/Documents/Codex/2026-09-29/https-github-com-jay3-yy-bilipai/work/toolchain/gradle-home/caches/modules-2/files-2.1/org.jetbrains.kotlin/kotlin-stdlib/2.4.10/8943c84ddc6d5cc00a10dbc3736c397066eeaab5/kotlin-stdlib-2.4.10.jar
[0.222s][info][class,load] java.lang.invoke.BootstrapMethodInvoker source: shared objects file
[0.222s][info][class,load] java.lang.invoke.VarHandle$AccessMode source: shared objects file
[0.222s][info][class,load] java.lang.invoke.VarHandle$AccessType source: shared objects file
[0.222s][info][class,load] java.lang.invoke.Invokers$Holder source: shared objects file
[0.223s][info][class,load] jdk.internal.access.JavaLangInvokeAccess source: shared objects file
[0.223s][info][class,load] java.lang.invoke.MethodHandleImpl$1 source: shared objects file
[0.223s][info][class,load] java.lang.invoke.AbstractValidatingLambdaMetafactory source: shared objects file
[0.223s][info][class,load] java.lang.invoke.InnerClassLambdaMetafactory source: shared objects file
[0.223s][info][class,load] jdk.internal.org.objectweb.asm.Type source: shared objects file
[0.223s][info][class,load] sun.security.action.GetBooleanAction source: shared objects file
[0.223s][info][class,load] jdk.internal.org.objectweb.asm.Handle source: shared objects file
[0.223s][info][class,load] sun.invoke.util.BytecodeDescriptor source: shared objects file
[0.223s][info][class,load] jdk.internal.org.objectweb.asm.ConstantDynamic source: shared objects file
[0.223s][info][class,load] java.lang.invoke.MethodHandleInfo source: shared objects file
[0.223s][info][class,load] java.lang.invoke.InfoFromMemberName source: shared objects file
[0.223s][info][class,load] jdk.internal.org.objectweb.asm.ClassVisitor source: shared objects file
[0.223s][info][class,load] jdk.internal.org.objectweb.asm.ClassWriter source: shared objects file
[0.223s][info][class,load] jdk.internal.org.objectweb.asm.SymbolTable source: shared objects file
[0.223s][info][class,load] jdk.internal.org.objectweb.asm.Symbol source: shared objects file
[0.223s][info][class,load] jdk.internal.org.objectweb.asm.SymbolTable$Entry source: shared objects file
[0.223s][info][class,load] jdk.internal.org.objectweb.asm.ByteVector source: shared objects file
[0.223s][info][class,load] java.lang.invoke.LambdaProxyClassArchive source: shared objects file
[0.224s][info][class,load] jdk.internal.org.objectweb.asm.MethodVisitor source: shared objects file
[0.224s][info][class,load] jdk.internal.org.objectweb.asm.MethodWriter source: shared objects file
[0.224s][info][class,load] jdk.internal.org.objectweb.asm.Label source: shared objects file
[0.224s][info][class,load] java.lang.invoke.TypeConvertingMethodAdapter source: shared objects file
[0.224s][info][class,load] java.lang.invoke.InnerClassLambdaMetafactory$ForwardingMethodGenerator source: shared objects file
[0.224s][info][class,load] jdk.internal.org.objectweb.asm.Handler source: shared objects file
[0.224s][info][class,load] jdk.internal.org.objectweb.asm.Attribute source: shared objects file
[0.224s][info][class,load] jdk.internal.org.objectweb.asm.AnnotationVisitor source: shared objects file
[0.224s][info][class,load] jdk.internal.org.objectweb.asm.AnnotationWriter source: shared objects file
[0.224s][info][class,load] java.lang.invoke.MethodHandles$Lookup$ClassOption source: shared objects file
[0.224s][info][class,load] java.lang.invoke.MethodHandles$Lookup$ClassFile source: shared objects file
[0.224s][info][class,load] java.lang.invoke.MethodHandles$Lookup$ClassDefiner source: shared objects file
[0.224s][info][class,load] kotlinx.coroutines.CoroutineDispatcher$Key$$Lambda/0x000000d532005f08 source: kotlinx.coroutines.CoroutineDispatcher$Key
[0.224s][info][class,load] java.lang.invoke.DirectMethodHandle$Constructor source: shared objects file
[0.224s][info][class,load] sun.invoke.util.VerifyType source: shared objects file
[0.224s][info][class,load] sun.invoke.empty.Empty source: shared objects file
[0.225s][info][class,load] java.lang.invoke.BoundMethodHandle source: shared objects file
[0.225s][info][class,load] java.lang.invoke.ClassSpecializer source: shared objects file
[0.225s][info][class,load] java.lang.invoke.BoundMethodHandle$Specializer source: shared objects file
[0.225s][info][class,load] java.lang.invoke.ClassSpecializer$1 source: shared objects file
[0.225s][info][class,load] java.lang.invoke.ClassSpecializer$SpeciesData source: shared objects file
[0.225s][info][class,load] java.lang.invoke.BoundMethodHandle$SpeciesData source: shared objects file
[0.225s][info][class,load] java.lang.invoke.ClassSpecializer$Factory source: shared objects file
[0.225s][info][class,load] java.lang.invoke.BoundMethodHandle$Specializer$Factory source: shared objects file
[0.225s][info][class,load] java.lang.invoke.SimpleMethodHandle source: shared objects file
[0.225s][info][class,load] java.lang.NoSuchFieldException source: shared objects file
[0.225s][info][class,load] java.lang.invoke.BoundMethodHandle$Species_L source: shared objects file
[0.225s][info][class,load] java.lang.invoke.DirectMethodHandle$2 source: shared objects file
[0.226s][info][class,load] java.lang.invoke.DirectMethodHandle$Accessor source: shared objects file
[0.226s][info][class,load] java.lang.invoke.DelegatingMethodHandle source: shared objects file
[0.226s][info][class,load] java.lang.invoke.MethodHandleImpl$IntrinsicMethodHandle source: shared objects file
[0.226s][info][class,load] java.lang.invoke.DelegatingMethodHandle$Holder source: shared objects file
[0.226s][info][class,load] java.lang.invoke.LambdaFormEditor source: shared objects file
[0.226s][info][class,load] java.lang.invoke.LambdaFormEditor$TransformKey source: shared objects file
[0.226s][info][class,load] java.lang.invoke.LambdaFormBuffer source: shared objects file
[0.226s][info][class,load] java.lang.invoke.LambdaFormEditor$Transform source: shared objects file
[0.226s][info][class,load] jdk.internal.org.objectweb.asm.Frame source: shared objects file
[0.226s][info][class,load] java.lang.invoke.InvokerBytecodeGenerator$ClassData source: shared objects file
[0.227s][info][class,load] java.util.ArrayList$Itr source: shared objects file
[0.227s][info][class,load] jdk.internal.org.objectweb.asm.FieldVisitor source: shared objects file
[0.227s][info][class,load] jdk.internal.org.objectweb.asm.FieldWriter source: shared objects file
[0.227s][info][class,load] java.lang.invoke.LambdaForm$MH/0x000000d532008000 source: __JVM_LookupDefineClass__
[0.228s][info][class,load] java.util.concurrent.atomic.AtomicReferenceFieldUpdater source: jrt:/java.base
[0.228s][info][class,load] java.util.concurrent.atomic.AtomicReferenceFieldUpdater$AtomicReferenceFieldUpdaterImpl source: jrt:/java.base
[0.228s][info][class,load] java.util.concurrent.atomic.AtomicReferenceFieldUpdater$AtomicReferenceFieldUpdaterImpl$1 source: jrt:/java.base
[0.228s][info][class,load] java.util.concurrent.atomic.AtomicIntegerFieldUpdater source: jrt:/java.base
[0.228s][info][class,load] sun.reflect.misc.ReflectUtil source: jrt:/java.base
[0.228s][info][class,load] java.util.concurrent.atomic.AtomicIntegerFieldUpdater$AtomicIntegerFieldUpdaterImpl source: jrt:/java.base
[0.228s][info][class,load] java.util.concurrent.atomic.AtomicIntegerFieldUpdater$AtomicIntegerFieldUpdaterImpl$1 source: jrt:/java.base
[0.229s][info][class,load] kotlinx.coroutines.CoroutineScope source: file:/C:/Users/TONYS/Documents/Codex/2026-09-29/https-github-com-jay3-yy-bilipai/work/toolchain/gradle-home/caches/modules-2/files-2.1/org.jetbrains.kotlinx/kotlinx-coroutines-core-jvm/1.10.2/4a9f78ef49483748e2c129f3d124b8fa249dafbf/kotlinx-coroutines-core-jvm-1.10.2.jar
[0.229s][info][class,load] kotlinx.coroutines.GlobalScope source: file:/C:/Users/TONYS/Documents/Codex/2026-09-29/https-github-com-jay3-yy-bilipai/work/toolchain/gradle-home/caches/modules-2/files-2.1/org.jetbrains.kotlinx/kotlinx-coroutines-core-jvm/1.10.2/4a9f78ef49483748e2c129f3d124b8fa249dafbf/kotlinx-coroutines-core-jvm-1.10.2.jar
[0.229s][info][class,load] kotlinx.coroutines.CoroutineContextKt source: file:/C:/Users/TONYS/Documents/Codex/2026-09-29/https-github-com-jay3-yy-bilipai/work/toolchain/gradle-home/caches/modules-2/files-2.1/org.jetbrains.kotlinx/kotlinx-coroutines-core-jvm/1.10.2/4a9f78ef49483748e2c129f3d124b8fa249dafbf/kotlinx-coroutines-core-jvm-1.10.2.jar
[0.230s][info][class,load] java.lang.invoke.LambdaForm$DMH/0x000000d532008400 source: __JVM_LookupDefineClass__
[0.230s][info][class,load] kotlinx.coroutines.CoroutineContextKt$$Lambda/0x000000d532006750 source: kotlinx.coroutines.CoroutineContextKt
[0.231s][info][class,load] kotlin.coroutines.CoroutineContext$Element$DefaultImpls source: file:/C:/Users/TONYS/Documents/Codex/2026-09-29/https-github-com-jay3-yy-bilipai/work/toolchain/gradle-home/caches/modules-2/files-2.1/org.jetbrains.kotlin/kotlin-stdlib/2.4.10/8943c84ddc6d5cc00a10dbc3736c397066eeaab5/kotlin-stdlib-2.4.10.jar
[0.231s][info][class,load] kotlinx.coroutines.ThreadContextElement source: file:/C:/Users/TONYS/Documents/Codex/2026-09-29/https-github-com-jay3-yy-bilipai/work/toolchain/gradle-home/caches/modules-2/files-2.1/org.jetbrains.kotlinx/kotlinx-coroutines-core-jvm/1.10.2/4a9f78ef49483748e2c129f3d124b8fa249dafbf/kotlinx-coroutines-core-jvm-1.10.2.jar
[0.231s][info][class,load] kotlinx.coroutines.CopyableThreadContextElement source: file:/C:/Users/TONYS/Documents/Codex/2026-09-29/https-github-com-jay3-yy-bilipai/work/toolchain/gradle-home/caches/modules-2/files-2.1/org.jetbrains.kotlinx/kotlinx-coroutines-core-jvm/1.10.2/4a9f78ef49483748e2c129f3d124b8fa249dafbf/kotlinx-coroutines-core-jvm-1.10.2.jar
[0.232s][info][class,load] kotlinx.coroutines.DebugKt source: file:/C:/Users/TONYS/Documents/Codex/2026-09-29/https-github-com-jay3-yy-bilipai/work/toolchain/gradle-home/caches/modules-2/files-2.1/org.jetbrains.kotlinx/kotlinx-coroutines-core-jvm/1.10.2/4a9f78ef49483748e2c129f3d124b8fa249dafbf/kotlinx-coroutines-core-jvm-1.10.2.jar
[0.232s][info][class,load] kotlinx.coroutines.CoroutineId source: file:/C:/Users/TONYS/Documents/Codex/2026-09-29/https-github-com-jay3-yy-bilipai/work/toolchain/gradle-home/caches/modules-2/files-2.1/org.jetbrains.kotlinx/kotlinx-coroutines-core-jvm/1.10.2/4a9f78ef49483748e2c129f3d124b8fa249dafbf/kotlinx-coroutines-core-jvm-1.10.2.jar
[0.232s][info][class,load] kotlinx.coroutines.internal.SystemPropsKt source: file:/C:/Users/TONYS/Documents/Codex/2026-09-29/https-github-com-jay3-yy-bilipai/work/toolchain/gradle-home/caches/modules-2/files-2.1/org.jetbrains.kotlinx/kotlinx-coroutines-core-jvm/1.10.2/4a9f78ef49483748e2c129f3d124b8fa249dafbf/kotlinx-coroutines-core-jvm-1.10.2.jar
[0.233s][info][class,load] kotlinx.coroutines.internal.SystemPropsKt__SystemPropsKt source: file:/C:/Users/TONYS/Documents/Codex/2026-09-29/https-github-com-jay3-yy-bilipai/work/toolchain/gradle-home/caches/modules-2/files-2.1/org.jetbrains.kotlinx/kotlinx-coroutines-core-jvm/1.10.2/4a9f78ef49483748e2c129f3d124b8fa249dafbf/kotlinx-coroutines-core-jvm-1.10.2.jar
[0.233s][info][class,load] java.lang.SecurityException source: jrt:/java.base
[0.233s][info][class,load] kotlinx.coroutines.Dispatchers source: file:/C:/Users/TONYS/Documents/Codex/2026-09-29/https-github-com-jay3-yy-bilipai/work/toolchain/gradle-home/caches/modules-2/files-2.1/org.jetbrains.kotlinx/kotlinx-coroutines-core-jvm/1.10.2/4a9f78ef49483748e2c129f3d124b8fa249dafbf/kotlinx-coroutines-core-jvm-1.10.2.jar
[0.234s][info][class,load] kotlinx.coroutines.ExecutorCoroutineDispatcher source: file:/C:/Users/TONYS/Documents/Codex/2026-09-29/https-github-com-jay3-yy-bilipai/work/toolchain/gradle-home/caches/modules-2/files-2.1/org.jetbrains.kotlinx/kotlinx-coroutines-core-jvm/1.10.2/4a9f78ef49483748e2c129f3d124b8fa249dafbf/kotlinx-coroutines-core-jvm-1.10.2.jar
[0.234s][info][class,load] kotlinx.coroutines.scheduling.SchedulerCoroutineDispatcher source: file:/C:/Users/TONYS/Documents/Codex/2026-09-29/https-github-com-jay3-yy-bilipai/work/toolchain/gradle-home/caches/modules-2/files-2.1/org.jetbrains.kotlinx/kotlinx-coroutines-core-jvm/1.10.2/4a9f78ef49483748e2c129f3d124b8fa249dafbf/kotlinx-coroutines-core-jvm-1.10.2.jar
[0.234s][info][class,load] kotlinx.coroutines.scheduling.DefaultScheduler source: file:/C:/Users/TONYS/Documents/Codex/2026-09-29/https-github-com-jay3-yy-bilipai/work/toolchain/gradle-home/caches/modules-2/files-2.1/org.jetbrains.kotlinx/kotlinx-coroutines-core-jvm/1.10.2/4a9f78ef49483748e2c129f3d124b8fa249dafbf/kotlinx-coroutines-core-jvm-1.10.2.jar
[0.235s][info][class,load] kotlinx.coroutines.ExecutorCoroutineDispatcher$Key source: file:/C:/Users/TONYS/Documents/Codex/2026-09-29/https-github-com-jay3-yy-bilipai/work/toolchain/gradle-home/caches/modules-2/files-2.1/org.jetbrains.kotlinx/kotlinx-coroutines-core-jvm/1.10.2/4a9f78ef49483748e2c129f3d124b8fa249dafbf/kotlinx-coroutines-core-jvm-1.10.2.jar
[0.235s][info][class,load] kotlinx.coroutines.ExecutorCoroutineDispatcher$Key$$Lambda/0x000000d53200c670 source: kotlinx.coroutines.ExecutorCoroutineDispatcher$Key
[0.236s][info][class,load] kotlinx.coroutines.scheduling.TasksKt source: file:/C:/Users/TONYS/Documents/Codex/2026-09-29/https-github-com-jay3-yy-bilipai/work/toolchain/gradle-home/caches/modules-2/files-2.1/org.jetbrains.kotlinx/kotlinx-coroutines-core-jvm/1.10.2/4a9f78ef49483748e2c129f3d124b8fa249dafbf/kotlinx-coroutines-core-jvm-1.10.2.jar
[0.237s][info][class,load] kotlinx.coroutines.internal.SystemPropsKt__SystemProps_commonKt source: file:/C:/Users/TONYS/Documents/Codex/2026-09-29/https-github-com-jay3-yy-bilipai/work/toolchain/gradle-home/caches/modules-2/files-2.1/org.jetbrains.kotlinx/kotlinx-coroutines-core-jvm/1.10.2/4a9f78ef49483748e2c129f3d124b8fa249dafbf/kotlinx-coroutines-core-jvm-1.10.2.jar
[0.238s][info][class,load] kotlin.ranges.RangesKt__RangesKt source: file:/C:/Users/TONYS/Documents/Codex/2026-09-29/https-github-com-jay3-yy-bilipai/work/toolchain/gradle-home/caches/modules-2/files-2.1/org.jetbrains.kotlin/kotlin-stdlib/2.4.10/8943c84ddc6d5cc00a10dbc3736c397066eeaab5/kotlin-stdlib-2.4.10.jar
[0.238s][info][class,load] kotlin.ranges.RangesKt___RangesKt source: file:/C:/Users/TONYS/Documents/Codex/2026-09-29/https-github-com-jay3-yy-bilipai/work/toolchain/gradle-home/caches/modules-2/files-2.1/org.jetbrains.kotlin/kotlin-stdlib/2.4.10/8943c84ddc6d5cc00a10dbc3736c397066eeaab5/kotlin-stdlib-2.4.10.jar
[0.238s][info][class,load] kotlin.ranges.RangesKt source: file:/C:/Users/TONYS/Documents/Codex/2026-09-29/https-github-com-jay3-yy-bilipai/work/toolchain/gradle-home/caches/modules-2/files-2.1/org.jetbrains.kotlin/kotlin-stdlib/2.4.10/8943c84ddc6d5cc00a10dbc3736c397066eeaab5/kotlin-stdlib-2.4.10.jar
[0.239s][info][class,load] kotlinx.coroutines.scheduling.SchedulerTimeSource source: file:/C:/Users/TONYS/Documents/Codex/2026-09-29/https-github-com-jay3-yy-bilipai/work/toolchain/gradle-home/caches/modules-2/files-2.1/org.jetbrains.kotlinx/kotlinx-coroutines-core-jvm/1.10.2/4a9f78ef49483748e2c129f3d124b8fa249dafbf/kotlinx-coroutines-core-jvm-1.10.2.jar
[0.239s][info][class,load] kotlinx.coroutines.scheduling.NanoTimeSource source: file:/C:/Users/TONYS/Documents/Codex/2026-09-29/https-github-com-jay3-yy-bilipai/work/toolchain/gradle-home/caches/modules-2/files-2.1/org.jetbrains.kotlinx/kotlinx-coroutines-core-jvm/1.10.2/4a9f78ef49483748e2c129f3d124b8fa249dafbf/kotlinx-coroutines-core-jvm-1.10.2.jar
[0.240s][info][class,load] java.util.concurrent.Executor source: shared objects file
[0.240s][info][class,load] kotlinx.coroutines.scheduling.CoroutineScheduler source: file:/C:/Users/TONYS/Documents/Codex/2026-09-29/https-github-com-jay3-yy-bilipai/work/toolchain/gradle-home/caches/modules-2/files-2.1/org.jetbrains.kotlinx/kotlinx-coroutines-core-jvm/1.10.2/4a9f78ef49483748e2c129f3d124b8fa249dafbf/kotlinx-coroutines-core-jvm-1.10.2.jar
[0.240s][info][class,load] java.util.concurrent.RejectedExecutionException source: jrt:/java.base
[0.241s][info][class,load] kotlin.NoWhenBranchMatchedException source: file:/C:/Users/TONYS/Documents/Codex/2026-09-29/https-github-com-jay3-yy-bilipai/work/toolchain/gradle-home/caches/modules-2/files-2.1/org.jetbrains.kotlin/kotlin-stdlib/2.4.10/8943c84ddc6d5cc00a10dbc3736c397066eeaab5/kotlin-stdlib-2.4.10.jar
[0.241s][info][class,load] kotlinx.coroutines.scheduling.CoroutineScheduler$Companion source: file:/C:/Users/TONYS/Documents/Codex/2026-09-29/https-github-com-jay3-yy-bilipai/work/toolchain/gradle-home/caches/modules-2/files-2.1/org.jetbrains.kotlinx/kotlinx-coroutines-core-jvm/1.10.2/4a9f78ef49483748e2c129f3d124b8fa249dafbf/kotlinx-coroutines-core-jvm-1.10.2.jar
[0.241s][info][class,load] java.util.concurrent.atomic.AtomicLongFieldUpdater source: jrt:/java.base
[0.241s][info][class,load] java.util.concurrent.atomic.AtomicLongFieldUpdater$CASUpdater source: jrt:/java.base
[0.241s][info][class,load] java.util.concurrent.atomic.AtomicLongFieldUpdater$CASUpdater$1 source: jrt:/java.base
[0.242s][info][class,load] kotlinx.coroutines.internal.LockFreeTaskQueue source: file:/C:/Users/TONYS/Documents/Codex/2026-09-29/https-github-com-jay3-yy-bilipai/work/toolchain/gradle-home/caches/modules-2/files-2.1/org.jetbrains.kotlinx/kotlinx-coroutines-core-jvm/1.10.2/4a9f78ef49483748e2c129f3d124b8fa249dafbf/kotlinx-coroutines-core-jvm-1.10.2.jar
[0.242s][info][class,load] kotlinx.coroutines.scheduling.GlobalQueue source: file:/C:/Users/TONYS/Documents/Codex/2026-09-29/https-github-com-jay3-yy-bilipai/work/toolchain/gradle-home/caches/modules-2/files-2.1/org.jetbrains.kotlinx/kotlinx-coroutines-core-jvm/1.10.2/4a9f78ef49483748e2c129f3d124b8fa249dafbf/kotlinx-coroutines-core-jvm-1.10.2.jar
[0.243s][info][class,load] kotlinx.coroutines.internal.ResizableAtomicArray source: file:/C:/Users/TONYS/Documents/Codex/2026-09-29/https-github-com-jay3-yy-bilipai/work/toolchain/gradle-home/caches/modules-2/files-2.1/org.jetbrains.kotlinx/kotlinx-coroutines-core-jvm/1.10.2/4a9f78ef49483748e2c129f3d124b8fa249dafbf/kotlinx-coroutines-core-jvm-1.10.2.jar
[0.243s][info][class,load] kotlinx.coroutines.internal.LockFreeTaskQueueCore source: file:/C:/Users/TONYS/Documents/Codex/2026-09-29/https-github-com-jay3-yy-bilipai/work/toolchain/gradle-home/caches/modules-2/files-2.1/org.jetbrains.kotlinx/kotlinx-coroutines-core-jvm/1.10.2/4a9f78ef49483748e2c129f3d124b8fa249dafbf/kotlinx-coroutines-core-jvm-1.10.2.jar
[0.244s][info][class,load] kotlinx.coroutines.internal.LockFreeTaskQueueCore$Companion source: file:/C:/Users/TONYS/Documents/Codex/2026-09-29/https-github-com-jay3-yy-bilipai/work/toolchain/gradle-home/caches/modules-2/files-2.1/org.jetbrains.kotlinx/kotlinx-coroutines-core-jvm/1.10.2/4a9f78ef49483748e2c129f3d124b8fa249dafbf/kotlinx-coroutines-core-jvm-1.10.2.jar
[0.245s][info][class,load] java.util.concurrent.atomic.AtomicReferenceArray source: jrt:/java.base
[0.245s][info][class,load] java.lang.invoke.VarHandles source: shared objects file
[0.246s][info][class,load] java.lang.invoke.VarHandleReferences$Array source: jrt:/java.base
[0.247s][info][class,load] java.lang.invoke.VarHandleGuards source: shared objects file
[0.248s][info][class,load] java.lang.invoke.VarForm source: shared objects file
[0.249s][info][class,load] kotlinx.coroutines.Unconfined source: file:/C:/Users/TONYS/Documents/Codex/2026-09-29/https-github-com-jay3-yy-bilipai/work/toolchain/gradle-home/caches/modules-2/files-2.1/org.jetbrains.kotlinx/kotlinx-coroutines-core-jvm/1.10.2/4a9f78ef49483748e2c129f3d124b8fa249dafbf/kotlinx-coroutines-core-jvm-1.10.2.jar
[0.251s][info][class,load] kotlin.coroutines.ContinuationInterceptor$DefaultImpls source: file:/C:/Users/TONYS/Documents/Codex/2026-09-29/https-github-com-jay3-yy-bilipai/work/toolchain/gradle-home/caches/modules-2/files-2.1/org.jetbrains.kotlin/kotlin-stdlib/2.4.10/8943c84ddc6d5cc00a10dbc3736c397066eeaab5/kotlin-stdlib-2.4.10.jar
[0.252s][info][class,load] kotlinx.coroutines.Job source: file:/C:/Users/TONYS/Documents/Codex/2026-09-29/https-github-com-jay3-yy-bilipai/work/toolchain/gradle-home/caches/modules-2/files-2.1/org.jetbrains.kotlinx/kotlinx-coroutines-core-jvm/1.10.2/4a9f78ef49483748e2c129f3d124b8fa249dafbf/kotlinx-coroutines-core-jvm-1.10.2.jar
[0.254s][info][class,load] kotlinx.coroutines.ChildJob source: file:/C:/Users/TONYS/Documents/Codex/2026-09-29/https-github-com-jay3-yy-bilipai/work/toolchain/gradle-home/caches/modules-2/files-2.1/org.jetbrains.kotlinx/kotlinx-coroutines-core-jvm/1.10.2/4a9f78ef49483748e2c129f3d124b8fa249dafbf/kotlinx-coroutines-core-jvm-1.10.2.jar
[0.254s][info][class,load] kotlinx.coroutines.ParentJob source: file:/C:/Users/TONYS/Documents/Codex/2026-09-29/https-github-com-jay3-yy-bilipai/work/toolchain/gradle-home/caches/modules-2/files-2.1/org.jetbrains.kotlinx/kotlinx-coroutines-core-jvm/1.10.2/4a9f78ef49483748e2c129f3d124b8fa249dafbf/kotlinx-coroutines-core-jvm-1.10.2.jar
[0.255s][info][class,load] kotlinx.coroutines.JobSupport source: file:/C:/Users/TONYS/Documents/Codex/2026-09-29/https-github-com-jay3-yy-bilipai/work/toolchain/gradle-home/caches/modules-2/files-2.1/org.jetbrains.kotlinx/kotlinx-coroutines-core-jvm/1.10.2/4a9f78ef49483748e2c129f3d124b8fa249dafbf/kotlinx-coroutines-core-jvm-1.10.2.jar
[0.255s][info][class,load] kotlinx.coroutines.AbstractCoroutine source: file:/C:/Users/TONYS/Documents/Codex/2026-09-29/https-github-com-jay3-yy-bilipai/work/toolchain/gradle-home/caches/modules-2/files-2.1/org.jetbrains.kotlinx/kotlinx-coroutines-core-jvm/1.10.2/4a9f78ef49483748e2c129f3d124b8fa249dafbf/kotlinx-coroutines-core-jvm-1.10.2.jar
[0.255s][info][class,load] kotlinx.coroutines.BlockingCoroutine source: file:/C:/Users/TONYS/Documents/Codex/2026-09-29/https-github-com-jay3-yy-bilipai/work/toolchain/gradle-home/caches/modules-2/files-2.1/org.jetbrains.kotlinx/kotlinx-coroutines-core-jvm/1.10.2/4a9f78ef49483748e2c129f3d124b8fa249dafbf/kotlinx-coroutines-core-jvm-1.10.2.jar
[0.256s][info][class,load] kotlinx.coroutines.JobSupportKt source: file:/C:/Users/TONYS/Documents/Codex/2026-09-29/https-github-com-jay3-yy-bilipai/work/toolchain/gradle-home/caches/modules-2/files-2.1/org.jetbrains.kotlinx/kotlinx-coroutines-core-jvm/1.10.2/4a9f78ef49483748e2c129f3d124b8fa249dafbf/kotlinx-coroutines-core-jvm-1.10.2.jar
[0.257s][info][class,load] kotlinx.coroutines.Incomplete source: file:/C:/Users/TONYS/Documents/Codex/2026-09-29/https-github-com-jay3-yy-bilipai/work/toolchain/gradle-home/caches/modules-2/files-2.1/org.jetbrains.kotlinx/kotlinx-coroutines-core-jvm/1.10.2/4a9f78ef49483748e2c129f3d124b8fa249dafbf/kotlinx-coroutines-core-jvm-1.10.2.jar
[0.257s][info][class,load] kotlinx.coroutines.Empty source: file:/C:/Users/TONYS/Documents/Codex/2026-09-29/https-github-com-jay3-yy-bilipai/work/toolchain/gradle-home/caches/modules-2/files-2.1/org.jetbrains.kotlinx/kotlinx-coroutines-core-jvm/1.10.2/4a9f78ef49483748e2c129f3d124b8fa249dafbf/kotlinx-coroutines-core-jvm-1.10.2.jar
[0.257s][info][class,load] kotlinx.coroutines.Job$Key source: file:/C:/Users/TONYS/Documents/Codex/2026-09-29/https-github-com-jay3-yy-bilipai/work/toolchain/gradle-home/caches/modules-2/files-2.1/org.jetbrains.kotlinx/kotlinx-coroutines-core-jvm/1.10.2/4a9f78ef49483748e2c129f3d124b8fa249dafbf/kotlinx-coroutines-core-jvm-1.10.2.jar
[0.258s][info][class,load] kotlinx.coroutines.DisposableHandle source: file:/C:/Users/TONYS/Documents/Codex/2026-09-29/https-github-com-jay3-yy-bilipai/work/toolchain/gradle-home/caches/modules-2/files-2.1/org.jetbrains.kotlinx/kotlinx-coroutines-core-jvm/1.10.2/4a9f78ef49483748e2c129f3d124b8fa249dafbf/kotlinx-coroutines-core-jvm-1.10.2.jar
[0.258s][info][class,load] kotlinx.coroutines.ChildHandle source: file:/C:/Users/TONYS/Documents/Codex/2026-09-29/https-github-com-jay3-yy-bilipai/work/toolchain/gradle-home/caches/modules-2/files-2.1/org.jetbrains.kotlinx/kotlinx-coroutines-core-jvm/1.10.2/4a9f78ef49483748e2c129f3d124b8fa249dafbf/kotlinx-coroutines-core-jvm-1.10.2.jar
[0.258s][info][class,load] kotlinx.coroutines.NonDisposableHandle source: file:/C:/Users/TONYS/Documents/Codex/2026-09-29/https-github-com-jay3-yy-bilipai/work/toolchain/gradle-home/caches/modules-2/files-2.1/org.jetbrains.kotlinx/kotlinx-coroutines-core-jvm/1.10.2/4a9f78ef49483748e2c129f3d124b8fa249dafbf/kotlinx-coroutines-core-jvm-1.10.2.jar
[0.259s][info][class,load] kotlin.coroutines.CoroutineContext$DefaultImpls source: file:/C:/Users/TONYS/Documents/Codex/2026-09-29/https-github-com-jay3-yy-bilipai/work/toolchain/gradle-home/caches/modules-2/files-2.1/org.jetbrains.kotlin/kotlin-stdlib/2.4.10/8943c84ddc6d5cc00a10dbc3736c397066eeaab5/kotlin-stdlib-2.4.10.jar
[0.259s][info][class,load] kotlin.coroutines.CoroutineContext$DefaultImpls$$Lambda/0x000000d53200b080 source: kotlin.coroutines.CoroutineContext$DefaultImpls
[0.260s][info][class,load] kotlinx.coroutines.Job$DefaultImpls source: file:/C:/Users/TONYS/Documents/Codex/2026-09-29/https-github-com-jay3-yy-bilipai/work/toolchain/gradle-home/caches/modules-2/files-2.1/org.jetbrains.kotlinx/kotlinx-coroutines-core-jvm/1.10.2/4a9f78ef49483748e2c129f3d124b8fa249dafbf/kotlinx-coroutines-core-jvm-1.10.2.jar
[0.261s][info][class,load] kotlin.coroutines.CombinedContext source: file:/C:/Users/TONYS/Documents/Codex/2026-09-29/https-github-com-jay3-yy-bilipai/work/toolchain/gradle-home/caches/modules-2/files-2.1/org.jetbrains.kotlin/kotlin-stdlib/2.4.10/8943c84ddc6d5cc00a10dbc3736c397066eeaab5/kotlin-stdlib-2.4.10.jar
[0.261s][info][class,load] java.io.IOException source: jrt:/java.base
[0.261s][info][class,load] java.io.ObjectStreamException source: jrt:/java.base
[0.261s][info][class,load] java.io.InvalidObjectException source: jrt:/java.base
[0.262s][info][class,load] kotlinx.coroutines.CoroutineStart source: file:/C:/Users/TONYS/Documents/Codex/2026-09-29/https-github-com-jay3-yy-bilipai/work/toolchain/gradle-home/caches/modules-2/files-2.1/org.jetbrains.kotlinx/kotlinx-coroutines-core-jvm/1.10.2/4a9f78ef49483748e2c129f3d124b8fa249dafbf/kotlinx-coroutines-core-jvm-1.10.2.jar
[0.263s][info][class,load] kotlin.enums.EnumEntriesKt source: file:/C:/Users/TONYS/Documents/Codex/2026-09-29/https-github-com-jay3-yy-bilipai/work/toolchain/gradle-home/caches/modules-2/files-2.1/org.jetbrains.kotlin/kotlin-stdlib/2.4.10/8943c84ddc6d5cc00a10dbc3736c397066eeaab5/kotlin-stdlib-2.4.10.jar
[0.263s][info][class,load] kotlin.NotImplementedError source: file:/C:/Users/TONYS/Documents/Codex/2026-09-29/https-github-com-jay3-yy-bilipai/work/toolchain/gradle-home/caches/modules-2/files-2.1/org.jetbrains.kotlin/kotlin-stdlib/2.4.10/8943c84ddc6d5cc00a10dbc3736c397066eeaab5/kotlin-stdlib-2.4.10.jar
[0.264s][info][class,load] kotlin.jvm.internal.markers.KMappedMarker source: file:/C:/Users/TONYS/Documents/Codex/2026-09-29/https-github-com-jay3-yy-bilipai/work/toolchain/gradle-home/caches/modules-2/files-2.1/org.jetbrains.kotlin/kotlin-stdlib/2.4.10/8943c84ddc6d5cc00a10dbc3736c397066eeaab5/kotlin-stdlib-2.4.10.jar
[0.264s][info][class,load] kotlin.enums.EnumEntries source: file:/C:/Users/TONYS/Documents/Codex/2026-09-29/https-github-com-jay3-yy-bilipai/work/toolchain/gradle-home/caches/modules-2/files-2.1/org.jetbrains.kotlin/kotlin-stdlib/2.4.10/8943c84ddc6d5cc00a10dbc3736c397066eeaab5/kotlin-stdlib-2.4.10.jar
[0.267s][info][class,load] kotlin.collections.AbstractCollection source: file:/C:/Users/TONYS/Documents/Codex/2026-09-29/https-github-com-jay3-yy-bilipai/work/toolchain/gradle-home/caches/modules-2/files-2.1/org.jetbrains.kotlin/kotlin-stdlib/2.4.10/8943c84ddc6d5cc00a10dbc3736c397066eeaab5/kotlin-stdlib-2.4.10.jar
[0.267s][info][class,load] kotlin.collections.AbstractList source: file:/C:/Users/TONYS/Documents/Codex/2026-09-29/https-github-com-jay3-yy-bilipai/work/toolchain/gradle-home/caches/modules-2/files-2.1/org.jetbrains.kotlin/kotlin-stdlib/2.4.10/8943c84ddc6d5cc00a10dbc3736c397066eeaab5/kotlin-stdlib-2.4.10.jar
[0.267s][info][class,load] kotlin.enums.EnumEntriesList source: file:/C:/Users/TONYS/Documents/Codex/2026-09-29/https-github-com-jay3-yy-bilipai/work/toolchain/gradle-home/caches/modules-2/files-2.1/org.jetbrains.kotlin/kotlin-stdlib/2.4.10/8943c84ddc6d5cc00a10dbc3736c397066eeaab5/kotlin-stdlib-2.4.10.jar
[0.268s][info][class,load] kotlin.collections.AbstractList$Companion source: file:/C:/Users/TONYS/Documents/Codex/2026-09-29/https-github-com-jay3-yy-bilipai/work/toolchain/gradle-home/caches/modules-2/files-2.1/org.jetbrains.kotlin/kotlin-stdlib/2.4.10/8943c84ddc6d5cc00a10dbc3736c397066eeaab5/kotlin-stdlib-2.4.10.jar
[0.268s][info][class,load] java.lang.IndexOutOfBoundsException source: jrt:/java.base
[0.269s][info][class,load] kotlinx.coroutines.CoroutineStart$WhenMappings source: file:/C:/Users/TONYS/Documents/Codex/2026-09-29/https-github-com-jay3-yy-bilipai/work/toolchain/gradle-home/caches/modules-2/files-2.1/org.jetbrains.kotlinx/kotlinx-coroutines-core-jvm/1.10.2/4a9f78ef49483748e2c129f3d124b8fa249dafbf/kotlinx-coroutines-core-jvm-1.10.2.jar
[0.269s][info][class,load] java.lang.IncompatibleClassChangeError source: shared objects file
[0.269s][info][class,load] java.lang.NoSuchFieldError source: jrt:/java.base
[0.269s][info][class,load] kotlinx.coroutines.intrinsics.CancellableKt source: file:/C:/Users/TONYS/Documents/Codex/2026-09-29/https-github-com-jay3-yy-bilipai/work/toolchain/gradle-home/caches/modules-2/files-2.1/org.jetbrains.kotlinx/kotlinx-coroutines-core-jvm/1.10.2/4a9f78ef49483748e2c129f3d124b8fa249dafbf/kotlinx-coroutines-core-jvm-1.10.2.jar
[0.270s][info][class,load] kotlin.coroutines.intrinsics.IntrinsicsKt__IntrinsicsJvmKt source: file:/C:/Users/TONYS/Documents/Codex/2026-09-29/https-github-com-jay3-yy-bilipai/work/toolchain/gradle-home/caches/modules-2/files-2.1/org.jetbrains.kotlin/kotlin-stdlib/2.4.10/8943c84ddc6d5cc00a10dbc3736c397066eeaab5/kotlin-stdlib-2.4.10.jar
[0.270s][info][class,load] kotlin.coroutines.intrinsics.IntrinsicsKt__IntrinsicsKt source: file:/C:/Users/TONYS/Documents/Codex/2026-09-29/https-github-com-jay3-yy-bilipai/work/toolchain/gradle-home/caches/modules-2/files-2.1/org.jetbrains.kotlin/kotlin-stdlib/2.4.10/8943c84ddc6d5cc00a10dbc3736c397066eeaab5/kotlin-stdlib-2.4.10.jar
[0.270s][info][class,load] kotlin.coroutines.intrinsics.IntrinsicsKt source: file:/C:/Users/TONYS/Documents/Codex/2026-09-29/https-github-com-jay3-yy-bilipai/work/toolchain/gradle-home/caches/modules-2/files-2.1/org.jetbrains.kotlin/kotlin-stdlib/2.4.10/8943c84ddc6d5cc00a10dbc3736c397066eeaab5/kotlin-stdlib-2.4.10.jar
[0.271s][info][class,load] kotlin.coroutines.jvm.internal.DebugProbesKt source: file:/C:/Users/TONYS/Documents/Codex/2026-09-29/https-github-com-jay3-yy-bilipai/work/toolchain/gradle-home/caches/modules-2/files-2.1/org.jetbrains.kotlin/kotlin-stdlib/2.4.10/8943c84ddc6d5cc00a10dbc3736c397066eeaab5/kotlin-stdlib-2.4.10.jar
[0.272s][info][class,load] kotlinx.coroutines.scheduling.Task source: file:/C:/Users/TONYS/Documents/Codex/2026-09-29/https-github-com-jay3-yy-bilipai/work/toolchain/gradle-home/caches/modules-2/files-2.1/org.jetbrains.kotlinx/kotlinx-coroutines-core-jvm/1.10.2/4a9f78ef49483748e2c129f3d124b8fa249dafbf/kotlinx-coroutines-core-jvm-1.10.2.jar
[0.272s][info][class,load] kotlinx.coroutines.DispatchedTask source: file:/C:/Users/TONYS/Documents/Codex/2026-09-29/https-github-com-jay3-yy-bilipai/work/toolchain/gradle-home/caches/modules-2/files-2.1/org.jetbrains.kotlinx/kotlinx-coroutines-core-jvm/1.10.2/4a9f78ef49483748e2c129f3d124b8fa249dafbf/kotlinx-coroutines-core-jvm-1.10.2.jar
[0.272s][info][class,load] kotlinx.coroutines.internal.DispatchedContinuation source: file:/C:/Users/TONYS/Documents/Codex/2026-09-29/https-github-com-jay3-yy-bilipai/work/toolchain/gradle-home/caches/modules-2/files-2.1/org.jetbrains.kotlinx/kotlinx-coroutines-core-jvm/1.10.2/4a9f78ef49483748e2c129f3d124b8fa249dafbf/kotlinx-coroutines-core-jvm-1.10.2.jar
[0.272s][info][class,load] kotlinx.coroutines.DispatchException source: file:/C:/Users/TONYS/Documents/Codex/2026-09-29/https-github-com-jay3-yy-bilipai/work/toolchain/gradle-home/caches/modules-2/files-2.1/org.jetbrains.kotlinx/kotlinx-coroutines-core-jvm/1.10.2/4a9f78ef49483748e2c129f3d124b8fa249dafbf/kotlinx-coroutines-core-jvm-1.10.2.jar
[0.273s][info][class,load] kotlinx.coroutines.internal.DispatchedContinuationKt source: file:/C:/Users/TONYS/Documents/Codex/2026-09-29/https-github-com-jay3-yy-bilipai/work/toolchain/gradle-home/caches/modules-2/files-2.1/org.jetbrains.kotlinx/kotlinx-coroutines-core-jvm/1.10.2/4a9f78ef49483748e2c129f3d124b8fa249dafbf/kotlinx-coroutines-core-jvm-1.10.2.jar
[0.273s][info][class,load] kotlinx.coroutines.internal.ThreadContextKt source: file:/C:/Users/TONYS/Documents/Codex/2026-09-29/https-github-com-jay3-yy-bilipai/work/toolchain/gradle-home/caches/modules-2/files-2.1/org.jetbrains.kotlinx/kotlinx-coroutines-core-jvm/1.10.2/4a9f78ef49483748e2c129f3d124b8fa249dafbf/kotlinx-coroutines-core-jvm-1.10.2.jar
[0.274s][info][class,load] java.lang.NoSuchMethodError source: shared objects file
[0.274s][info][class,load] java.lang.invoke.LambdaForm$DMH/0x000000d532014000 source: __JVM_LookupDefineClass__
[0.274s][info][class,load] kotlinx.coroutines.internal.ThreadContextKt$$Lambda/0x000000d5320119b0 source: kotlinx.coroutines.internal.ThreadContextKt
[0.275s][info][class,load] kotlinx.coroutines.internal.ThreadContextKt$$Lambda/0x000000d532011bd0 source: kotlinx.coroutines.internal.ThreadContextKt
[0.275s][info][class,load] kotlinx.coroutines.internal.ThreadState source: file:/C:/Users/TONYS/Documents/Codex/2026-09-29/https-github-com-jay3-yy-bilipai/work/toolchain/gradle-home/caches/modules-2/files-2.1/org.jetbrains.kotlinx/kotlinx-coroutines-core-jvm/1.10.2/4a9f78ef49483748e2c129f3d124b8fa249dafbf/kotlinx-coroutines-core-jvm-1.10.2.jar
[0.276s][info][class,load] kotlinx.coroutines.internal.ThreadContextKt$$Lambda/0x000000d532012000 source: kotlinx.coroutines.internal.ThreadContextKt
[0.277s][info][class,load] kotlin.Result source: file:/C:/Users/TONYS/Documents/Codex/2026-09-29/https-github-com-jay3-yy-bilipai/work/toolchain/gradle-home/caches/modules-2/files-2.1/org.jetbrains.kotlin/kotlin-stdlib/2.4.10/8943c84ddc6d5cc00a10dbc3736c397066eeaab5/kotlin-stdlib-2.4.10.jar
[0.278s][info][class,load] kotlin.Result$Companion source: file:/C:/Users/TONYS/Documents/Codex/2026-09-29/https-github-com-jay3-yy-bilipai/work/toolchain/gradle-home/caches/modules-2/files-2.1/org.jetbrains.kotlin/kotlin-stdlib/2.4.10/8943c84ddc6d5cc00a10dbc3736c397066eeaab5/kotlin-stdlib-2.4.10.jar
[0.278s][info][class,load] kotlin.Unit source: file:/C:/Users/TONYS/Documents/Codex/2026-09-29/https-github-com-jay3-yy-bilipai/work/toolchain/gradle-home/caches/modules-2/files-2.1/org.jetbrains.kotlin/kotlin-stdlib/2.4.10/8943c84ddc6d5cc00a10dbc3736c397066eeaab5/kotlin-stdlib-2.4.10.jar
[0.278s][info][class,load] kotlinx.coroutines.CompletionStateKt source: file:/C:/Users/TONYS/Documents/Codex/2026-09-29/https-github-com-jay3-yy-bilipai/work/toolchain/gradle-home/caches/modules-2/files-2.1/org.jetbrains.kotlinx/kotlinx-coroutines-core-jvm/1.10.2/4a9f78ef49483748e2c129f3d124b8fa249dafbf/kotlinx-coroutines-core-jvm-1.10.2.jar
[0.278s][info][class,load] kotlin.Result$Failure source: file:/C:/Users/TONYS/Documents/Codex/2026-09-29/https-github-com-jay3-yy-bilipai/work/toolchain/gradle-home/caches/modules-2/files-2.1/org.jetbrains.kotlin/kotlin-stdlib/2.4.10/8943c84ddc6d5cc00a10dbc3736c397066eeaab5/kotlin-stdlib-2.4.10.jar
[0.279s][info][class,load] kotlinx.coroutines.AbstractTimeSourceKt source: file:/C:/Users/TONYS/Documents/Codex/2026-09-29/https-github-com-jay3-yy-bilipai/work/toolchain/gradle-home/caches/modules-2/files-2.1/org.jetbrains.kotlinx/kotlinx-coroutines-core-jvm/1.10.2/4a9f78ef49483748e2c129f3d124b8fa249dafbf/kotlinx-coroutines-core-jvm-1.10.2.jar
[0.279s][info][class,load] kotlinx.coroutines.EventLoop_commonKt source: file:/C:/Users/TONYS/Documents/Codex/2026-09-29/https-github-com-jay3-yy-bilipai/work/toolchain/gradle-home/caches/modules-2/files-2.1/org.jetbrains.kotlinx/kotlinx-coroutines-core-jvm/1.10.2/4a9f78ef49483748e2c129f3d124b8fa249dafbf/kotlinx-coroutines-core-jvm-1.10.2.jar
[0.279s][info][class,load] kotlinx.coroutines.CompletedExceptionally source: file:/C:/Users/TONYS/Documents/Codex/2026-09-29/https-github-com-jay3-yy-bilipai/work/toolchain/gradle-home/caches/modules-2/files-2.1/org.jetbrains.kotlinx/kotlinx-coroutines-core-jvm/1.10.2/4a9f78ef49483748e2c129f3d124b8fa249dafbf/kotlinx-coroutines-core-jvm-1.10.2.jar
[0.280s][info][class,load] kotlinx.coroutines.DispatchedTaskKt source: file:/C:/Users/TONYS/Documents/Codex/2026-09-29/https-github-com-jay3-yy-bilipai/work/toolchain/gradle-home/caches/modules-2/files-2.1/org.jetbrains.kotlinx/kotlinx-coroutines-core-jvm/1.10.2/4a9f78ef49483748e2c129f3d124b8fa249dafbf/kotlinx-coroutines-core-jvm-1.10.2.jar
[0.281s][info][class,load] kotlin.coroutines.intrinsics.CoroutineSingletons source: file:/C:/Users/TONYS/Documents/Codex/2026-09-29/https-github-com-jay3-yy-bilipai/work/toolchain/gradle-home/caches/modules-2/files-2.1/org.jetbrains.kotlin/kotlin-stdlib/2.4.10/8943c84ddc6d5cc00a10dbc3736c397066eeaab5/kotlin-stdlib-2.4.10.jar
[0.281s][info][class,load] kotlin.ResultKt source: file:/C:/Users/TONYS/Documents/Codex/2026-09-29/https-github-com-jay3-yy-bilipai/work/toolchain/gradle-home/caches/modules-2/files-2.1/org.jetbrains.kotlin/kotlin-stdlib/2.4.10/8943c84ddc6d5cc00a10dbc3736c397066eeaab5/kotlin-stdlib-2.4.10.jar
[0.281s][info][class,load] java.nio.file.attribute.FileAttribute source: jrt:/java.base
[0.282s][info][class,load] java.nio.file.TempFileHelper source: jrt:/java.base
[0.282s][info][class,load] java.nio.file.FileSystems source: shared objects file
[0.282s][info][class,load] java.nio.file.FileSystems$DefaultFileSystemHolder source: shared objects file
[0.282s][info][class,load] java.nio.file.FileSystems$DefaultFileSystemHolder$1 source: shared objects file
[0.282s][info][class,load] java.net.URI$Parser source: shared objects file
[0.282s][info][class,load] java.util.random.RandomGenerator source: shared objects file
[0.282s][info][class,load] java.util.Random source: shared objects file
[0.282s][info][class,load] java.security.SecureRandom source: jrt:/java.base
[0.282s][info][class,load] sun.security.jca.Providers source: jrt:/java.base
[0.283s][info][class,load] sun.security.jca.ProviderList source: jrt:/java.base
[0.283s][info][class,load] sun.security.jca.ProviderConfig source: jrt:/java.base
[0.283s][info][class,load] java.security.Provider source: shared objects file
[0.283s][info][class,load] sun.security.jca.ProviderList$3 source: jrt:/java.base
[0.283s][info][class,load] sun.security.jca.ProviderList$1 source: jrt:/java.base
[0.283s][info][class,load] java.security.Provider$ServiceKey source: jrt:/java.base
[0.283s][info][class,load] java.security.Provider$EngineDescription source: jrt:/java.base
[0.283s][info][class,load] java.security.SecureRandomParameters source: jrt:/java.base
[0.283s][info][class,load] java.security.cert.CertStoreParameters source: jrt:/java.base
[0.283s][info][class,load] java.security.Policy$Parameters source: jrt:/java.base
[0.283s][info][class,load] javax.security.auth.login.Configuration$Parameters source: jrt:/java.base
[0.283s][info][class,load] jdk.internal.math.FloatingDecimal source: jrt:/java.base
[0.283s][info][class,load] jdk.internal.math.FloatingDecimal$BinaryToASCIIConverter source: jrt:/java.base
[0.284s][info][class,load] jdk.internal.math.FloatingDecimal$ExceptionalBinaryToASCIIBuffer source: jrt:/java.base
[0.284s][info][class,load] jdk.internal.math.FloatingDecimal$BinaryToASCIIBuffer source: jrt:/java.base
[0.284s][info][class,load] jdk.internal.math.FloatingDecimal$1 source: jrt:/java.base
[0.284s][info][class,load] jdk.internal.math.FloatingDecimal$ASCIIToBinaryConverter source: jrt:/java.base
[0.284s][info][class,load] jdk.internal.math.FloatingDecimal$PreparedASCIIToBinaryBuffer source: jrt:/java.base
[0.284s][info][class,load] jdk.internal.math.FloatingDecimal$ASCIIToBinaryBuffer source: jrt:/java.base
[0.284s][info][class,load] java.util.LinkedHashSet source: shared objects file
[0.284s][info][class,load] sun.security.jca.ProviderList$2 source: jrt:/java.base
[0.284s][info][class,load] java.security.Security source: shared objects file
[0.284s][info][class,load] java.security.Security$$Lambda/0x80000000b source: shared objects file
[0.285s][info][class,load] java.util.Properties$LineReader source: shared objects file
[0.286s][info][class,load] java.io.FileInputStream$1 source: shared objects file
[0.286s][info][class,load] java.util.concurrent.ConcurrentHashMap$EntrySetView source: shared objects file
[0.286s][info][class,load] java.util.concurrent.ConcurrentHashMap$EntryIterator source: shared objects file
[0.286s][info][class,load] java.util.concurrent.ConcurrentHashMap$MapEntry source: shared objects file
[0.286s][info][class,load] jdk.internal.access.JavaSecurityPropertiesAccess source: shared objects file
[0.287s][info][class,load] java.security.Security$1 source: shared objects file
[0.287s][info][class,load] java.util.AbstractList$Itr source: jrt:/java.base
[0.287s][info][class,load] sun.security.provider.Sun source: jrt:/java.base
[0.287s][info][class,load] sun.security.util.SecurityConstants source: jrt:/java.base
[0.287s][info][class,load] java.net.NetPermission source: jrt:/java.base
[0.287s][info][class,load] java.security.SecurityPermission source: jrt:/java.base
[0.287s][info][class,load] java.net.SocketPermission source: jrt:/java.base
[0.288s][info][class,load] java.lang.reflect.ReflectPermission source: jrt:/java.base
[0.288s][info][class,load] sun.security.provider.SunEntries source: jrt:/java.base
[0.288s][info][class,load] sun.security.provider.SunEntries$1 source: jrt:/java.base
[0.288s][info][class,load] sun.security.provider.NativePRNG source: jrt:/java.base
[0.288s][info][class,load] sun.security.provider.NativePRNG$Blocking source: jrt:/java.base
[0.288s][info][class,load] sun.security.provider.NativePRNG$NonBlocking source: jrt:/java.base
[0.288s][info][class,load] java.security.Provider$Service source: jrt:/java.base
[0.288s][info][class,load] java.security.Provider$UString source: jrt:/java.base
[0.288s][info][class,load] sun.security.util.SecurityProviderConstants source: jrt:/java.base
[0.289s][info][class,load] sun.security.util.KnownOIDs source: jrt:/java.base
[0.289s][info][class,load] sun.security.util.KnownOIDs$1 source: jrt:/java.base
[0.289s][info][class,load] sun.security.util.KnownOIDs$2 source: jrt:/java.base
[0.290s][info][class,load] sun.security.util.KnownOIDs$3 source: jrt:/java.base
[0.290s][info][class,load] sun.security.util.KnownOIDs$4 source: jrt:/java.base
[0.290s][info][class,load] sun.security.util.KnownOIDs$5 source: jrt:/java.base
[0.290s][info][class,load] sun.security.util.KnownOIDs$6 source: jrt:/java.base
[0.290s][info][class,load] sun.security.util.KnownOIDs$7 source: jrt:/java.base
[0.290s][info][class,load] sun.security.util.KnownOIDs$8 source: jrt:/java.base
[0.291s][info][class,load] sun.security.util.KnownOIDs$9 source: jrt:/java.base
[0.291s][info][class,load] sun.security.util.KnownOIDs$10 source: jrt:/java.base
[0.295s][info][class,load] java.util.Arrays$ArrayList source: shared objects file
[0.296s][info][class,load] java.util.LinkedHashMap$LinkedKeySet source: jrt:/java.base
[0.296s][info][class,load] java.util.LinkedHashMap$LinkedHashIterator source: shared objects file
[0.296s][info][class,load] java.util.LinkedHashMap$LinkedKeyIterator source: jrt:/java.base
[0.296s][info][class,load] java.util.Collections$EmptyIterator source: shared objects file
[0.297s][info][class,load] jdk.internal.event.Event source: jrt:/java.base
[0.297s][info][class,load] jdk.internal.event.SecurityProviderServiceEvent source: jrt:/java.base
[0.298s][info][class,load] java.security.SecureRandomSpi source: jrt:/java.base
[0.298s][info][class,load] sun.security.provider.DRBG source: jrt:/java.base
[0.298s][info][class,load] jdk.internal.reflect.MethodHandleAccessorFactory$LazyStaticHolder source: shared objects file
[0.298s][info][class,load] java.lang.invoke.BoundMethodHandle$Species_LL source: shared objects file
[0.299s][info][class,load] java.lang.invoke.LambdaForm$MH/0x000000d532014400 source: __JVM_LookupDefineClass__
[0.299s][info][class,load] java.lang.invoke.LambdaForm$MH/0x000000d532014800 source: __JVM_LookupDefineClass__
[0.300s][info][class,load] sun.security.provider.DRBG$$Lambda/0x000000d532050a20 source: sun.security.provider.DRBG
[0.300s][info][class,load] java.security.DrbgParameters$Capability source: jrt:/java.base
[0.300s][info][class,load] sun.security.provider.MoreDrbgParameters source: jrt:/java.base
[0.300s][info][class,load] java.security.DrbgParameters source: jrt:/java.base
[0.300s][info][class,load] java.security.DrbgParameters$Instantiation source: jrt:/java.base
[0.300s][info][class,load] sun.security.provider.AbstractDrbg source: jrt:/java.base
[0.300s][info][class,load] sun.security.provider.AbstractHashDrbg source: jrt:/java.base
[0.300s][info][class,load] sun.security.provider.HashDrbg source: jrt:/java.base
[0.300s][info][class,load] sun.security.provider.EntropySource source: jrt:/java.base
[0.301s][info][class,load] java.lang.invoke.LambdaForm$DMH/0x000000d532014c00 source: __JVM_LookupDefineClass__
[0.301s][info][class,load] java.lang.invoke.LambdaForm$DMH/0x000000d532015000 source: __JVM_LookupDefineClass__
[0.301s][info][class,load] sun.security.provider.AbstractDrbg$$Lambda/0x000000d532051f80 source: sun.security.provider.AbstractDrbg
[0.301s][info][class,load] java.security.DrbgParameters$NextBytes source: jrt:/java.base
[0.302s][info][class,load] sun.security.provider.AbstractDrbg$SeederHolder source: jrt:/java.base
[0.302s][info][class,load] sun.security.provider.SeedGenerator source: jrt:/java.base
[0.302s][info][class,load] sun.security.provider.NativeSeedGenerator source: jrt:/java.base
[0.307s][info][class,load] java.security.MessageDigestSpi source: jrt:/java.base
[0.307s][info][class,load] java.security.MessageDigest source: jrt:/java.base
[0.307s][info][class,load] java.security.AlgorithmConstraints source: jrt:/java.base
[0.307s][info][class,load] sun.security.util.AbstractAlgorithmConstraints source: jrt:/java.base
[0.307s][info][class,load] sun.security.util.CryptoAlgorithmConstraints source: jrt:/java.base
[0.307s][info][class,load] sun.security.util.CryptoAlgorithmConstraints$CryptoHolder source: jrt:/java.base
[0.307s][info][class,load] sun.security.util.SecurityProperties source: shared objects file
[0.307s][info][class,load] sun.security.jca.GetInstance source: jrt:/java.base
[0.308s][info][class,load] sun.security.provider.DigestBase source: jrt:/java.base
[0.308s][info][class,load] sun.security.provider.SHA source: jrt:/java.base
[0.308s][info][class,load] sun.security.jca.GetInstance$Instance source: jrt:/java.base
[0.308s][info][class,load] sun.security.util.MessageDigestSpi2 source: jrt:/java.base
[0.308s][info][class,load] java.security.MessageDigest$Delegate source: jrt:/java.base
[0.309s][info][class,load] java.security.MessageDigest$Delegate$CloneableDelegate source: jrt:/java.base
[0.309s][info][class,load] sun.security.provider.SeedGenerator$1 source: jrt:/java.base
[0.309s][info][class,load] java.util.Properties$EntrySet source: shared objects file
[0.309s][info][class,load] java.util.Collections$SynchronizedCollection source: shared objects file
[0.309s][info][class,load] java.util.Collections$SynchronizedSet source: shared objects file
[0.309s][info][class,load] java.util.Collections$UnmodifiableCollection source: shared objects file
[0.309s][info][class,load] java.util.Collections$UnmodifiableSet source: shared objects file
[0.309s][info][class,load] java.util.Collections$UnmodifiableCollection$1 source: shared objects file
[0.309s][info][class,load] sun.security.provider.ByteArrayAccess source: jrt:/java.base
[0.309s][info][class,load] sun.security.provider.ByteArrayAccess$BE source: jrt:/java.base
[0.309s][info][class,load] java.lang.invoke.VarHandleByteArrayAsInts$ByteArrayViewVarHandle source: shared objects file
[0.309s][info][class,load] java.lang.invoke.VarHandleByteArrayAsInts$ArrayHandle source: shared objects file
[0.309s][info][class,load] java.lang.invoke.VarHandleByteArrayAsLongs$ByteArrayViewVarHandle source: shared objects file
[0.309s][info][class,load] java.lang.invoke.VarHandleByteArrayAsLongs$ArrayHandle source: shared objects file
[0.309s][info][class,load] java.lang.invoke.VarHandle$AccessDescriptor source: shared objects file
[0.312s][info][class,load] java.net.NetworkInterface source: shared objects file
[0.313s][info][class,load] java.net.InterfaceAddress source: shared objects file
[0.313s][info][class,load] java.net.InetAddress source: shared objects file
[0.314s][info][class,load] jdk.internal.access.JavaNetInetAddressAccess source: shared objects file
[0.314s][info][class,load] java.net.InetAddress$1 source: shared objects file
[0.314s][info][class,load] java.net.InetAddress$InetAddressHolder source: shared objects file
[0.315s][info][class,load] java.util.concurrent.ConcurrentSkipListSet source: shared objects file
[0.315s][info][class,load] java.util.concurrent.ConcurrentNavigableMap source: shared objects file
[0.315s][info][class,load] java.util.concurrent.ConcurrentSkipListMap source: shared objects file
[0.315s][info][class,load] java.util.concurrent.ConcurrentSkipListMap$Index source: shared objects file
[0.315s][info][class,load] java.lang.invoke.VarHandleReferences$FieldInstanceReadOnly source: shared objects file
[0.315s][info][class,load] java.lang.invoke.VarHandleReferences$FieldInstanceReadWrite source: shared objects file
[0.315s][info][class,load] java.util.concurrent.atomic.Striped64 source: shared objects file
[0.315s][info][class,load] java.util.concurrent.atomic.LongAdder source: shared objects file
[0.315s][info][class,load] java.util.concurrent.ConcurrentSkipListMap$Node source: shared objects file
[0.315s][info][class,load] java.net.InetAddressImpl source: shared objects file
[0.315s][info][class,load] java.net.Inet6AddressImpl source: shared objects file
[0.315s][info][class,load] java.net.Inet4AddressImpl source: shared objects file
[0.315s][info][class,load] java.net.spi.InetAddressResolver$LookupPolicy source: shared objects file
[0.315s][info][class,load] java.net.spi.InetAddressResolver source: shared objects file
[0.315s][info][class,load] java.net.InetAddress$PlatformResolver source: shared objects file
[0.315s][info][class,load] java.net.Inet4Address source: shared objects file
[0.315s][info][class,load] java.net.Inet6Address source: shared objects file
[0.315s][info][class,load] java.net.Inet6Address$Inet6AddressHolder source: shared objects file
[0.315s][info][class,load] java.net.DefaultInterface source: shared objects file
[0.319s][info][class,load] java.net.NetworkInterface$1 source: jrt:/java.base
[0.320s][info][class,load] java.nio.file.DirectoryStream$Filter source: jrt:/java.base
[0.320s][info][class,load] java.nio.file.Files$AcceptAllFilter source: jrt:/java.base
[0.320s][info][class,load] java.nio.file.DirectoryStream source: jrt:/java.base
[0.320s][info][class,load] sun.nio.fs.WindowsDirectoryStream source: jrt:/java.base
[0.320s][info][class,load] sun.nio.fs.WindowsDirectoryStream$WindowsDirectoryIterator source: jrt:/java.base
[0.321s][info][class,load] sun.nio.fs.BasicFileAttributesHolder source: jrt:/java.base
[0.321s][info][class,load] sun.nio.fs.WindowsPath$WindowsPathWithAttributes source: jrt:/java.base
[0.322s][info][class,load] java.lang.invoke.LambdaForm$DMH/0x000000d532015400 source: __JVM_LookupDefineClass__
[0.322s][info][class,load] java.lang.invoke.LambdaForm$DMH/0x000000d532015800 source: __JVM_LookupDefineClass__
[0.322s][info][class,load] sun.security.provider.AbstractDrbg$SeederHolder$$Lambda/0x000000d532056880 source: sun.security.provider.AbstractDrbg
[0.324s][info][class,load] sun.security.provider.AbstractDrbg$NonceProvider source: jrt:/java.base
[0.324s][info][class,load] sun.security.provider.SHA2 source: jrt:/java.base
[0.324s][info][class,load] sun.security.provider.SHA2$SHA256 source: jrt:/java.base
[0.325s][info][class,load] sun.nio.fs.WindowsPath$1 source: jrt:/java.base
[0.325s][info][class,load] sun.nio.fs.WindowsSecurityDescriptor source: jrt:/java.base
[0.327s][info][class,load] okhttp3.CookieJar source: file:/C:/Users/TONYS/Documents/Codex/2026-09-29/https-github-com-jay3-yy-bilipai/work/toolchain/gradle-home/caches/modules-2/files-2.1/com.squareup.okhttp3/okhttp-jvm/5.3.2/f31e8de27feebe1e56d6c9d354a0986b65be0e1d/okhttp-jvm-5.3.2.jar
[0.327s][info][class,load] com.bilipai.desktop.data.DesktopDynamicCacheSessionGuard source: file:/C:/Users/TONYS/Documents/Codex/2026-09-29/https-github-com-jay3-yy-bilipai/work/BiliPai/desktop/.local/dynamic-detail-reply-main-integration/main-product-snapshot-01/main-kotlin.jar
[0.327s][info][class,load] com.bilipai.desktop.data.DesktopSessionStore source: file:/C:/Users/TONYS/Documents/Codex/2026-09-29/https-github-com-jay3-yy-bilipai/work/BiliPai/desktop/.local/dynamic-detail-reply-main-integration/main-product-snapshot-01/main-kotlin.jar
[0.327s][info][class,load] java.nio.file.FileSystemException source: jrt:/java.base
[0.327s][info][class,load] java.nio.file.AtomicMoveNotSupportedException source: jrt:/java.base
[0.328s][info][class,load] com.bilipai.desktop.data.BiliApiException source: file:/C:/Users/TONYS/Documents/Codex/2026-09-29/https-github-com-jay3-yy-bilipai/work/BiliPai/desktop/.local/dynamic-detail-reply-main-integration/main-product-snapshot-01/main-kotlin.jar
[0.328s][info][class,load] com.bilipai.desktop.data.DesktopSessionStore$Companion source: file:/C:/Users/TONYS/Documents/Codex/2026-09-29/https-github-com-jay3-yy-bilipai/work/BiliPai/desktop/.local/dynamic-detail-reply-main-integration/main-product-snapshot-01/main-kotlin.jar
[0.329s][info][class,load] kotlin.collections.SetsKt__SetsJVMKt source: file:/C:/Users/TONYS/Documents/Codex/2026-09-29/https-github-com-jay3-yy-bilipai/work/toolchain/gradle-home/caches/modules-2/files-2.1/org.jetbrains.kotlin/kotlin-stdlib/2.4.10/8943c84ddc6d5cc00a10dbc3736c397066eeaab5/kotlin-stdlib-2.4.10.jar
[0.329s][info][class,load] kotlin.collections.SetsKt__SetsKt source: file:/C:/Users/TONYS/Documents/Codex/2026-09-29/https-github-com-jay3-yy-bilipai/work/toolchain/gradle-home/caches/modules-2/files-2.1/org.jetbrains.kotlin/kotlin-stdlib/2.4.10/8943c84ddc6d5cc00a10dbc3736c397066eeaab5/kotlin-stdlib-2.4.10.jar
[0.329s][info][class,load] kotlin.collections.SetsKt___SetsKt source: file:/C:/Users/TONYS/Documents/Codex/2026-09-29/https-github-com-jay3-yy-bilipai/work/toolchain/gradle-home/caches/modules-2/files-2.1/org.jetbrains.kotlin/kotlin-stdlib/2.4.10/8943c84ddc6d5cc00a10dbc3736c397066eeaab5/kotlin-stdlib-2.4.10.jar
[0.329s][info][class,load] kotlin.collections.SetsKt source: file:/C:/Users/TONYS/Documents/Codex/2026-09-29/https-github-com-jay3-yy-bilipai/work/toolchain/gradle-home/caches/modules-2/files-2.1/org.jetbrains.kotlin/kotlin-stdlib/2.4.10/8943c84ddc6d5cc00a10dbc3736c397066eeaab5/kotlin-stdlib-2.4.10.jar
[0.340s][info][class,load] kotlin.collections.ArraysKt__ArraysJVMKt source: file:/C:/Users/TONYS/Documents/Codex/2026-09-29/https-github-com-jay3-yy-bilipai/work/toolchain/gradle-home/caches/modules-2/files-2.1/org.jetbrains.kotlin/kotlin-stdlib/2.4.10/8943c84ddc6d5cc00a10dbc3736c397066eeaab5/kotlin-stdlib-2.4.10.jar
[0.340s][info][class,load] kotlin.collections.ArraysKt__ArraysKt source: file:/C:/Users/TONYS/Documents/Codex/2026-09-29/https-github-com-jay3-yy-bilipai/work/toolchain/gradle-home/caches/modules-2/files-2.1/org.jetbrains.kotlin/kotlin-stdlib/2.4.10/8943c84ddc6d5cc00a10dbc3736c397066eeaab5/kotlin-stdlib-2.4.10.jar
[0.340s][info][class,load] kotlin.collections.ArraysKt___ArraysJvmKt source: file:/C:/Users/TONYS/Documents/Codex/2026-09-29/https-github-com-jay3-yy-bilipai/work/toolchain/gradle-home/caches/modules-2/files-2.1/org.jetbrains.kotlin/kotlin-stdlib/2.4.10/8943c84ddc6d5cc00a10dbc3736c397066eeaab5/kotlin-stdlib-2.4.10.jar
[0.341s][info][class,load] kotlin.collections.ArraysKt___ArraysKt source: file:/C:/Users/TONYS/Documents/Codex/2026-09-29/https-github-com-jay3-yy-bilipai/work/toolchain/gradle-home/caches/modules-2/files-2.1/org.jetbrains.kotlin/kotlin-stdlib/2.4.10/8943c84ddc6d5cc00a10dbc3736c397066eeaab5/kotlin-stdlib-2.4.10.jar
[0.341s][info][class,load] kotlin.collections.ArraysKt source: file:/C:/Users/TONYS/Documents/Codex/2026-09-29/https-github-com-jay3-yy-bilipai/work/toolchain/gradle-home/caches/modules-2/files-2.1/org.jetbrains.kotlin/kotlin-stdlib/2.4.10/8943c84ddc6d5cc00a10dbc3736c397066eeaab5/kotlin-stdlib-2.4.10.jar
[0.346s][info][class,load] kotlin.collections.MapsKt__MapWithDefaultKt source: file:/C:/Users/TONYS/Documents/Codex/2026-09-29/https-github-com-jay3-yy-bilipai/work/toolchain/gradle-home/caches/modules-2/files-2.1/org.jetbrains.kotlin/kotlin-stdlib/2.4.10/8943c84ddc6d5cc00a10dbc3736c397066eeaab5/kotlin-stdlib-2.4.10.jar
[0.346s][info][class,load] kotlin.collections.MapsKt__MapsJVMKt source: file:/C:/Users/TONYS/Documents/Codex/2026-09-29/https-github-com-jay3-yy-bilipai/work/toolchain/gradle-home/caches/modules-2/files-2.1/org.jetbrains.kotlin/kotlin-stdlib/2.4.10/8943c84ddc6d5cc00a10dbc3736c397066eeaab5/kotlin-stdlib-2.4.10.jar
[0.346s][info][class,load] kotlin.collections.MapsKt__MapsKt source: file:/C:/Users/TONYS/Documents/Codex/2026-09-29/https-github-com-jay3-yy-bilipai/work/toolchain/gradle-home/caches/modules-2/files-2.1/org.jetbrains.kotlin/kotlin-stdlib/2.4.10/8943c84ddc6d5cc00a10dbc3736c397066eeaab5/kotlin-stdlib-2.4.10.jar
[0.346s][info][class,load] kotlin.collections.MapsKt___MapsJvmKt source: file:/C:/Users/TONYS/Documents/Codex/2026-09-29/https-github-com-jay3-yy-bilipai/work/toolchain/gradle-home/caches/modules-2/files-2.1/org.jetbrains.kotlin/kotlin-stdlib/2.4.10/8943c84ddc6d5cc00a10dbc3736c397066eeaab5/kotlin-stdlib-2.4.10.jar
[0.346s][info][class,load] kotlin.collections.MapsKt___MapsKt source: file:/C:/Users/TONYS/Documents/Codex/2026-09-29/https-github-com-jay3-yy-bilipai/work/toolchain/gradle-home/caches/modules-2/files-2.1/org.jetbrains.kotlin/kotlin-stdlib/2.4.10/8943c84ddc6d5cc00a10dbc3736c397066eeaab5/kotlin-stdlib-2.4.10.jar
[0.346s][info][class,load] kotlin.collections.MapsKt source: file:/C:/Users/TONYS/Documents/Codex/2026-09-29/https-github-com-jay3-yy-bilipai/work/toolchain/gradle-home/caches/modules-2/files-2.1/org.jetbrains.kotlin/kotlin-stdlib/2.4.10/8943c84ddc6d5cc00a10dbc3736c397066eeaab5/kotlin-stdlib-2.4.10.jar
[0.350s][info][class,load] kotlin.collections.CollectionsKt__CollectionsJVMKt source: file:/C:/Users/TONYS/Documents/Codex/2026-09-29/https-github-com-jay3-yy-bilipai/work/toolchain/gradle-home/caches/modules-2/files-2.1/org.jetbrains.kotlin/kotlin-stdlib/2.4.10/8943c84ddc6d5cc00a10dbc3736c397066eeaab5/kotlin-stdlib-2.4.10.jar
[0.350s][info][class,load] kotlin.collections.CollectionsKt__CollectionsKt source: file:/C:/Users/TONYS/Documents/Codex/2026-09-29/https-github-com-jay3-yy-bilipai/work/toolchain/gradle-home/caches/modules-2/files-2.1/org.jetbrains.kotlin/kotlin-stdlib/2.4.10/8943c84ddc6d5cc00a10dbc3736c397066eeaab5/kotlin-stdlib-2.4.10.jar
[0.350s][info][class,load] kotlin.collections.CollectionsKt__IterablesKt source: file:/C:/Users/TONYS/Documents/Codex/2026-09-29/https-github-com-jay3-yy-bilipai/work/toolchain/gradle-home/caches/modules-2/files-2.1/org.jetbrains.kotlin/kotlin-stdlib/2.4.10/8943c84ddc6d5cc00a10dbc3736c397066eeaab5/kotlin-stdlib-2.4.10.jar
[0.350s][info][class,load] kotlin.collections.CollectionsKt__IteratorsJVMKt source: file:/C:/Users/TONYS/Documents/Codex/2026-09-29/https-github-com-jay3-yy-bilipai/work/toolchain/gradle-home/caches/modules-2/files-2.1/org.jetbrains.kotlin/kotlin-stdlib/2.4.10/8943c84ddc6d5cc00a10dbc3736c397066eeaab5/kotlin-stdlib-2.4.10.jar
[0.350s][info][class,load] kotlin.collections.CollectionsKt__IteratorsKt source: file:/C:/Users/TONYS/Documents/Codex/2026-09-29/https-github-com-jay3-yy-bilipai/work/toolchain/gradle-home/caches/modules-2/files-2.1/org.jetbrains.kotlin/kotlin-stdlib/2.4.10/8943c84ddc6d5cc00a10dbc3736c397066eeaab5/kotlin-stdlib-2.4.10.jar
[0.350s][info][class,load] kotlin.collections.CollectionsKt__MutableCollectionsJVMKt source: file:/C:/Users/TONYS/Documents/Codex/2026-09-29/https-github-com-jay3-yy-bilipai/work/toolchain/gradle-home/caches/modules-2/files-2.1/org.jetbrains.kotlin/kotlin-stdlib/2.4.10/8943c84ddc6d5cc00a10dbc3736c397066eeaab5/kotlin-stdlib-2.4.10.jar
[0.350s][info][class,load] kotlin.collections.CollectionsKt__MutableCollectionsKt source: file:/C:/Users/TONYS/Documents/Codex/2026-09-29/https-github-com-jay3-yy-bilipai/work/toolchain/gradle-home/caches/modules-2/files-2.1/org.jetbrains.kotlin/kotlin-stdlib/2.4.10/8943c84ddc6d5cc00a10dbc3736c397066eeaab5/kotlin-stdlib-2.4.10.jar
[0.350s][info][class,load] kotlin.collections.CollectionsKt__ReversedViewsKt source: file:/C:/Users/TONYS/Documents/Codex/2026-09-29/https-github-com-jay3-yy-bilipai/work/toolchain/gradle-home/caches/modules-2/files-2.1/org.jetbrains.kotlin/kotlin-stdlib/2.4.10/8943c84ddc6d5cc00a10dbc3736c397066eeaab5/kotlin-stdlib-2.4.10.jar
[0.350s][info][class,load] kotlin.collections.CollectionsKt___CollectionsJvmKt source: file:/C:/Users/TONYS/Documents/Codex/2026-09-29/https-github-com-jay3-yy-bilipai/work/toolchain/gradle-home/caches/modules-2/files-2.1/org.jetbrains.kotlin/kotlin-stdlib/2.4.10/8943c84ddc6d5cc00a10dbc3736c397066eeaab5/kotlin-stdlib-2.4.10.jar
[0.350s][info][class,load] kotlin.collections.CollectionsKt___CollectionsKt source: file:/C:/Users/TONYS/Documents/Codex/2026-09-29/https-github-com-jay3-yy-bilipai/work/toolchain/gradle-home/caches/modules-2/files-2.1/org.jetbrains.kotlin/kotlin-stdlib/2.4.10/8943c84ddc6d5cc00a10dbc3736c397066eeaab5/kotlin-stdlib-2.4.10.jar
[0.350s][info][class,load] kotlin.collections.CollectionsKt source: file:/C:/Users/TONYS/Documents/Codex/2026-09-29/https-github-com-jay3-yy-bilipai/work/toolchain/gradle-home/caches/modules-2/files-2.1/org.jetbrains.kotlin/kotlin-stdlib/2.4.10/8943c84ddc6d5cc00a10dbc3736c397066eeaab5/kotlin-stdlib-2.4.10.jar
[0.351s][info][class,load] kotlinx.serialization.json.JsonBuilder source: file:/C:/Users/TONYS/Documents/Codex/2026-09-29/https-github-com-jay3-yy-bilipai/work/toolchain/gradle-home/caches/modules-2/files-2.1/org.jetbrains.kotlinx/kotlinx-serialization-json-jvm/1.11.0/e7e045e99e56f07599bb9ccb708c2190e2af0606/kotlinx-serialization-json-jvm-1.11.0.jar
[0.352s][info][class,load] com.bilipai.desktop.data.DesktopSessionStore$$Lambda/0x000000d532019c78 source: com.bilipai.desktop.data.DesktopSessionStore
[0.352s][info][class,load] kotlinx.serialization.json.JsonKt source: file:/C:/Users/TONYS/Documents/Codex/2026-09-29/https-github-com-jay3-yy-bilipai/work/toolchain/gradle-home/caches/modules-2/files-2.1/org.jetbrains.kotlinx/kotlinx-serialization-json-jvm/1.11.0/e7e045e99e56f07599bb9ccb708c2190e2af0606/kotlinx-serialization-json-jvm-1.11.0.jar
[0.352s][info][class,load] kotlinx.serialization.SerialFormat source: file:/C:/Users/TONYS/Documents/Codex/2026-09-29/https-github-com-jay3-yy-bilipai/work/toolchain/gradle-home/caches/modules-2/files-2.1/org.jetbrains.kotlinx/kotlinx-serialization-core-jvm/1.11.0/c1905c9bf7452b045d5af9248835abe64ddad6bf/kotlinx-serialization-core-jvm-1.11.0.jar
[0.353s][info][class,load] kotlinx.serialization.StringFormat source: file:/C:/Users/TONYS/Documents/Codex/2026-09-29/https-github-com-jay3-yy-bilipai/work/toolchain/gradle-home/caches/modules-2/files-2.1/org.jetbrains.kotlinx/kotlinx-serialization-core-jvm/1.11.0/c1905c9bf7452b045d5af9248835abe64ddad6bf/kotlinx-serialization-core-jvm-1.11.0.jar
[0.353s][info][class,load] kotlinx.serialization.json.Json source: file:/C:/Users/TONYS/Documents/Codex/2026-09-29/https-github-com-jay3-yy-bilipai/work/toolchain/gradle-home/caches/modules-2/files-2.1/org.jetbrains.kotlinx/kotlinx-serialization-json-jvm/1.11.0/e7e045e99e56f07599bb9ccb708c2190e2af0606/kotlinx-serialization-json-jvm-1.11.0.jar
[0.353s][info][class,load] kotlinx.serialization.json.Json$Default source: file:/C:/Users/TONYS/Documents/Codex/2026-09-29/https-github-com-jay3-yy-bilipai/work/toolchain/gradle-home/caches/modules-2/files-2.1/org.jetbrains.kotlinx/kotlinx-serialization-json-jvm/1.11.0/e7e045e99e56f07599bb9ccb708c2190e2af0606/kotlinx-serialization-json-jvm-1.11.0.jar
[0.353s][info][class,load] kotlinx.serialization.json.JsonConfiguration source: file:/C:/Users/TONYS/Documents/Codex/2026-09-29/https-github-com-jay3-yy-bilipai/work/toolchain/gradle-home/caches/modules-2/files-2.1/org.jetbrains.kotlinx/kotlinx-serialization-json-jvm/1.11.0/e7e045e99e56f07599bb9ccb708c2190e2af0606/kotlinx-serialization-json-jvm-1.11.0.jar
[0.353s][info][class,load] kotlinx.serialization.json.ClassDiscriminatorMode source: file:/C:/Users/TONYS/Documents/Codex/2026-09-29/https-github-com-jay3-yy-bilipai/work/toolchain/gradle-home/caches/modules-2/files-2.1/org.jetbrains.kotlinx/kotlinx-serialization-json-jvm/1.11.0/e7e045e99e56f07599bb9ccb708c2190e2af0606/kotlinx-serialization-json-jvm-1.11.0.jar
[0.354s][info][class,load] kotlinx.serialization.modules.SerializersModuleBuildersKt source: file:/C:/Users/TONYS/Documents/Codex/2026-09-29/https-github-com-jay3-yy-bilipai/work/toolchain/gradle-home/caches/modules-2/files-2.1/org.jetbrains.kotlinx/kotlinx-serialization-core-jvm/1.11.0/c1905c9bf7452b045d5af9248835abe64ddad6bf/kotlinx-serialization-core-jvm-1.11.0.jar
[0.354s][info][class,load] kotlinx.serialization.modules.SerializersModuleKt source: file:/C:/Users/TONYS/Documents/Codex/2026-09-29/https-github-com-jay3-yy-bilipai/work/toolchain/gradle-home/caches/modules-2/files-2.1/org.jetbrains.kotlinx/kotlinx-serialization-core-jvm/1.11.0/c1905c9bf7452b045d5af9248835abe64ddad6bf/kotlinx-serialization-core-jvm-1.11.0.jar
[0.354s][info][class,load] kotlinx.serialization.modules.SerializersModule source: file:/C:/Users/TONYS/Documents/Codex/2026-09-29/https-github-com-jay3-yy-bilipai/work/toolchain/gradle-home/caches/modules-2/files-2.1/org.jetbrains.kotlinx/kotlinx-serialization-core-jvm/1.11.0/c1905c9bf7452b045d5af9248835abe64ddad6bf/kotlinx-serialization-core-jvm-1.11.0.jar
[0.354s][info][class,load] kotlinx.serialization.modules.SerialModuleImpl source: file:/C:/Users/TONYS/Documents/Codex/2026-09-29/https-github-com-jay3-yy-bilipai/work/toolchain/gradle-home/caches/modules-2/files-2.1/org.jetbrains.kotlinx/kotlinx-serialization-core-jvm/1.11.0/c1905c9bf7452b045d5af9248835abe64ddad6bf/kotlinx-serialization-core-jvm-1.11.0.jar
[0.355s][info][class,load] kotlin.collections.EmptyMap source: file:/C:/Users/TONYS/Documents/Codex/2026-09-29/https-github-com-jay3-yy-bilipai/work/toolchain/gradle-home/caches/modules-2/files-2.1/org.jetbrains.kotlin/kotlin-stdlib/2.4.10/8943c84ddc6d5cc00a10dbc3736c397066eeaab5/kotlin-stdlib-2.4.10.jar
[0.355s][info][class,load] kotlinx.serialization.json.internal.DescriptorSchemaCache source: file:/C:/Users/TONYS/Documents/Codex/2026-09-29/https-github-com-jay3-yy-bilipai/work/toolchain/gradle-home/caches/modules-2/files-2.1/org.jetbrains.kotlinx/kotlinx-serialization-json-jvm/1.11.0/e7e045e99e56f07599bb9ccb708c2190e2af0606/kotlinx-serialization-json-jvm-1.11.0.jar
[0.355s][info][class,load] kotlinx.serialization.json.internal.CreateMapForCacheKt source: file:/C:/Users/TONYS/Documents/Codex/2026-09-29/https-github-com-jay3-yy-bilipai/work/toolchain/gradle-home/caches/modules-2/files-2.1/org.jetbrains.kotlinx/kotlinx-serialization-json-jvm/1.11.0/e7e045e99e56f07599bb9ccb708c2190e2af0606/kotlinx-serialization-json-jvm-1.11.0.jar
[0.356s][info][class,load] kotlinx.serialization.json.JsonImpl source: file:/C:/Users/TONYS/Documents/Codex/2026-09-29/https-github-com-jay3-yy-bilipai/work/toolchain/gradle-home/caches/modules-2/files-2.1/org.jetbrains.kotlinx/kotlinx-serialization-json-jvm/1.11.0/e7e045e99e56f07599bb9ccb708c2190e2af0606/kotlinx-serialization-json-jvm-1.11.0.jar
[0.356s][info][class,load] com.bilipai.desktop.data.DesktopSessionStore$SavedSession source: file:/C:/Users/TONYS/Documents/Codex/2026-09-29/https-github-com-jay3-yy-bilipai/work/BiliPai/desktop/.local/dynamic-detail-reply-main-integration/main-product-snapshot-01/main-kotlin.jar
[0.356s][info][class,load] com.bilipai.desktop.data.DesktopSessionStore$SavedSession$Companion source: file:/C:/Users/TONYS/Documents/Codex/2026-09-29/https-github-com-jay3-yy-bilipai/work/BiliPai/desktop/.local/dynamic-detail-reply-main-integration/main-product-snapshot-01/main-kotlin.jar
[0.356s][info][class,load] kotlin.Lazy source: file:/C:/Users/TONYS/Documents/Codex/2026-09-29/https-github-com-jay3-yy-bilipai/work/toolchain/gradle-home/caches/modules-2/files-2.1/org.jetbrains.kotlin/kotlin-stdlib/2.4.10/8943c84ddc6d5cc00a10dbc3736c397066eeaab5/kotlin-stdlib-2.4.10.jar
[0.357s][info][class,load] kotlin.LazyThreadSafetyMode source: file:/C:/Users/TONYS/Documents/Codex/2026-09-29/https-github-com-jay3-yy-bilipai/work/toolchain/gradle-home/caches/modules-2/files-2.1/org.jetbrains.kotlin/kotlin-stdlib/2.4.10/8943c84ddc6d5cc00a10dbc3736c397066eeaab5/kotlin-stdlib-2.4.10.jar
[0.357s][info][class,load] kotlin.jvm.functions.Function0 source: file:/C:/Users/TONYS/Documents/Codex/2026-09-29/https-github-com-jay3-yy-bilipai/work/toolchain/gradle-home/caches/modules-2/files-2.1/org.jetbrains.kotlin/kotlin-stdlib/2.4.10/8943c84ddc6d5cc00a10dbc3736c397066eeaab5/kotlin-stdlib-2.4.10.jar
[0.357s][info][class,load] kotlinx.serialization.SerializationStrategy source: file:/C:/Users/TONYS/Documents/Codex/2026-09-29/https-github-com-jay3-yy-bilipai/work/toolchain/gradle-home/caches/modules-2/files-2.1/org.jetbrains.kotlinx/kotlinx-serialization-core-jvm/1.11.0/c1905c9bf7452b045d5af9248835abe64ddad6bf/kotlinx-serialization-core-jvm-1.11.0.jar
[0.357s][info][class,load] kotlinx.serialization.DeserializationStrategy source: file:/C:/Users/TONYS/Documents/Codex/2026-09-29/https-github-com-jay3-yy-bilipai/work/toolchain/gradle-home/caches/modules-2/files-2.1/org.jetbrains.kotlinx/kotlinx-serialization-core-jvm/1.11.0/c1905c9bf7452b045d5af9248835abe64ddad6bf/kotlinx-serialization-core-jvm-1.11.0.jar
[0.358s][info][class,load] kotlinx.serialization.KSerializer source: file:/C:/Users/TONYS/Documents/Codex/2026-09-29/https-github-com-jay3-yy-bilipai/work/toolchain/gradle-home/caches/modules-2/files-2.1/org.jetbrains.kotlinx/kotlinx-serialization-core-jvm/1.11.0/c1905c9bf7452b045d5af9248835abe64ddad6bf/kotlinx-serialization-core-jvm-1.11.0.jar
[0.358s][info][class,load] com.bilipai.desktop.data.DesktopSessionStore$SavedSession$$Lambda/0x000000d53201d3f8 source: com.bilipai.desktop.data.DesktopSessionStore$SavedSession
[0.358s][info][class,load] kotlin.LazyKt__LazyJVMKt source: file:/C:/Users/TONYS/Documents/Codex/2026-09-29/https-github-com-jay3-yy-bilipai/work/toolchain/gradle-home/caches/modules-2/files-2.1/org.jetbrains.kotlin/kotlin-stdlib/2.4.10/8943c84ddc6d5cc00a10dbc3736c397066eeaab5/kotlin-stdlib-2.4.10.jar
[0.358s][info][class,load] kotlin.LazyKt__LazyKt source: file:/C:/Users/TONYS/Documents/Codex/2026-09-29/https-github-com-jay3-yy-bilipai/work/toolchain/gradle-home/caches/modules-2/files-2.1/org.jetbrains.kotlin/kotlin-stdlib/2.4.10/8943c84ddc6d5cc00a10dbc3736c397066eeaab5/kotlin-stdlib-2.4.10.jar
[0.358s][info][class,load] kotlin.LazyKt source: file:/C:/Users/TONYS/Documents/Codex/2026-09-29/https-github-com-jay3-yy-bilipai/work/toolchain/gradle-home/caches/modules-2/files-2.1/org.jetbrains.kotlin/kotlin-stdlib/2.4.10/8943c84ddc6d5cc00a10dbc3736c397066eeaab5/kotlin-stdlib-2.4.10.jar
[0.359s][info][class,load] kotlin.LazyKt__LazyJVMKt$WhenMappings source: file:/C:/Users/TONYS/Documents/Codex/2026-09-29/https-github-com-jay3-yy-bilipai/work/toolchain/gradle-home/caches/modules-2/files-2.1/org.jetbrains.kotlin/kotlin-stdlib/2.4.10/8943c84ddc6d5cc00a10dbc3736c397066eeaab5/kotlin-stdlib-2.4.10.jar
[0.359s][info][class,load] kotlin.SafePublicationLazyImpl source: file:/C:/Users/TONYS/Documents/Codex/2026-09-29/https-github-com-jay3-yy-bilipai/work/toolchain/gradle-home/caches/modules-2/files-2.1/org.jetbrains.kotlin/kotlin-stdlib/2.4.10/8943c84ddc6d5cc00a10dbc3736c397066eeaab5/kotlin-stdlib-2.4.10.jar
[0.359s][info][class,load] kotlin.SafePublicationLazyImpl$Companion source: file:/C:/Users/TONYS/Documents/Codex/2026-09-29/https-github-com-jay3-yy-bilipai/work/toolchain/gradle-home/caches/modules-2/files-2.1/org.jetbrains.kotlin/kotlin-stdlib/2.4.10/8943c84ddc6d5cc00a10dbc3736c397066eeaab5/kotlin-stdlib-2.4.10.jar
[0.359s][info][class,load] kotlin.UNINITIALIZED_VALUE source: file:/C:/Users/TONYS/Documents/Codex/2026-09-29/https-github-com-jay3-yy-bilipai/work/toolchain/gradle-home/caches/modules-2/files-2.1/org.jetbrains.kotlin/kotlin-stdlib/2.4.10/8943c84ddc6d5cc00a10dbc3736c397066eeaab5/kotlin-stdlib-2.4.10.jar
[0.360s][info][class,load] com.bilipai.desktop.data.DesktopSessionStore$SavedSession$$Lambda/0x000000d53201e478 source: com.bilipai.desktop.data.DesktopSessionStore$SavedSession
[0.360s][info][class,load] com.bilipai.desktop.data.DesktopSessionStore$SavedSession$$Lambda/0x000000d53201e698 source: com.bilipai.desktop.data.DesktopSessionStore$SavedSession
[0.360s][info][class,load] com.bilipai.desktop.data.DesktopSessionStore$SavedSession$$Lambda/0x000000d53201e8b8 source: com.bilipai.desktop.data.DesktopSessionStore$SavedSession
[0.361s][info][class,load] kotlin.collections.EmptyList source: file:/C:/Users/TONYS/Documents/Codex/2026-09-29/https-github-com-jay3-yy-bilipai/work/toolchain/gradle-home/caches/modules-2/files-2.1/org.jetbrains.kotlin/kotlin-stdlib/2.4.10/8943c84ddc6d5cc00a10dbc3736c397066eeaab5/kotlin-stdlib-2.4.10.jar
[0.361s][info][class,load] java.lang.Long$LongCache source: shared objects file
[0.361s][info][class,load] kotlinx.coroutines.flow.StateFlowKt source: file:/C:/Users/TONYS/Documents/Codex/2026-09-29/https-github-com-jay3-yy-bilipai/work/toolchain/gradle-home/caches/modules-2/files-2.1/org.jetbrains.kotlinx/kotlinx-coroutines-core-jvm/1.10.2/4a9f78ef49483748e2c129f3d124b8fa249dafbf/kotlinx-coroutines-core-jvm-1.10.2.jar
[0.363s][info][class,load] kotlinx.coroutines.flow.Flow source: file:/C:/Users/TONYS/Documents/Codex/2026-09-29/https-github-com-jay3-yy-bilipai/work/toolchain/gradle-home/caches/modules-2/files-2.1/org.jetbrains.kotlinx/kotlinx-coroutines-core-jvm/1.10.2/4a9f78ef49483748e2c129f3d124b8fa249dafbf/kotlinx-coroutines-core-jvm-1.10.2.jar
[0.363s][info][class,load] kotlinx.coroutines.flow.SharedFlow source: file:/C:/Users/TONYS/Documents/Codex/2026-09-29/https-github-com-jay3-yy-bilipai/work/toolchain/gradle-home/caches/modules-2/files-2.1/org.jetbrains.kotlinx/kotlinx-coroutines-core-jvm/1.10.2/4a9f78ef49483748e2c129f3d124b8fa249dafbf/kotlinx-coroutines-core-jvm-1.10.2.jar
[0.363s][info][class,load] kotlinx.coroutines.flow.StateFlow source: file:/C:/Users/TONYS/Documents/Codex/2026-09-29/https-github-com-jay3-yy-bilipai/work/toolchain/gradle-home/caches/modules-2/files-2.1/org.jetbrains.kotlinx/kotlinx-coroutines-core-jvm/1.10.2/4a9f78ef49483748e2c129f3d124b8fa249dafbf/kotlinx-coroutines-core-jvm-1.10.2.jar
[0.364s][info][class,load] kotlinx.coroutines.flow.FlowCollector source: file:/C:/Users/TONYS/Documents/Codex/2026-09-29/https-github-com-jay3-yy-bilipai/work/toolchain/gradle-home/caches/modules-2/files-2.1/org.jetbrains.kotlinx/kotlinx-coroutines-core-jvm/1.10.2/4a9f78ef49483748e2c129f3d124b8fa249dafbf/kotlinx-coroutines-core-jvm-1.10.2.jar
[0.364s][info][class,load] kotlinx.coroutines.flow.MutableSharedFlow source: file:/C:/Users/TONYS/Documents/Codex/2026-09-29/https-github-com-jay3-yy-bilipai/work/toolchain/gradle-home/caches/modules-2/files-2.1/org.jetbrains.kotlinx/kotlinx-coroutines-core-jvm/1.10.2/4a9f78ef49483748e2c129f3d124b8fa249dafbf/kotlinx-coroutines-core-jvm-1.10.2.jar
[0.364s][info][class,load] kotlinx.coroutines.flow.MutableStateFlow source: file:/C:/Users/TONYS/Documents/Codex/2026-09-29/https-github-com-jay3-yy-bilipai/work/toolchain/gradle-home/caches/modules-2/files-2.1/org.jetbrains.kotlinx/kotlinx-coroutines-core-jvm/1.10.2/4a9f78ef49483748e2c129f3d124b8fa249dafbf/kotlinx-coroutines-core-jvm-1.10.2.jar
[0.364s][info][class,load] kotlinx.coroutines.flow.CancellableFlow source: file:/C:/Users/TONYS/Documents/Codex/2026-09-29/https-github-com-jay3-yy-bilipai/work/toolchain/gradle-home/caches/modules-2/files-2.1/org.jetbrains.kotlinx/kotlinx-coroutines-core-jvm/1.10.2/4a9f78ef49483748e2c129f3d124b8fa249dafbf/kotlinx-coroutines-core-jvm-1.10.2.jar
[0.364s][info][class,load] kotlinx.coroutines.flow.internal.FusibleFlow source: file:/C:/Users/TONYS/Documents/Codex/2026-09-29/https-github-com-jay3-yy-bilipai/work/toolchain/gradle-home/caches/modules-2/files-2.1/org.jetbrains.kotlinx/kotlinx-coroutines-core-jvm/1.10.2/4a9f78ef49483748e2c129f3d124b8fa249dafbf/kotlinx-coroutines-core-jvm-1.10.2.jar
[0.364s][info][class,load] kotlinx.coroutines.flow.internal.AbstractSharedFlow source: file:/C:/Users/TONYS/Documents/Codex/2026-09-29/https-github-com-jay3-yy-bilipai/work/toolchain/gradle-home/caches/modules-2/files-2.1/org.jetbrains.kotlinx/kotlinx-coroutines-core-jvm/1.10.2/4a9f78ef49483748e2c129f3d124b8fa249dafbf/kotlinx-coroutines-core-jvm-1.10.2.jar
[0.364s][info][class,load] kotlinx.coroutines.flow.StateFlowImpl source: file:/C:/Users/TONYS/Documents/Codex/2026-09-29/https-github-com-jay3-yy-bilipai/work/toolchain/gradle-home/caches/modules-2/files-2.1/org.jetbrains.kotlinx/kotlinx-coroutines-core-jvm/1.10.2/4a9f78ef49483748e2c129f3d124b8fa249dafbf/kotlinx-coroutines-core-jvm-1.10.2.jar
[0.366s][info][class,load] kotlinx.coroutines.flow.FlowKt source: file:/C:/Users/TONYS/Documents/Codex/2026-09-29/https-github-com-jay3-yy-bilipai/work/toolchain/gradle-home/caches/modules-2/files-2.1/org.jetbrains.kotlinx/kotlinx-coroutines-core-jvm/1.10.2/4a9f78ef49483748e2c129f3d124b8fa249dafbf/kotlinx-coroutines-core-jvm-1.10.2.jar
[0.366s][info][class,load] kotlinx.coroutines.flow.FlowKt__ShareKt source: file:/C:/Users/TONYS/Documents/Codex/2026-09-29/https-github-com-jay3-yy-bilipai/work/toolchain/gradle-home/caches/modules-2/files-2.1/org.jetbrains.kotlinx/kotlinx-coroutines-core-jvm/1.10.2/4a9f78ef49483748e2c129f3d124b8fa249dafbf/kotlinx-coroutines-core-jvm-1.10.2.jar
[0.366s][info][class,load] kotlinx.coroutines.flow.ReadonlyStateFlow source: file:/C:/Users/TONYS/Documents/Codex/2026-09-29/https-github-com-jay3-yy-bilipai/work/toolchain/gradle-home/caches/modules-2/files-2.1/org.jetbrains.kotlinx/kotlinx-coroutines-core-jvm/1.10.2/4a9f78ef49483748e2c129f3d124b8fa249dafbf/kotlinx-coroutines-core-jvm-1.10.2.jar
[0.367s][info][class,load] kotlin.collections.EmptyIterator source: file:/C:/Users/TONYS/Documents/Codex/2026-09-29/https-github-com-jay3-yy-bilipai/work/toolchain/gradle-home/caches/modules-2/files-2.1/org.jetbrains.kotlin/kotlin-stdlib/2.4.10/8943c84ddc6d5cc00a10dbc3736c397066eeaab5/kotlin-stdlib-2.4.10.jar
[0.367s][info][class,load] kotlinx.coroutines.flow.internal.NullSurrogateKt source: file:/C:/Users/TONYS/Documents/Codex/2026-09-29/https-github-com-jay3-yy-bilipai/work/toolchain/gradle-home/caches/modules-2/files-2.1/org.jetbrains.kotlinx/kotlinx-coroutines-core-jvm/1.10.2/4a9f78ef49483748e2c129f3d124b8fa249dafbf/kotlinx-coroutines-core-jvm-1.10.2.jar
[0.368s][info][class,load] kotlin.jvm.internal.CollectionToArray source: file:/C:/Users/TONYS/Documents/Codex/2026-09-29/https-github-com-jay3-yy-bilipai/work/toolchain/gradle-home/caches/modules-2/files-2.1/org.jetbrains.kotlin/kotlin-stdlib/2.4.10/8943c84ddc6d5cc00a10dbc3736c397066eeaab5/kotlin-stdlib-2.4.10.jar
[0.368s][info][class,load] com.bilipai.desktop.data.DesktopSessionStore$accountRecords$$inlined$sortedByDescending$1 source: file:/C:/Users/TONYS/Documents/Codex/2026-09-29/https-github-com-jay3-yy-bilipai/work/BiliPai/desktop/.local/dynamic-detail-reply-main-integration/main-product-snapshot-01/main-kotlin.jar
[0.368s][info][class,load] kotlin.Pair source: file:/C:/Users/TONYS/Documents/Codex/2026-09-29/https-github-com-jay3-yy-bilipai/work/toolchain/gradle-home/caches/modules-2/files-2.1/org.jetbrains.kotlin/kotlin-stdlib/2.4.10/8943c84ddc6d5cc00a10dbc3736c397066eeaab5/kotlin-stdlib-2.4.10.jar
[0.369s][info][class,load] java.lang.invoke.MethodHandleImpl$AsVarargsCollector source: shared objects file
[0.369s][info][class,load] kotlin.TuplesKt source: file:/C:/Users/TONYS/Documents/Codex/2026-09-29/https-github-com-jay3-yy-bilipai/work/toolchain/gradle-home/caches/modules-2/files-2.1/org.jetbrains.kotlin/kotlin-stdlib/2.4.10/8943c84ddc6d5cc00a10dbc3736c397066eeaab5/kotlin-stdlib-2.4.10.jar
[0.369s][info][class,load] com.bilipai.desktop.data.AccountSummary source: file:/C:/Users/TONYS/Documents/Codex/2026-09-29/https-github-com-jay3-yy-bilipai/work/BiliPai/desktop/.local/dynamic-detail-reply-main-integration/main-product-snapshot-01/main-kotlin.jar
[0.369s][info][class,load] com.bilipai.desktop.data.AccountSummary$Companion source: file:/C:/Users/TONYS/Documents/Codex/2026-09-29/https-github-com-jay3-yy-bilipai/work/BiliPai/desktop/.local/dynamic-detail-reply-main-integration/main-product-snapshot-01/main-kotlin.jar
[0.370s][info][class,load] kotlin.collections.EmptySet source: file:/C:/Users/TONYS/Documents/Codex/2026-09-29/https-github-com-jay3-yy-bilipai/work/toolchain/gradle-home/caches/modules-2/files-2.1/org.jetbrains.kotlin/kotlin-stdlib/2.4.10/8943c84ddc6d5cc00a10dbc3736c397066eeaab5/kotlin-stdlib-2.4.10.jar
[0.370s][info][class,load] java.util.LinkedHashMap$LinkedEntrySet source: shared objects file
[0.370s][info][class,load] java.util.LinkedHashMap$LinkedEntryIterator source: shared objects file
[0.370s][info][class,load] java.util.LinkedHashMap$LinkedValues source: jrt:/java.base
[0.370s][info][class,load] java.util.LinkedHashMap$LinkedValueIterator source: jrt:/java.base
[0.374s][info][class,load] kotlin.text.StringsKt__AppendableKt source: file:/C:/Users/TONYS/Documents/Codex/2026-09-29/https-github-com-jay3-yy-bilipai/work/toolchain/gradle-home/caches/modules-2/files-2.1/org.jetbrains.kotlin/kotlin-stdlib/2.4.10/8943c84ddc6d5cc00a10dbc3736c397066eeaab5/kotlin-stdlib-2.4.10.jar
[0.374s][info][class,load] kotlin.text.StringsKt__IndentKt source: file:/C:/Users/TONYS/Documents/Codex/2026-09-29/https-github-com-jay3-yy-bilipai/work/toolchain/gradle-home/caches/modules-2/files-2.1/org.jetbrains.kotlin/kotlin-stdlib/2.4.10/8943c84ddc6d5cc00a10dbc3736c397066eeaab5/kotlin-stdlib-2.4.10.jar
[0.375s][info][class,load] kotlin.text.StringsKt__RegexExtensionsJVMKt source: file:/C:/Users/TONYS/Documents/Codex/2026-09-29/https-github-com-jay3-yy-bilipai/work/toolchain/gradle-home/caches/modules-2/files-2.1/org.jetbrains.kotlin/kotlin-stdlib/2.4.10/8943c84ddc6d5cc00a10dbc3736c397066eeaab5/kotlin-stdlib-2.4.10.jar
[0.375s][info][class,load] kotlin.text.StringsKt__RegexExtensionsKt source: file:/C:/Users/TONYS/Documents/Codex/2026-09-29/https-github-com-jay3-yy-bilipai/work/toolchain/gradle-home/caches/modules-2/files-2.1/org.jetbrains.kotlin/kotlin-stdlib/2.4.10/8943c84ddc6d5cc00a10dbc3736c397066eeaab5/kotlin-stdlib-2.4.10.jar
[0.375s][info][class,load] kotlin.text.StringsKt__StringBuilderJVMKt source: file:/C:/Users/TONYS/Documents/Codex/2026-09-29/https-github-com-jay3-yy-bilipai/work/toolchain/gradle-home/caches/modules-2/files-2.1/org.jetbrains.kotlin/kotlin-stdlib/2.4.10/8943c84ddc6d5cc00a10dbc3736c397066eeaab5/kotlin-stdlib-2.4.10.jar
[0.375s][info][class,load] kotlin.text.StringsKt__StringBuilderKt source: file:/C:/Users/TONYS/Documents/Codex/2026-09-29/https-github-com-jay3-yy-bilipai/work/toolchain/gradle-home/caches/modules-2/files-2.1/org.jetbrains.kotlin/kotlin-stdlib/2.4.10/8943c84ddc6d5cc00a10dbc3736c397066eeaab5/kotlin-stdlib-2.4.10.jar
[0.375s][info][class,load] kotlin.text.StringsKt__StringNumberConversionsJVMKt source: file:/C:/Users/TONYS/Documents/Codex/2026-09-29/https-github-com-jay3-yy-bilipai/work/toolchain/gradle-home/caches/modules-2/files-2.1/org.jetbrains.kotlin/kotlin-stdlib/2.4.10/8943c84ddc6d5cc00a10dbc3736c397066eeaab5/kotlin-stdlib-2.4.10.jar
[0.375s][info][class,load] kotlin.text.StringsKt__StringNumberConversionsKt source: file:/C:/Users/TONYS/Documents/Codex/2026-09-29/https-github-com-jay3-yy-bilipai/work/toolchain/gradle-home/caches/modules-2/files-2.1/org.jetbrains.kotlin/kotlin-stdlib/2.4.10/8943c84ddc6d5cc00a10dbc3736c397066eeaab5/kotlin-stdlib-2.4.10.jar
[0.375s][info][class,load] kotlin.text.StringsKt__StringsJVMKt source: file:/C:/Users/TONYS/Documents/Codex/2026-09-29/https-github-com-jay3-yy-bilipai/work/toolchain/gradle-home/caches/modules-2/files-2.1/org.jetbrains.kotlin/kotlin-stdlib/2.4.10/8943c84ddc6d5cc00a10dbc3736c397066eeaab5/kotlin-stdlib-2.4.10.jar
[0.375s][info][class,load] kotlin.text.StringsKt__StringsKt source: file:/C:/Users/TONYS/Documents/Codex/2026-09-29/https-github-com-jay3-yy-bilipai/work/toolchain/gradle-home/caches/modules-2/files-2.1/org.jetbrains.kotlin/kotlin-stdlib/2.4.10/8943c84ddc6d5cc00a10dbc3736c397066eeaab5/kotlin-stdlib-2.4.10.jar
[0.375s][info][class,load] kotlin.text.StringsKt___StringsJvmKt source: file:/C:/Users/TONYS/Documents/Codex/2026-09-29/https-github-com-jay3-yy-bilipai/work/toolchain/gradle-home/caches/modules-2/files-2.1/org.jetbrains.kotlin/kotlin-stdlib/2.4.10/8943c84ddc6d5cc00a10dbc3736c397066eeaab5/kotlin-stdlib-2.4.10.jar
[0.375s][info][class,load] kotlin.text.StringsKt___StringsKt source: file:/C:/Users/TONYS/Documents/Codex/2026-09-29/https-github-com-jay3-yy-bilipai/work/toolchain/gradle-home/caches/modules-2/files-2.1/org.jetbrains.kotlin/kotlin-stdlib/2.4.10/8943c84ddc6d5cc00a10dbc3736c397066eeaab5/kotlin-stdlib-2.4.10.jar
[0.375s][info][class,load] kotlin.text.StringsKt source: file:/C:/Users/TONYS/Documents/Codex/2026-09-29/https-github-com-jay3-yy-bilipai/work/toolchain/gradle-home/caches/modules-2/files-2.1/org.jetbrains.kotlin/kotlin-stdlib/2.4.10/8943c84ddc6d5cc00a10dbc3736c397066eeaab5/kotlin-stdlib-2.4.10.jar
[0.375s][info][class,load] java.lang.NumberFormatException source: jrt:/java.base
[0.376s][info][class,load] com.android.purebilibili.core.store.StoredAccountSession source: file:/C:/Users/TONYS/Documents/Codex/2026-09-29/https-github-com-jay3-yy-bilipai/work/BiliPai/desktop/.local/dynamic-detail-reply-main-integration/main-product-snapshot-01/main-kotlin.jar
[0.376s][info][class,load] com.android.purebilibili.core.store.StoredAccountSession$Companion source: file:/C:/Users/TONYS/Documents/Codex/2026-09-29/https-github-com-jay3-yy-bilipai/work/BiliPai/desktop/.local/dynamic-detail-reply-main-integration/main-product-snapshot-01/main-kotlin.jar
[0.377s][info][class,load] com.bilipai.desktop.data.DesktopSessionStore$SavedAccount source: file:/C:/Users/TONYS/Documents/Codex/2026-09-29/https-github-com-jay3-yy-bilipai/work/BiliPai/desktop/.local/dynamic-detail-reply-main-integration/main-product-snapshot-01/main-kotlin.jar
[0.377s][info][class,load] com.bilipai.desktop.data.DesktopSessionStore$SavedAccount$Companion source: file:/C:/Users/TONYS/Documents/Codex/2026-09-29/https-github-com-jay3-yy-bilipai/work/BiliPai/desktop/.local/dynamic-detail-reply-main-integration/main-product-snapshot-01/main-kotlin.jar
[0.378s][info][class,load] com.bilipai.desktop.data.DesktopSessionStore$SavedAccount$$Lambda/0x000000d532024970 source: com.bilipai.desktop.data.DesktopSessionStore$SavedAccount
[0.378s][info][class,load] com.bilipai.desktop.data.DesktopSessionStore$SavedAccount$$Lambda/0x000000d532024b90 source: com.bilipai.desktop.data.DesktopSessionStore$SavedAccount
[0.378s][info][class,load] com.bilipai.desktop.data.DesktopSessionStore$SavedAccount$$Lambda/0x000000d532024db0 source: com.bilipai.desktop.data.DesktopSessionStore$SavedAccount
[0.379s][info][class,load] kotlin.text.CharsKt__CharJVMKt source: file:/C:/Users/TONYS/Documents/Codex/2026-09-29/https-github-com-jay3-yy-bilipai/work/toolchain/gradle-home/caches/modules-2/files-2.1/org.jetbrains.kotlin/kotlin-stdlib/2.4.10/8943c84ddc6d5cc00a10dbc3736c397066eeaab5/kotlin-stdlib-2.4.10.jar
[0.379s][info][class,load] kotlin.text.CharsKt__CharKt source: file:/C:/Users/TONYS/Documents/Codex/2026-09-29/https-github-com-jay3-yy-bilipai/work/toolchain/gradle-home/caches/modules-2/files-2.1/org.jetbrains.kotlin/kotlin-stdlib/2.4.10/8943c84ddc6d5cc00a10dbc3736c397066eeaab5/kotlin-stdlib-2.4.10.jar
[0.379s][info][class,load] kotlin.text.CharsKt source: file:/C:/Users/TONYS/Documents/Codex/2026-09-29/https-github-com-jay3-yy-bilipai/work/toolchain/gradle-home/caches/modules-2/files-2.1/org.jetbrains.kotlin/kotlin-stdlib/2.4.10/8943c84ddc6d5cc00a10dbc3736c397066eeaab5/kotlin-stdlib-2.4.10.jar
[0.379s][info][class,load] java.util.Collections$SingletonList source: jrt:/java.base
[0.379s][info][class,load] java.util.Collections$1 source: shared objects file
[0.379s][info][class,load] com.bilipai.desktop.data.DesktopStoredAccountInfo source: file:/C:/Users/TONYS/Documents/Codex/2026-09-29/https-github-com-jay3-yy-bilipai/work/BiliPai/desktop/.local/dynamic-detail-reply-main-integration/main-product-snapshot-01/main-kotlin.jar
[0.380s][info][class,load] java.util.Collections$SingletonMap source: shared objects file
[0.380s][info][class,load] java.util.AbstractMap$SimpleImmutableEntry source: shared objects file
[0.380s][info][class,load] java.util.Collections$SingletonSet source: shared objects file
[0.381s][info][class,load] com.bilipai.desktop.data.DesktopRepository source: file:/C:/Users/TONYS/Documents/Codex/2026-09-29/https-github-com-jay3-yy-bilipai/work/BiliPai/desktop/.local/dynamic-detail-reply-main-integration/main-product-snapshot-01/main-kotlin.jar
[0.382s][info][class,load] com.bilipai.desktop.data.DesktopRepository$Companion source: file:/C:/Users/TONYS/Documents/Codex/2026-09-29/https-github-com-jay3-yy-bilipai/work/BiliPai/desktop/.local/dynamic-detail-reply-main-integration/main-product-snapshot-01/main-kotlin.jar
[0.382s][info][class,load] com.bilipai.desktop.data.DesktopFollowStateEvents source: file:/C:/Users/TONYS/Documents/Codex/2026-09-29/https-github-com-jay3-yy-bilipai/work/BiliPai/desktop/.local/dynamic-detail-reply-main-integration/main-product-snapshot-01/main-kotlin.jar
[0.382s][info][class,load] kotlinx.coroutines.flow.SharedFlowKt source: file:/C:/Users/TONYS/Documents/Codex/2026-09-29/https-github-com-jay3-yy-bilipai/work/toolchain/gradle-home/caches/modules-2/files-2.1/org.jetbrains.kotlinx/kotlinx-coroutines-core-jvm/1.10.2/4a9f78ef49483748e2c129f3d124b8fa249dafbf/kotlinx-coroutines-core-jvm-1.10.2.jar
[0.383s][info][class,load] kotlinx.coroutines.channels.BufferOverflow source: file:/C:/Users/TONYS/Documents/Codex/2026-09-29/https-github-com-jay3-yy-bilipai/work/toolchain/gradle-home/caches/modules-2/files-2.1/org.jetbrains.kotlinx/kotlinx-coroutines-core-jvm/1.10.2/4a9f78ef49483748e2c129f3d124b8fa249dafbf/kotlinx-coroutines-core-jvm-1.10.2.jar
[0.383s][info][class,load] kotlinx.coroutines.flow.SharedFlowImpl source: file:/C:/Users/TONYS/Documents/Codex/2026-09-29/https-github-com-jay3-yy-bilipai/work/toolchain/gradle-home/caches/modules-2/files-2.1/org.jetbrains.kotlinx/kotlinx-coroutines-core-jvm/1.10.2/4a9f78ef49483748e2c129f3d124b8fa249dafbf/kotlinx-coroutines-core-jvm-1.10.2.jar
[0.384s][info][class,load] kotlinx.coroutines.flow.ReadonlySharedFlow source: file:/C:/Users/TONYS/Documents/Codex/2026-09-29/https-github-com-jay3-yy-bilipai/work/toolchain/gradle-home/caches/modules-2/files-2.1/org.jetbrains.kotlinx/kotlinx-coroutines-core-jvm/1.10.2/4a9f78ef49483748e2c129f3d124b8fa249dafbf/kotlinx-coroutines-core-jvm-1.10.2.jar
[0.384s][info][class,load] kotlinx.coroutines.sync.MutexKt source: file:/C:/Users/TONYS/Documents/Codex/2026-09-29/https-github-com-jay3-yy-bilipai/work/toolchain/gradle-home/caches/modules-2/files-2.1/org.jetbrains.kotlinx/kotlinx-coroutines-core-jvm/1.10.2/4a9f78ef49483748e2c129f3d124b8fa249dafbf/kotlinx-coroutines-core-jvm-1.10.2.jar
[0.385s][info][class,load] kotlinx.coroutines.sync.Mutex source: file:/C:/Users/TONYS/Documents/Codex/2026-09-29/https-github-com-jay3-yy-bilipai/work/toolchain/gradle-home/caches/modules-2/files-2.1/org.jetbrains.kotlinx/kotlinx-coroutines-core-jvm/1.10.2/4a9f78ef49483748e2c129f3d124b8fa249dafbf/kotlinx-coroutines-core-jvm-1.10.2.jar
[0.386s][info][class,load] kotlinx.coroutines.sync.SemaphoreAndMutexImpl source: file:/C:/Users/TONYS/Documents/Codex/2026-09-29/https-github-com-jay3-yy-bilipai/work/toolchain/gradle-home/caches/modules-2/files-2.1/org.jetbrains.kotlinx/kotlinx-coroutines-core-jvm/1.10.2/4a9f78ef49483748e2c129f3d124b8fa249dafbf/kotlinx-coroutines-core-jvm-1.10.2.jar
[0.386s][info][class,load] kotlinx.coroutines.sync.MutexImpl source: file:/C:/Users/TONYS/Documents/Codex/2026-09-29/https-github-com-jay3-yy-bilipai/work/toolchain/gradle-home/caches/modules-2/files-2.1/org.jetbrains.kotlinx/kotlinx-coroutines-core-jvm/1.10.2/4a9f78ef49483748e2c129f3d124b8fa249dafbf/kotlinx-coroutines-core-jvm-1.10.2.jar
[0.386s][info][class,load] kotlin.jvm.functions.Function3 source: file:/C:/Users/TONYS/Documents/Codex/2026-09-29/https-github-com-jay3-yy-bilipai/work/toolchain/gradle-home/caches/modules-2/files-2.1/org.jetbrains.kotlin/kotlin-stdlib/2.4.10/8943c84ddc6d5cc00a10dbc3736c397066eeaab5/kotlin-stdlib-2.4.10.jar
[0.386s][info][class,load] kotlinx.coroutines.NotCompleted source: file:/C:/Users/TONYS/Documents/Codex/2026-09-29/https-github-com-jay3-yy-bilipai/work/toolchain/gradle-home/caches/modules-2/files-2.1/org.jetbrains.kotlinx/kotlinx-coroutines-core-jvm/1.10.2/4a9f78ef49483748e2c129f3d124b8fa249dafbf/kotlinx-coroutines-core-jvm-1.10.2.jar
[0.387s][info][class,load] kotlinx.coroutines.internal.ConcurrentLinkedListNode source: file:/C:/Users/TONYS/Documents/Codex/2026-09-29/https-github-com-jay3-yy-bilipai/work/toolchain/gradle-home/caches/modules-2/files-2.1/org.jetbrains.kotlinx/kotlinx-coroutines-core-jvm/1.10.2/4a9f78ef49483748e2c129f3d124b8fa249dafbf/kotlinx-coroutines-core-jvm-1.10.2.jar
[0.387s][info][class,load] kotlinx.coroutines.internal.Segment source: file:/C:/Users/TONYS/Documents/Codex/2026-09-29/https-github-com-jay3-yy-bilipai/work/toolchain/gradle-home/caches/modules-2/files-2.1/org.jetbrains.kotlinx/kotlinx-coroutines-core-jvm/1.10.2/4a9f78ef49483748e2c129f3d124b8fa249dafbf/kotlinx-coroutines-core-jvm-1.10.2.jar
[0.387s][info][class,load] kotlinx.coroutines.sync.SemaphoreSegment source: file:/C:/Users/TONYS/Documents/Codex/2026-09-29/https-github-com-jay3-yy-bilipai/work/toolchain/gradle-home/caches/modules-2/files-2.1/org.jetbrains.kotlinx/kotlinx-coroutines-core-jvm/1.10.2/4a9f78ef49483748e2c129f3d124b8fa249dafbf/kotlinx-coroutines-core-jvm-1.10.2.jar
[0.387s][info][class,load] kotlinx.coroutines.sync.SemaphoreKt source: file:/C:/Users/TONYS/Documents/Codex/2026-09-29/https-github-com-jay3-yy-bilipai/work/toolchain/gradle-home/caches/modules-2/files-2.1/org.jetbrains.kotlinx/kotlinx-coroutines-core-jvm/1.10.2/4a9f78ef49483748e2c129f3d124b8fa249dafbf/kotlinx-coroutines-core-jvm-1.10.2.jar
[0.388s][info][class,load] kotlinx.coroutines.sync.SemaphoreAndMutexImpl$$Lambda/0x000000d532028000 source: kotlinx.coroutines.sync.SemaphoreAndMutexImpl
[0.389s][info][class,load] kotlinx.coroutines.selects.SelectInstance source: file:/C:/Users/TONYS/Documents/Codex/2026-09-29/https-github-com-jay3-yy-bilipai/work/toolchain/gradle-home/caches/modules-2/files-2.1/org.jetbrains.kotlinx/kotlinx-coroutines-core-jvm/1.10.2/4a9f78ef49483748e2c129f3d124b8fa249dafbf/kotlinx-coroutines-core-jvm-1.10.2.jar
[0.389s][info][class,load] kotlinx.coroutines.sync.MutexImpl$$Lambda/0x000000d532028428 source: kotlinx.coroutines.sync.MutexImpl
[0.389s][info][class,load] com.bilipai.desktop.data.DesktopRepository$$Lambda/0x000000d532028650 source: com.bilipai.desktop.data.DesktopRepository
[0.391s][info][class,load] okhttp3.OkHttpClient$Builder source: file:/C:/Users/TONYS/Documents/Codex/2026-09-29/https-github-com-jay3-yy-bilipai/work/toolchain/gradle-home/caches/modules-2/files-2.1/com.squareup.okhttp3/okhttp-jvm/5.3.2/f31e8de27feebe1e56d6c9d354a0986b65be0e1d/okhttp-jvm-5.3.2.jar
[0.391s][info][class,load] okhttp3.Dispatcher source: file:/C:/Users/TONYS/Documents/Codex/2026-09-29/https-github-com-jay3-yy-bilipai/work/toolchain/gradle-home/caches/modules-2/files-2.1/com.squareup.okhttp3/okhttp-jvm/5.3.2/f31e8de27feebe1e56d6c9d354a0986b65be0e1d/okhttp-jvm-5.3.2.jar
[0.392s][info][class,load] okhttp3.EventListener source: file:/C:/Users/TONYS/Documents/Codex/2026-09-29/https-github-com-jay3-yy-bilipai/work/toolchain/gradle-home/caches/modules-2/files-2.1/com.squareup.okhttp3/okhttp-jvm/5.3.2/f31e8de27feebe1e56d6c9d354a0986b65be0e1d/okhttp-jvm-5.3.2.jar
[0.392s][info][class,load] okhttp3.EventListener$Companion source: file:/C:/Users/TONYS/Documents/Codex/2026-09-29/https-github-com-jay3-yy-bilipai/work/toolchain/gradle-home/caches/modules-2/files-2.1/com.squareup.okhttp3/okhttp-jvm/5.3.2/f31e8de27feebe1e56d6c9d354a0986b65be0e1d/okhttp-jvm-5.3.2.jar
[0.392s][info][class,load] okhttp3.EventListener$Companion$NONE$1 source: file:/C:/Users/TONYS/Documents/Codex/2026-09-29/https-github-com-jay3-yy-bilipai/work/toolchain/gradle-home/caches/modules-2/files-2.1/com.squareup.okhttp3/okhttp-jvm/5.3.2/f31e8de27feebe1e56d6c9d354a0986b65be0e1d/okhttp-jvm-5.3.2.jar
[0.393s][info][class,load] okhttp3.internal._UtilJvmKt source: file:/C:/Users/TONYS/Documents/Codex/2026-09-29/https-github-com-jay3-yy-bilipai/work/toolchain/gradle-home/caches/modules-2/files-2.1/com.squareup.okhttp3/okhttp-jvm/5.3.2/f31e8de27feebe1e56d6c9d354a0986b65be0e1d/okhttp-jvm-5.3.2.jar
[0.393s][info][class,load] java.io.InterruptedIOException source: jrt:/java.base
[0.393s][info][class,load] java.net.SocketTimeoutException source: jrt:/java.base
[0.393s][info][class,load] java.util.TimeZone source: shared objects file
[0.393s][info][class,load] sun.util.calendar.ZoneInfo source: shared objects file
[0.393s][info][class,load] sun.util.calendar.ZoneInfoFile source: shared objects file
[0.393s][info][class,load] sun.util.calendar.ZoneInfoFile$1 source: shared objects file
[0.393s][info][class,load] java.io.DataInputStream source: shared objects file
[0.393s][info][class,load] jdk.internal.util.ByteArray source: shared objects file
[0.393s][info][class,load] java.lang.invoke.VarHandleByteArrayAsShorts$ByteArrayViewVarHandle source: shared objects file
[0.393s][info][class,load] java.lang.invoke.VarHandleByteArrayAsShorts$ArrayHandle source: shared objects file
[0.394s][info][class,load] java.lang.invoke.VarHandleByteArrayAsChars$ByteArrayViewVarHandle source: shared objects file
[0.394s][info][class,load] java.lang.invoke.VarHandleByteArrayAsChars$ArrayHandle source: shared objects file
[0.394s][info][class,load] java.lang.invoke.VarHandleByteArrayAsFloats$ByteArrayViewVarHandle source: shared objects file
[0.394s][info][class,load] java.lang.invoke.VarHandleByteArrayAsFloats$ArrayHandle source: shared objects file
[0.394s][info][class,load] java.lang.invoke.VarHandleByteArrayAsDoubles$ByteArrayViewVarHandle source: shared objects file
[0.394s][info][class,load] java.lang.invoke.VarHandleByteArrayAsDoubles$ArrayHandle source: shared objects file
[0.399s][info][class,load] sun.util.calendar.ZoneInfoFile$ZoneOffsetTransitionRule source: shared objects file
[0.399s][info][class,load] okhttp3.Call$Factory source: file:/C:/Users/TONYS/Documents/Codex/2026-09-29/https-github-com-jay3-yy-bilipai/work/toolchain/gradle-home/caches/modules-2/files-2.1/com.squareup.okhttp3/okhttp-jvm/5.3.2/f31e8de27feebe1e56d6c9d354a0986b65be0e1d/okhttp-jvm-5.3.2.jar
[0.400s][info][class,load] okhttp3.WebSocket$Factory source: file:/C:/Users/TONYS/Documents/Codex/2026-09-29/https-github-com-jay3-yy-bilipai/work/toolchain/gradle-home/caches/modules-2/files-2.1/com.squareup.okhttp3/okhttp-jvm/5.3.2/f31e8de27feebe1e56d6c9d354a0986b65be0e1d/okhttp-jvm-5.3.2.jar
[0.400s][info][class,load] okhttp3.OkHttpClient source: file:/C:/Users/TONYS/Documents/Codex/2026-09-29/https-github-com-jay3-yy-bilipai/work/toolchain/gradle-home/caches/modules-2/files-2.1/com.squareup.okhttp3/okhttp-jvm/5.3.2/f31e8de27feebe1e56d6c9d354a0986b65be0e1d/okhttp-jvm-5.3.2.jar
[0.400s][info][class,load] okhttp3.EventListener$Factory source: file:/C:/Users/TONYS/Documents/Codex/2026-09-29/https-github-com-jay3-yy-bilipai/work/toolchain/gradle-home/caches/modules-2/files-2.1/com.squareup.okhttp3/okhttp-jvm/5.3.2/f31e8de27feebe1e56d6c9d354a0986b65be0e1d/okhttp-jvm-5.3.2.jar
[0.400s][info][class,load] okhttp3.Call source: file:/C:/Users/TONYS/Documents/Codex/2026-09-29/https-github-com-jay3-yy-bilipai/work/toolchain/gradle-home/caches/modules-2/files-2.1/com.squareup.okhttp3/okhttp-jvm/5.3.2/f31e8de27feebe1e56d6c9d354a0986b65be0e1d/okhttp-jvm-5.3.2.jar
[0.401s][info][class,load] okhttp3.internal._UtilJvmKt$$Lambda/0x000000d53202a118 source: okhttp3.internal._UtilJvmKt
[0.401s][info][class,load] okhttp3.Authenticator source: file:/C:/Users/TONYS/Documents/Codex/2026-09-29/https-github-com-jay3-yy-bilipai/work/toolchain/gradle-home/caches/modules-2/files-2.1/com.squareup.okhttp3/okhttp-jvm/5.3.2/f31e8de27feebe1e56d6c9d354a0986b65be0e1d/okhttp-jvm-5.3.2.jar
[0.401s][info][class,load] okhttp3.Authenticator$Companion source: file:/C:/Users/TONYS/Documents/Codex/2026-09-29/https-github-com-jay3-yy-bilipai/work/toolchain/gradle-home/caches/modules-2/files-2.1/com.squareup.okhttp3/okhttp-jvm/5.3.2/f31e8de27feebe1e56d6c9d354a0986b65be0e1d/okhttp-jvm-5.3.2.jar
[0.401s][info][class,load] okhttp3.Authenticator$Companion$AuthenticatorNone source: file:/C:/Users/TONYS/Documents/Codex/2026-09-29/https-github-com-jay3-yy-bilipai/work/toolchain/gradle-home/caches/modules-2/files-2.1/com.squareup.okhttp3/okhttp-jvm/5.3.2/f31e8de27feebe1e56d6c9d354a0986b65be0e1d/okhttp-jvm-5.3.2.jar
[0.402s][info][class,load] okhttp3.internal.authenticator.JavaNetAuthenticator source: file:/C:/Users/TONYS/Documents/Codex/2026-09-29/https-github-com-jay3-yy-bilipai/work/toolchain/gradle-home/caches/modules-2/files-2.1/com.squareup.okhttp3/okhttp-jvm/5.3.2/f31e8de27feebe1e56d6c9d354a0986b65be0e1d/okhttp-jvm-5.3.2.jar
[0.402s][info][class,load] okhttp3.Dns source: file:/C:/Users/TONYS/Documents/Codex/2026-09-29/https-github-com-jay3-yy-bilipai/work/toolchain/gradle-home/caches/modules-2/files-2.1/com.squareup.okhttp3/okhttp-jvm/5.3.2/f31e8de27feebe1e56d6c9d354a0986b65be0e1d/okhttp-jvm-5.3.2.jar
[0.402s][info][class,load] okhttp3.Dns$Companion source: file:/C:/Users/TONYS/Documents/Codex/2026-09-29/https-github-com-jay3-yy-bilipai/work/toolchain/gradle-home/caches/modules-2/files-2.1/com.squareup.okhttp3/okhttp-jvm/5.3.2/f31e8de27feebe1e56d6c9d354a0986b65be0e1d/okhttp-jvm-5.3.2.jar
[0.402s][info][class,load] okhttp3.Dns$Companion$DnsSystem source: file:/C:/Users/TONYS/Documents/Codex/2026-09-29/https-github-com-jay3-yy-bilipai/work/toolchain/gradle-home/caches/modules-2/files-2.1/com.squareup.okhttp3/okhttp-jvm/5.3.2/f31e8de27feebe1e56d6c9d354a0986b65be0e1d/okhttp-jvm-5.3.2.jar
[0.402s][info][class,load] okhttp3.CookieJar$Companion source: file:/C:/Users/TONYS/Documents/Codex/2026-09-29/https-github-com-jay3-yy-bilipai/work/toolchain/gradle-home/caches/modules-2/files-2.1/com.squareup.okhttp3/okhttp-jvm/5.3.2/f31e8de27feebe1e56d6c9d354a0986b65be0e1d/okhttp-jvm-5.3.2.jar
[0.403s][info][class,load] okhttp3.CookieJar$Companion$NoCookies source: file:/C:/Users/TONYS/Documents/Codex/2026-09-29/https-github-com-jay3-yy-bilipai/work/toolchain/gradle-home/caches/modules-2/files-2.1/com.squareup.okhttp3/okhttp-jvm/5.3.2/f31e8de27feebe1e56d6c9d354a0986b65be0e1d/okhttp-jvm-5.3.2.jar
[0.403s][info][class,load] javax.net.SocketFactory source: jrt:/java.base
[0.403s][info][class,load] javax.net.DefaultSocketFactory source: jrt:/java.base
[0.404s][info][class,load] okhttp3.OkHttpClient$Companion source: file:/C:/Users/TONYS/Documents/Codex/2026-09-29/https-github-com-jay3-yy-bilipai/work/toolchain/gradle-home/caches/modules-2/files-2.1/com.squareup.okhttp3/okhttp-jvm/5.3.2/f31e8de27feebe1e56d6c9d354a0986b65be0e1d/okhttp-jvm-5.3.2.jar
[0.404s][info][class,load] okhttp3.Protocol source: file:/C:/Users/TONYS/Documents/Codex/2026-09-29/https-github-com-jay3-yy-bilipai/work/toolchain/gradle-home/caches/modules-2/files-2.1/com.squareup.okhttp3/okhttp-jvm/5.3.2/f31e8de27feebe1e56d6c9d354a0986b65be0e1d/okhttp-jvm-5.3.2.jar
[0.404s][info][class,load] okhttp3.Protocol$Companion source: file:/C:/Users/TONYS/Documents/Codex/2026-09-29/https-github-com-jay3-yy-bilipai/work/toolchain/gradle-home/caches/modules-2/files-2.1/com.squareup.okhttp3/okhttp-jvm/5.3.2/f31e8de27feebe1e56d6c9d354a0986b65be0e1d/okhttp-jvm-5.3.2.jar
[0.405s][info][class,load] kotlin.collections.ArraysUtilJVM source: file:/C:/Users/TONYS/Documents/Codex/2026-09-29/https-github-com-jay3-yy-bilipai/work/toolchain/gradle-home/caches/modules-2/files-2.1/org.jetbrains.kotlin/kotlin-stdlib/2.4.10/8943c84ddc6d5cc00a10dbc3736c397066eeaab5/kotlin-stdlib-2.4.10.jar
[0.405s][info][class,load] java.util.Collections$UnmodifiableList source: shared objects file
[0.405s][info][class,load] java.util.Collections$UnmodifiableRandomAccessList source: shared objects file
[0.405s][info][class,load] okhttp3.ConnectionSpec source: file:/C:/Users/TONYS/Documents/Codex/2026-09-29/https-github-com-jay3-yy-bilipai/work/toolchain/gradle-home/caches/modules-2/files-2.1/com.squareup.okhttp3/okhttp-jvm/5.3.2/f31e8de27feebe1e56d6c9d354a0986b65be0e1d/okhttp-jvm-5.3.2.jar
[0.405s][info][class,load] okhttp3.ConnectionSpec$Companion source: file:/C:/Users/TONYS/Documents/Codex/2026-09-29/https-github-com-jay3-yy-bilipai/work/toolchain/gradle-home/caches/modules-2/files-2.1/com.squareup.okhttp3/okhttp-jvm/5.3.2/f31e8de27feebe1e56d6c9d354a0986b65be0e1d/okhttp-jvm-5.3.2.jar
[0.405s][info][class,load] okhttp3.CipherSuite source: file:/C:/Users/TONYS/Documents/Codex/2026-09-29/https-github-com-jay3-yy-bilipai/work/toolchain/gradle-home/caches/modules-2/files-2.1/com.squareup.okhttp3/okhttp-jvm/5.3.2/f31e8de27feebe1e56d6c9d354a0986b65be0e1d/okhttp-jvm-5.3.2.jar
[0.406s][info][class,load] okhttp3.CipherSuite$Companion source: file:/C:/Users/TONYS/Documents/Codex/2026-09-29/https-github-com-jay3-yy-bilipai/work/toolchain/gradle-home/caches/modules-2/files-2.1/com.squareup.okhttp3/okhttp-jvm/5.3.2/f31e8de27feebe1e56d6c9d354a0986b65be0e1d/okhttp-jvm-5.3.2.jar
[0.406s][info][class,load] okhttp3.CipherSuite$Companion$ORDER_BY_NAME$1 source: file:/C:/Users/TONYS/Documents/Codex/2026-09-29/https-github-com-jay3-yy-bilipai/work/toolchain/gradle-home/caches/modules-2/files-2.1/com.squareup.okhttp3/okhttp-jvm/5.3.2/f31e8de27feebe1e56d6c9d354a0986b65be0e1d/okhttp-jvm-5.3.2.jar
[0.407s][info][class,load] okhttp3.ConnectionSpec$Builder source: file:/C:/Users/TONYS/Documents/Codex/2026-09-29/https-github-com-jay3-yy-bilipai/work/toolchain/gradle-home/caches/modules-2/files-2.1/com.squareup.okhttp3/okhttp-jvm/5.3.2/f31e8de27feebe1e56d6c9d354a0986b65be0e1d/okhttp-jvm-5.3.2.jar
[0.408s][info][class,load] okhttp3.TlsVersion source: file:/C:/Users/TONYS/Documents/Codex/2026-09-29/https-github-com-jay3-yy-bilipai/work/toolchain/gradle-home/caches/modules-2/files-2.1/com.squareup.okhttp3/okhttp-jvm/5.3.2/f31e8de27feebe1e56d6c9d354a0986b65be0e1d/okhttp-jvm-5.3.2.jar
[0.408s][info][class,load] okhttp3.TlsVersion$Companion source: file:/C:/Users/TONYS/Documents/Codex/2026-09-29/https-github-com-jay3-yy-bilipai/work/toolchain/gradle-home/caches/modules-2/files-2.1/com.squareup.okhttp3/okhttp-jvm/5.3.2/f31e8de27feebe1e56d6c9d354a0986b65be0e1d/okhttp-jvm-5.3.2.jar
[0.408s][info][class,load] javax.net.ssl.HostnameVerifier source: jrt:/java.base
[0.408s][info][class,load] okhttp3.internal.tls.OkHostnameVerifier source: file:/C:/Users/TONYS/Documents/Codex/2026-09-29/https-github-com-jay3-yy-bilipai/work/toolchain/gradle-home/caches/modules-2/files-2.1/com.squareup.okhttp3/okhttp-jvm/5.3.2/f31e8de27feebe1e56d6c9d354a0986b65be0e1d/okhttp-jvm-5.3.2.jar
[0.408s][info][class,load] javax.net.ssl.SSLException source: jrt:/java.base
[0.408s][info][class,load] java.security.GeneralSecurityException source: jrt:/java.base
[0.408s][info][class,load] java.security.cert.CertificateException source: jrt:/java.base
[0.408s][info][class,load] java.security.cert.CertificateParsingException source: jrt:/java.base
[0.409s][info][class,load] okhttp3.CertificatePinner source: file:/C:/Users/TONYS/Documents/Codex/2026-09-29/https-github-com-jay3-yy-bilipai/work/toolchain/gradle-home/caches/modules-2/files-2.1/com.squareup.okhttp3/okhttp-jvm/5.3.2/f31e8de27feebe1e56d6c9d354a0986b65be0e1d/okhttp-jvm-5.3.2.jar
[0.409s][info][class,load] javax.net.ssl.SSLPeerUnverifiedException source: jrt:/java.base
[0.409s][info][class,load] okhttp3.CertificatePinner$Companion source: file:/C:/Users/TONYS/Documents/Codex/2026-09-29/https-github-com-jay3-yy-bilipai/work/toolchain/gradle-home/caches/modules-2/files-2.1/com.squareup.okhttp3/okhttp-jvm/5.3.2/f31e8de27feebe1e56d6c9d354a0986b65be0e1d/okhttp-jvm-5.3.2.jar
[0.409s][info][class,load] okhttp3.CertificatePinner$Builder source: file:/C:/Users/TONYS/Documents/Codex/2026-09-29/https-github-com-jay3-yy-bilipai/work/toolchain/gradle-home/caches/modules-2/files-2.1/com.squareup.okhttp3/okhttp-jvm/5.3.2/f31e8de27feebe1e56d6c9d354a0986b65be0e1d/okhttp-jvm-5.3.2.jar
[0.409s][info][class,load] com.bilipai.desktop.network.DesktopNetworkProxyPlatform source: file:/C:/Users/TONYS/Documents/Codex/2026-09-29/https-github-com-jay3-yy-bilipai/work/BiliPai/desktop/.local/dynamic-detail-reply-main-integration/main-product-snapshot-01/main-kotlin.jar
[0.410s][info][class,load] java.net.ProxySelector source: jrt:/java.base
[0.410s][info][class,load] com.bilipai.desktop.network.DesktopNetworkProxyPlatform$$Lambda/0x000000d53202e1a0 source: com.bilipai.desktop.network.DesktopNetworkProxyPlatform
[0.410s][info][class,load] com.bilipai.desktop.network.DesktopNetworkProxyPlatform$buildAppProxySelector$2 source: file:/C:/Users/TONYS/Documents/Codex/2026-09-29/https-github-com-jay3-yy-bilipai/work/BiliPai/desktop/.local/dynamic-detail-reply-main-integration/main-product-snapshot-01/main-kotlin.jar
[0.410s][info][class,load] sun.net.spi.DefaultProxySelector source: jrt:/java.base
[0.410s][info][class,load] java.net.Proxy source: jrt:/java.base
[0.410s][info][class,load] java.net.Proxy$Type source: jrt:/java.base
[0.411s][info][class,load] sun.net.spi.DefaultProxySelector$1 source: jrt:/java.base
[0.411s][info][class,load] sun.net.NetProperties source: jrt:/java.base
[0.411s][info][class,load] sun.net.NetProperties$1 source: jrt:/java.base
[0.415s][info][class,load] okhttp3.Interceptor source: file:/C:/Users/TONYS/Documents/Codex/2026-09-29/https-github-com-jay3-yy-bilipai/work/toolchain/gradle-home/caches/modules-2/files-2.1/com.squareup.okhttp3/okhttp-jvm/5.3.2/f31e8de27feebe1e56d6c9d354a0986b65be0e1d/okhttp-jvm-5.3.2.jar
[0.415s][info][class,load] com.bilipai.desktop.data.DesktopRepository$special$$inlined$-addInterceptor$1 source: file:/C:/Users/TONYS/Documents/Codex/2026-09-29/https-github-com-jay3-yy-bilipai/work/BiliPai/desktop/.local/dynamic-detail-reply-main-integration/main-product-snapshot-01/main-kotlin.jar
[0.415s][info][class,load] com.bilipai.desktop.data.DesktopRepository$special$$inlined$-addNetworkInterceptor$1 source: file:/C:/Users/TONYS/Documents/Codex/2026-09-29/https-github-com-jay3-yy-bilipai/work/BiliPai/desktop/.local/dynamic-detail-reply-main-integration/main-product-snapshot-01/main-kotlin.jar
[0.415s][info][class,load] okhttp3.internal.connection.RouteDatabase source: file:/C:/Users/TONYS/Documents/Codex/2026-09-29/https-github-com-jay3-yy-bilipai/work/toolchain/gradle-home/caches/modules-2/files-2.1/com.squareup.okhttp3/okhttp-jvm/5.3.2/f31e8de27feebe1e56d6c9d354a0986b65be0e1d/okhttp-jvm-5.3.2.jar
[0.416s][info][class,load] okhttp3.internal.concurrent.Lockable source: file:/C:/Users/TONYS/Documents/Codex/2026-09-29/https-github-com-jay3-yy-bilipai/work/toolchain/gradle-home/caches/modules-2/files-2.1/com.squareup.okhttp3/okhttp-jvm/5.3.2/f31e8de27feebe1e56d6c9d354a0986b65be0e1d/okhttp-jvm-5.3.2.jar
[0.416s][info][class,load] okhttp3.internal.concurrent.TaskRunner source: file:/C:/Users/TONYS/Documents/Codex/2026-09-29/https-github-com-jay3-yy-bilipai/work/toolchain/gradle-home/caches/modules-2/files-2.1/com.squareup.okhttp3/okhttp-jvm/5.3.2/f31e8de27feebe1e56d6c9d354a0986b65be0e1d/okhttp-jvm-5.3.2.jar
[0.416s][info][class,load] java.lang.InterruptedException source: jrt:/java.base
[0.416s][info][class,load] okhttp3.internal.concurrent.TaskRunner$Companion source: file:/C:/Users/TONYS/Documents/Codex/2026-09-29/https-github-com-jay3-yy-bilipai/work/toolchain/gradle-home/caches/modules-2/files-2.1/com.squareup.okhttp3/okhttp-jvm/5.3.2/f31e8de27feebe1e56d6c9d354a0986b65be0e1d/okhttp-jvm-5.3.2.jar
[0.417s][info][class,load] java.util.logging.Logger source: shared objects file
[0.417s][info][class,load] java.util.logging.Handler source: shared objects file
[0.417s][info][class,load] java.util.logging.Level source: shared objects file
[0.417s][info][class,load] java.util.logging.Level$KnownLevel source: shared objects file
[0.417s][info][class,load] java.util.logging.Level$KnownLevel$$Lambda/0x800000020 source: shared objects file
[0.417s][info][class,load] java.util.logging.Level$KnownLevel$$Lambda/0x800000021 source: shared objects file
[0.417s][info][class,load] java.util.logging.Logger$LoggerBundle source: shared objects file
[0.417s][info][class,load] java.util.logging.Logger$ConfigurationData source: shared objects file
[0.417s][info][class,load] java.util.logging.LogManager source: shared objects file
[0.417s][info][class,load] java.util.logging.LogManager$1 source: shared objects file
[0.417s][info][class,load] java.util.logging.LogManager$LoggerContext source: shared objects file
[0.417s][info][class,load] java.util.logging.LogManager$SystemLoggerContext source: shared objects file
[0.417s][info][class,load] java.util.logging.LogManager$LogNode source: shared objects file
[0.417s][info][class,load] java.util.Collections$SynchronizedMap source: shared objects file
[0.417s][info][class,load] java.util.logging.LogManager$Cleaner source: shared objects file
[0.417s][info][class,load] java.lang.ApplicationShutdownHooks source: shared objects file
[0.417s][info][class,load] java.lang.ApplicationShutdownHooks$1 source: shared objects file
[0.417s][info][class,load] java.lang.Shutdown source: shared objects file
[0.417s][info][class,load] java.lang.Shutdown$Lock source: shared objects file
[0.417s][info][class,load] java.util.logging.LoggingPermission source: shared objects file
[0.417s][info][class,load] sun.util.logging.internal.LoggingProviderImpl$LogManagerAccess source: shared objects file
[0.417s][info][class,load] java.util.logging.LogManager$LoggingProviderAccess source: shared objects file
[0.418s][info][class,load] sun.security.util.FilePermCompat source: shared objects file
[0.418s][info][class,load] java.io.FilePermission source: shared objects file
[0.418s][info][class,load] java.lang.System$LoggerFinder source: shared objects file
[0.418s][info][class,load] jdk.internal.logger.DefaultLoggerFinder source: shared objects file
[0.418s][info][class,load] sun.util.logging.internal.LoggingProviderImpl source: shared objects file
[0.418s][info][class,load] java.util.logging.LogManager$2 source: shared objects file
[0.418s][info][class,load] java.util.logging.LogManager$RootLogger source: shared objects file
[0.418s][info][class,load] java.nio.file.Paths source: shared objects file
[0.418s][info][class,load] java.util.logging.LogManager$LoggerWeakRef source: shared objects file
[0.418s][info][class,load] java.lang.invoke.LambdaForm$MH/0x000000d532030000 source: __JVM_LookupDefineClass__
[0.418s][info][class,load] java.util.function.Predicate source: shared objects file
[0.418s][info][class,load] java.util.logging.LogManager$VisitedLoggers source: shared objects file
[0.418s][info][class,load] java.util.logging.LogManager$LoggerContext$1 source: shared objects file
[0.419s][info][class,load] java.util.Collections$3 source: shared objects file
[0.419s][info][class,load] java.util.concurrent.ConcurrentHashMap$KeyIterator source: shared objects file
[0.419s][info][class,load] java.util.Hashtable$Enumerator source: shared objects file
[0.419s][info][class,load] java.util.logging.Level$$Lambda/0x800000010 source: shared objects file
[0.419s][info][class,load] java.util.Spliterator source: shared objects file
[0.419s][info][class,load] java.util.ArrayList$ArrayListSpliterator source: shared objects file
[0.419s][info][class,load] java.util.stream.StreamSupport source: shared objects file
[0.419s][info][class,load] java.util.stream.PipelineHelper source: shared objects file
[0.419s][info][class,load] java.util.stream.BaseStream source: shared objects file
[0.419s][info][class,load] java.util.stream.AbstractPipeline source: shared objects file
[0.419s][info][class,load] java.util.stream.Stream source: shared objects file
[0.419s][info][class,load] java.util.stream.ReferencePipeline source: shared objects file
[0.419s][info][class,load] java.util.stream.ReferencePipeline$Head source: shared objects file
[0.419s][info][class,load] java.util.stream.StreamOpFlag source: shared objects file
[0.419s][info][class,load] java.util.stream.StreamOpFlag$Type source: shared objects file
[0.419s][info][class,load] java.util.stream.StreamOpFlag$MaskBuilder source: shared objects file
[0.419s][info][class,load] java.util.EnumMap source: shared objects file
[0.419s][info][class,load] java.util.EnumMap$1 source: shared objects file
[0.419s][info][class,load] java.lang.Class$3 source: shared objects file
[0.420s][info][class,load] sun.reflect.annotation.AnnotationParser source: shared objects file
[0.420s][info][class,load] java.lang.invoke.LambdaForm$MH/0x000000d532030400 source: __JVM_LookupDefineClass__
[0.420s][info][class,load] jdk.internal.reflect.DirectMethodHandleAccessor source: shared objects file
[0.420s][info][class,load] java.util.stream.ReferencePipeline$StatelessOp source: shared objects file
[0.420s][info][class,load] java.util.stream.ReferencePipeline$3 source: shared objects file
[0.420s][info][class,load] java.util.stream.StreamShape source: shared objects file
[0.420s][info][class,load] java.util.logging.Level$KnownLevel$$Lambda/0x800000022 source: shared objects file
[0.420s][info][class,load] java.util.stream.ReferencePipeline$7 source: shared objects file
[0.421s][info][class,load] java.util.stream.FindOps source: shared objects file
[0.421s][info][class,load] java.util.function.Consumer source: shared objects file
[0.421s][info][class,load] java.util.stream.Sink source: shared objects file
[0.421s][info][class,load] java.util.stream.TerminalSink source: shared objects file
[0.421s][info][class,load] java.util.stream.FindOps$FindSink source: shared objects file
[0.421s][info][class,load] java.util.stream.FindOps$FindSink$OfRef source: shared objects file
[0.421s][info][class,load] java.util.stream.TerminalOp source: shared objects file
[0.421s][info][class,load] java.util.stream.FindOps$FindOp source: shared objects file
[0.421s][info][class,load] java.util.stream.FindOps$FindSink$OfRef$$Lambda/0x80000004a source: shared objects file
[0.421s][info][class,load] java.util.stream.FindOps$FindSink$OfRef$$Lambda/0x800000048 source: shared objects file
[0.421s][info][class,load] java.util.stream.FindOps$FindSink$OfRef$$Lambda/0x800000049 source: shared objects file
[0.421s][info][class,load] java.util.stream.FindOps$FindSink$OfRef$$Lambda/0x800000047 source: shared objects file
[0.422s][info][class,load] java.util.stream.Sink$ChainedReference source: shared objects file
[0.422s][info][class,load] java.util.stream.ReferencePipeline$7$1 source: shared objects file
[0.422s][info][class,load] java.util.stream.ReferencePipeline$3$1 source: shared objects file
[0.422s][info][class,load] java.util.stream.Streams$AbstractStreamBuilderImpl source: shared objects file
[0.422s][info][class,load] java.util.stream.Stream$Builder source: shared objects file
[0.422s][info][class,load] java.util.stream.Streams$StreamBuilderImpl source: shared objects file
[0.422s][info][class,load] java.util.stream.Streams source: shared objects file
[0.422s][info][class,load] java.util.IdentityHashMap$Values source: shared objects file
[0.422s][info][class,load] java.lang.System$Logger source: shared objects file
[0.422s][info][class,load] sun.util.logging.PlatformLogger$Bridge source: shared objects file
[0.422s][info][class,load] sun.util.logging.PlatformLogger$ConfigurableBridge source: shared objects file
[0.422s][info][class,load] jdk.internal.logger.BootstrapLogger source: shared objects file
[0.422s][info][class,load] jdk.internal.logger.BootstrapLogger$DetectBackend source: shared objects file
[0.422s][info][class,load] jdk.internal.logger.BootstrapLogger$DetectBackend$1 source: shared objects file
[0.422s][info][class,load] java.util.ServiceLoader source: shared objects file
[0.422s][info][class,load] java.util.ServiceLoader$ModuleServicesLookupIterator source: shared objects file
[0.422s][info][class,load] java.util.Spliterators source: shared objects file
[0.422s][info][class,load] java.util.Spliterators$EmptySpliterator source: shared objects file
[0.422s][info][class,load] java.util.Spliterators$EmptySpliterator$OfRef source: shared objects file
[0.422s][info][class,load] java.util.Spliterator$OfPrimitive source: shared objects file
[0.422s][info][class,load] java.util.Spliterator$OfInt source: shared objects file
[0.422s][info][class,load] java.util.Spliterators$EmptySpliterator$OfInt source: shared objects file
[0.422s][info][class,load] java.util.Spliterator$OfLong source: shared objects file
[0.422s][info][class,load] java.util.Spliterators$EmptySpliterator$OfLong source: shared objects file
[0.422s][info][class,load] java.util.Spliterator$OfDouble source: shared objects file
[0.422s][info][class,load] java.util.Spliterators$EmptySpliterator$OfDouble source: shared objects file
[0.422s][info][class,load] java.util.Spliterators$ArraySpliterator source: shared objects file
[0.422s][info][class,load] java.util.Spliterators$1Adapter source: shared objects file
[0.422s][info][class,load] java.util.HashMap$Values source: shared objects file
[0.422s][info][class,load] java.util.HashMap$ValueIterator source: shared objects file
[0.422s][info][class,load] java.util.ServiceLoader$LazyClassPathLookupIterator source: shared objects file
[0.422s][info][class,load] java.util.ServiceLoader$2 source: shared objects file
[0.422s][info][class,load] java.util.ServiceLoader$3 source: shared objects file
[0.423s][info][class,load] jdk.internal.module.Resources source: shared objects file
[0.423s][info][class,load] jdk.internal.loader.BuiltinClassLoader$2 source: shared objects file
[0.423s][info][class,load] jdk.internal.loader.BuiltinClassLoader$5 source: shared objects file
[0.423s][info][class,load] java.lang.module.ModuleReader source: shared objects file
[0.423s][info][class,load] jdk.internal.module.SystemModuleFinders$SystemModuleReader source: shared objects file
[0.423s][info][class,load] jdk.internal.module.SystemModuleFinders$SystemImage source: shared objects file
[0.423s][info][class,load] jdk.internal.jimage.ImageReaderFactory source: shared objects file
[0.423s][info][class,load] jdk.internal.jimage.ImageReaderFactory$1 source: shared objects file
[0.423s][info][class,load] jdk.internal.jimage.ImageReader source: shared objects file
[0.423s][info][class,load] jdk.internal.jimage.BasicImageReader source: shared objects file
[0.423s][info][class,load] jdk.internal.jimage.ImageReader$SharedImageReader source: shared objects file
[0.423s][info][class,load] jdk.internal.jimage.BasicImageReader$1 source: shared objects file
[0.423s][info][class,load] jdk.internal.jimage.NativeImageBuffer source: shared objects file
[0.423s][info][class,load] jdk.internal.jimage.NativeImageBuffer$1 source: shared objects file
[0.424s][info][class,load] jdk.internal.jimage.ImageHeader source: shared objects file
[0.424s][info][class,load] java.nio.IntBuffer source: shared objects file
[0.424s][info][class,load] java.nio.DirectIntBufferU source: shared objects file
[0.424s][info][class,load] java.nio.DirectByteBufferR source: shared objects file
[0.424s][info][class,load] java.nio.DirectIntBufferRU source: shared objects file
[0.424s][info][class,load] jdk.internal.jimage.ImageStrings source: shared objects file
[0.424s][info][class,load] jdk.internal.jimage.ImageStringsReader source: shared objects file
[0.424s][info][class,load] jdk.internal.jimage.decompressor.Decompressor source: shared objects file
[0.425s][info][class,load] jdk.internal.jimage.ImageLocation source: shared objects file
[0.425s][info][class,load] java.util.Collections$EmptyEnumeration source: shared objects file
[0.425s][info][class,load] jdk.internal.loader.BuiltinClassLoader$1 source: shared objects file
[0.426s][info][class,load] java.lang.CompoundEnumeration source: shared objects file
[0.426s][info][class,load] jdk.internal.loader.URLClassPath$1 source: shared objects file
[0.434s][info][class,load] java.util.concurrent.CopyOnWriteArrayList$COWIterator source: shared objects file
[0.434s][info][class,load] java.util.ServiceLoader$1 source: shared objects file
[0.434s][info][class,load] java.util.ServiceLoader$Provider source: shared objects file
[0.434s][info][class,load] java.util.ServiceLoader$ProviderImpl source: shared objects file
[0.434s][info][class,load] jdk.internal.logger.BootstrapLogger$LoggingBackend source: shared objects file
[0.434s][info][class,load] jdk.internal.logger.BootstrapLogger$RedirectedLoggers source: shared objects file
[0.434s][info][class,load] jdk.internal.logger.BootstrapLogger$BootstrapExecutors source: shared objects file
[0.435s][info][class,load] java.util.logging.LogManager$4 source: shared objects file
[0.435s][info][class,load] java.util.logging.Logger$SystemLoggerHelper source: shared objects file
[0.435s][info][class,load] java.util.logging.Logger$SystemLoggerHelper$1 source: shared objects file
[0.435s][info][class,load] jdk.internal.logger.DefaultLoggerFinder$1 source: shared objects file
[0.436s][info][class,load] okhttp3.internal.concurrent.TaskRunner$Backend source: file:/C:/Users/TONYS/Documents/Codex/2026-09-29/https-github-com-jay3-yy-bilipai/work/toolchain/gradle-home/caches/modules-2/files-2.1/com.squareup.okhttp3/okhttp-jvm/5.3.2/f31e8de27feebe1e56d6c9d354a0986b65be0e1d/okhttp-jvm-5.3.2.jar
[0.436s][info][class,load] okhttp3.internal.concurrent.TaskRunner$RealBackend source: file:/C:/Users/TONYS/Documents/Codex/2026-09-29/https-github-com-jay3-yy-bilipai/work/toolchain/gradle-home/caches/modules-2/files-2.1/com.squareup.okhttp3/okhttp-jvm/5.3.2/f31e8de27feebe1e56d6c9d354a0986b65be0e1d/okhttp-jvm-5.3.2.jar
[0.437s][info][class,load] java.lang.invoke.LambdaForm$DMH/0x000000d532030800 source: __JVM_LookupDefineClass__
[0.437s][info][class,load] okhttp3.internal._UtilJvmKt$$Lambda/0x000000d53202f8a0 source: okhttp3.internal._UtilJvmKt
[0.438s][info][class,load] java.lang.invoke.LambdaForm$DMH/0x000000d532030c00 source: __JVM_LookupDefineClass__
[0.438s][info][class,load] java.util.concurrent.ExecutorService source: shared objects file
[0.438s][info][class,load] java.util.concurrent.AbstractExecutorService source: shared objects file
[0.438s][info][class,load] java.util.concurrent.ThreadPoolExecutor source: jrt:/java.base
[0.438s][info][class,load] java.util.concurrent.RejectedExecutionHandler source: jrt:/java.base
[0.439s][info][class,load] java.util.concurrent.ThreadPoolExecutor$AbortPolicy source: jrt:/java.base
[0.440s][info][class,load] java.util.concurrent.BlockingQueue source: jrt:/java.base
[0.440s][info][class,load] java.util.AbstractQueue source: jrt:/java.base
[0.440s][info][class,load] java.util.concurrent.SynchronousQueue source: jrt:/java.base
[0.441s][info][class,load] java.util.concurrent.TransferQueue source: jrt:/java.base
[0.441s][info][class,load] java.util.concurrent.LinkedTransferQueue source: jrt:/java.base
[0.441s][info][class,load] java.util.concurrent.SynchronousQueue$Transferer source: jrt:/java.base
[0.441s][info][class,load] java.util.concurrent.LinkedTransferQueue$DualNode source: jrt:/java.base
[0.441s][info][class,load] java.lang.invoke.VarHandleInts$FieldInstanceReadOnly source: jrt:/java.base
[0.442s][info][class,load] java.lang.invoke.VarHandleInts$FieldInstanceReadWrite source: jrt:/java.base
[0.442s][info][class,load] jdk.internal.vm.StackableScope source: shared objects file
[0.442s][info][class,load] jdk.internal.vm.ThreadContainer source: shared objects file
[0.442s][info][class,load] jdk.internal.vm.SharedThreadContainer source: shared objects file
[0.442s][info][class,load] java.lang.invoke.VarHandleBooleans$FieldInstanceReadOnly source: shared objects file
[0.442s][info][class,load] java.lang.invoke.VarHandleBooleans$FieldInstanceReadWrite source: shared objects file
[0.442s][info][class,load] jdk.internal.vm.ThreadContainers source: shared objects file
[0.442s][info][class,load] jdk.internal.vm.ThreadContainers$RootContainer source: shared objects file
[0.442s][info][class,load] jdk.internal.vm.ThreadContainers$RootContainer$TrackingRootContainer source: shared objects file
[0.443s][info][class,load] okhttp3.internal.concurrent.TaskRunner$runnable$1 source: file:/C:/Users/TONYS/Documents/Codex/2026-09-29/https-github-com-jay3-yy-bilipai/work/toolchain/gradle-home/caches/modules-2/files-2.1/com.squareup.okhttp3/okhttp-jvm/5.3.2/f31e8de27feebe1e56d6c9d354a0986b65be0e1d/okhttp-jvm-5.3.2.jar
[0.443s][info][class,load] okhttp3.ConnectionPool source: file:/C:/Users/TONYS/Documents/Codex/2026-09-29/https-github-com-jay3-yy-bilipai/work/toolchain/gradle-home/caches/modules-2/files-2.1/com.squareup.okhttp3/okhttp-jvm/5.3.2/f31e8de27feebe1e56d6c9d354a0986b65be0e1d/okhttp-jvm-5.3.2.jar
[0.443s][info][class,load] okhttp3.internal.connection.ConnectionListener source: file:/C:/Users/TONYS/Documents/Codex/2026-09-29/https-github-com-jay3-yy-bilipai/work/toolchain/gradle-home/caches/modules-2/files-2.1/com.squareup.okhttp3/okhttp-jvm/5.3.2/f31e8de27feebe1e56d6c9d354a0986b65be0e1d/okhttp-jvm-5.3.2.jar
[0.443s][info][class,load] okhttp3.internal.connection.ConnectionListener$Companion source: file:/C:/Users/TONYS/Documents/Codex/2026-09-29/https-github-com-jay3-yy-bilipai/work/toolchain/gradle-home/caches/modules-2/files-2.1/com.squareup.okhttp3/okhttp-jvm/5.3.2/f31e8de27feebe1e56d6c9d354a0986b65be0e1d/okhttp-jvm-5.3.2.jar
[0.443s][info][class,load] okhttp3.internal.connection.ConnectionListener$Companion$NONE$1 source: file:/C:/Users/TONYS/Documents/Codex/2026-09-29/https-github-com-jay3-yy-bilipai/work/toolchain/gradle-home/caches/modules-2/files-2.1/com.squareup.okhttp3/okhttp-jvm/5.3.2/f31e8de27feebe1e56d6c9d354a0986b65be0e1d/okhttp-jvm-5.3.2.jar
[0.444s][info][class,load] okhttp3.internal.connection.RealConnectionPool source: file:/C:/Users/TONYS/Documents/Codex/2026-09-29/https-github-com-jay3-yy-bilipai/work/toolchain/gradle-home/caches/modules-2/files-2.1/com.squareup.okhttp3/okhttp-jvm/5.3.2/f31e8de27feebe1e56d6c9d354a0986b65be0e1d/okhttp-jvm-5.3.2.jar
[0.444s][info][class,load] okhttp3.internal.connection.RealConnectionPool$Companion source: file:/C:/Users/TONYS/Documents/Codex/2026-09-29/https-github-com-jay3-yy-bilipai/work/toolchain/gradle-home/caches/modules-2/files-2.1/com.squareup.okhttp3/okhttp-jvm/5.3.2/f31e8de27feebe1e56d6c9d354a0986b65be0e1d/okhttp-jvm-5.3.2.jar
[0.445s][info][class,load] okhttp3.internal.concurrent.TaskQueue source: file:/C:/Users/TONYS/Documents/Codex/2026-09-29/https-github-com-jay3-yy-bilipai/work/toolchain/gradle-home/caches/modules-2/files-2.1/com.squareup.okhttp3/okhttp-jvm/5.3.2/f31e8de27feebe1e56d6c9d354a0986b65be0e1d/okhttp-jvm-5.3.2.jar
[0.445s][info][class,load] okhttp3.internal.concurrent.Task source: file:/C:/Users/TONYS/Documents/Codex/2026-09-29/https-github-com-jay3-yy-bilipai/work/toolchain/gradle-home/caches/modules-2/files-2.1/com.squareup.okhttp3/okhttp-jvm/5.3.2/f31e8de27feebe1e56d6c9d354a0986b65be0e1d/okhttp-jvm-5.3.2.jar
[0.445s][info][class,load] okhttp3.internal.connection.RealConnectionPool$cleanupTask$1 source: file:/C:/Users/TONYS/Documents/Codex/2026-09-29/https-github-com-jay3-yy-bilipai/work/toolchain/gradle-home/caches/modules-2/files-2.1/com.squareup.okhttp3/okhttp-jvm/5.3.2/f31e8de27feebe1e56d6c9d354a0986b65be0e1d/okhttp-jvm-5.3.2.jar
[0.445s][info][class,load] java.util.concurrent.ConcurrentLinkedQueue source: jrt:/java.base
[0.445s][info][class,load] java.util.concurrent.ConcurrentLinkedQueue$Node source: jrt:/java.base
[0.446s][info][class,load] java.util.Arrays$ArrayItr source: jrt:/java.base
[0.446s][info][class,load] okhttp3.internal.platform.Platform source: file:/C:/Users/TONYS/Documents/Codex/2026-09-29/https-github-com-jay3-yy-bilipai/work/toolchain/gradle-home/caches/modules-2/files-2.1/com.squareup.okhttp3/okhttp-jvm/5.3.2/f31e8de27feebe1e56d6c9d354a0986b65be0e1d/okhttp-jvm-5.3.2.jar
[0.447s][info][class,load] okhttp3.internal.platform.Platform$Companion source: file:/C:/Users/TONYS/Documents/Codex/2026-09-29/https-github-com-jay3-yy-bilipai/work/toolchain/gradle-home/caches/modules-2/files-2.1/com.squareup.okhttp3/okhttp-jvm/5.3.2/f31e8de27feebe1e56d6c9d354a0986b65be0e1d/okhttp-jvm-5.3.2.jar
[0.447s][info][class,load] okhttp3.internal.platform.PlatformRegistry source: file:/C:/Users/TONYS/Documents/Codex/2026-09-29/https-github-com-jay3-yy-bilipai/work/toolchain/gradle-home/caches/modules-2/files-2.1/com.squareup.okhttp3/okhttp-jvm/5.3.2/f31e8de27feebe1e56d6c9d354a0986b65be0e1d/okhttp-jvm-5.3.2.jar
[0.447s][info][class,load] sun.security.rsa.SunRsaSign source: jrt:/java.base
[0.447s][info][class,load] sun.security.rsa.SunRsaSignEntries source: jrt:/java.base
[0.448s][info][class,load] sun.security.jca.ProviderConfig$3 source: jrt:/java.base
[0.448s][info][class,load] sun.security.jca.ProviderConfig$ProviderLoader source: jrt:/java.base
[0.449s][info][class,load] jdk.internal.module.ModulePatcher$PatchedModuleReader source: jrt:/java.base
[0.449s][info][class,load] sun.net.www.protocol.jrt.Handler source: jrt:/java.base
[0.450s][info][class,load] sun.security.jgss.SunProvider source: jrt:/java.security.jgss
[0.450s][info][class,load] sun.security.jgss.SunProvider$ProviderService source: jrt:/java.security.jgss
[0.450s][info][class,load] sun.security.jgss.SunProvider$$Lambda/0x000000d5320316f0 source: sun.security.jgss.SunProvider
[0.451s][info][class,load] java.security.InvalidParameterException source: jrt:/java.base
[0.451s][info][class,load] java.security.NoSuchAlgorithmException source: jrt:/java.base
[0.451s][info][class,load] java.security.ProviderException source: jrt:/java.base
[0.451s][info][class,load] sun.security.ec.SunEC source: jrt:/jdk.crypto.ec
[0.451s][info][class,load] sun.security.ec.SunEC$ProviderService source: jrt:/jdk.crypto.ec
[0.451s][info][class,load] sun.security.ec.SunEC$ProviderServiceA source: jrt:/jdk.crypto.ec
[0.452s][info][class,load] sun.security.ec.SunEC$1 source: jrt:/jdk.crypto.ec
[0.452s][info][class,load] sun.security.util.CurveDB source: jrt:/java.base
[0.452s][info][class,load] java.math.BigInteger source: shared objects file
[0.452s][info][class,load] java.security.spec.ECField source: jrt:/java.base
[0.452s][info][class,load] java.security.spec.ECFieldFp source: jrt:/java.base
[0.452s][info][class,load] java.security.spec.EllipticCurve source: jrt:/java.base
[0.453s][info][class,load] java.security.spec.ECPoint source: jrt:/java.base
[0.453s][info][class,load] java.security.spec.AlgorithmParameterSpec source: jrt:/java.base
[0.453s][info][class,load] java.security.spec.ECParameterSpec source: jrt:/java.base
[0.453s][info][class,load] sun.security.util.NamedCurve source: jrt:/java.base
[0.453s][info][class,load] sun.security.util.DerEncoder source: jrt:/java.base
[0.453s][info][class,load] sun.security.util.DerOutputStream source: jrt:/java.base
[0.453s][info][class,load] sun.security.util.ByteArrayLexOrder source: jrt:/java.base
[0.453s][info][class,load] sun.security.util.ByteArrayTagOrder source: jrt:/java.base
[0.453s][info][class,load] sun.security.util.ObjectIdentifier source: jrt:/java.base
[0.455s][info][class,load] java.security.spec.ECFieldF2m source: jrt:/java.base
[0.459s][info][class,load] sun.security.ssl.SunJSSE source: jrt:/java.base
[0.460s][info][class,load] sun.security.ssl.SunJSSE$$Lambda/0x000000d532064430 source: sun.security.ssl.SunJSSE
[0.462s][info][class,load] com.sun.crypto.provider.SunJCE source: jrt:/java.base
[0.466s][info][class,load] org.jcp.xml.dsig.internal.dom.XMLDSigRI source: jrt:/java.xml.crypto
[0.467s][info][class,load] org.jcp.xml.dsig.internal.dom.XMLDSigRI$1 source: jrt:/java.xml.crypto
[0.467s][info][class,load] org.jcp.xml.dsig.internal.dom.XMLDSigRI$2 source: jrt:/java.xml.crypto
[0.467s][info][class,load] org.jcp.xml.dsig.internal.dom.XMLDSigRI$ProviderService source: jrt:/java.xml.crypto
[0.468s][info][class,load] sun.security.smartcardio.SunPCSC source: jrt:/java.smartcardio
[0.469s][info][class,load] sun.security.smartcardio.SunPCSC$1 source: jrt:/java.smartcardio
[0.469s][info][class,load] sun.security.smartcardio.SunPCSC$ProviderService source: jrt:/java.smartcardio
[0.470s][info][class,load] java.security.AuthProvider source: jrt:/java.base
[0.470s][info][class,load] sun.security.pkcs11.SunPKCS11 source: jrt:/jdk.crypto.cryptoki
[0.470s][info][class,load] sun.security.pkcs11.wrapper.PKCS11Exception source: jrt:/jdk.crypto.cryptoki
[0.471s][info][class,load] javax.security.auth.login.LoginException source: jrt:/java.base
[0.471s][info][class,load] java.security.PrivilegedActionException source: jrt:/java.base
[0.471s][info][class,load] javax.security.auth.login.FailedLoginException source: jrt:/java.base
[0.471s][info][class,load] javax.security.auth.callback.CallbackHandler source: jrt:/java.base
[0.472s][info][class,load] javax.security.auth.Subject source: jrt:/java.base
[0.472s][info][class,load] sun.security.pkcs11.SunPKCS11$Descriptor source: jrt:/jdk.crypto.cryptoki
[0.473s][info][class,load] sun.security.pkcs11.SunPKCS11$$Lambda/0x000000d532038270 source: sun.security.pkcs11.SunPKCS11
[0.474s][info][class,load] sun.security.mscapi.SunMSCAPI source: jrt:/jdk.crypto.mscapi
[0.474s][info][class,load] sun.security.mscapi.SunMSCAPI$1 source: jrt:/jdk.crypto.mscapi
[0.476s][info][class,load] sun.security.mscapi.SunMSCAPI$2 source: jrt:/jdk.crypto.mscapi
[0.477s][info][class,load] sun.security.mscapi.SunMSCAPI$ProviderService source: jrt:/jdk.crypto.mscapi
[0.477s][info][class,load] sun.security.mscapi.SunMSCAPI$ProviderServiceA source: jrt:/jdk.crypto.mscapi
[0.477s][info][class,load] com.sun.security.sasl.gsskerb.JdkSASL source: jrt:/jdk.security.jgss
[0.477s][info][class,load] com.sun.security.sasl.gsskerb.JdkSASL$1 source: jrt:/jdk.security.jgss
[0.478s][info][class,load] com.sun.security.sasl.gsskerb.JdkSASL$ProviderService source: jrt:/jdk.security.jgss
[0.478s][info][class,load] com.sun.security.sasl.Provider source: jrt:/java.security.sasl
[0.478s][info][class,load] com.sun.security.sasl.Provider$1 source: jrt:/java.security.sasl
[0.478s][info][class,load] com.sun.security.sasl.Provider$ProviderService source: jrt:/java.security.sasl
[0.478s][info][class,load] sun.security.provider.certpath.ldap.JdkLDAP source: jrt:/java.naming
[0.479s][info][class,load] sun.security.provider.certpath.ldap.JdkLDAP$$Lambda/0x000000d532066910 source: sun.security.provider.certpath.ldap.JdkLDAP
[0.479s][info][class,load] sun.security.provider.certpath.ldap.JdkLDAP$ProviderService source: jrt:/java.naming
[0.479s][info][class,load] okhttp3.internal.platform.Jdk9Platform source: file:/C:/Users/TONYS/Documents/Codex/2026-09-29/https-github-com-jay3-yy-bilipai/work/toolchain/gradle-home/caches/modules-2/files-2.1/com.squareup.okhttp3/okhttp-jvm/5.3.2/f31e8de27feebe1e56d6c9d354a0986b65be0e1d/okhttp-jvm-5.3.2.jar
[0.480s][info][class,load] okhttp3.internal.platform.Jdk9Platform$Companion source: file:/C:/Users/TONYS/Documents/Codex/2026-09-29/https-github-com-jay3-yy-bilipai/work/toolchain/gradle-home/caches/modules-2/files-2.1/com.squareup.okhttp3/okhttp-jvm/5.3.2/f31e8de27feebe1e56d6c9d354a0986b65be0e1d/okhttp-jvm-5.3.2.jar
[0.480s][info][class,load] javax.net.ssl.TrustManagerFactory source: jrt:/java.base
[0.480s][info][class,load] javax.net.ssl.TrustManagerFactory$$Lambda/0x000000d532066f78 source: javax.net.ssl.TrustManagerFactory
[0.481s][info][class,load] javax.net.ssl.TrustManagerFactorySpi source: jrt:/java.base
[0.481s][info][class,load] sun.security.ssl.TrustManagerFactoryImpl source: jrt:/java.base
[0.481s][info][class,load] sun.security.ssl.TrustManagerFactoryImpl$PKIXFactory source: jrt:/java.base
[0.481s][info][class,load] sun.security.ssl.TrustStoreManager source: jrt:/java.base
[0.481s][info][class,load] sun.security.ssl.TrustStoreManager$TrustAnchorManager source: jrt:/java.base
[0.482s][info][class,load] sun.security.ssl.TrustStoreManager$TrustStoreDescriptor source: jrt:/java.base
[0.482s][info][class,load] sun.security.util.FilePaths source: jrt:/java.base
[0.482s][info][class,load] sun.security.ssl.TrustStoreManager$TrustStoreDescriptor$1 source: jrt:/java.base
[0.482s][info][class,load] java.security.KeyStore source: jrt:/java.base
[0.482s][info][class,load] java.security.KeyStore$$Lambda/0x000000d5320684a0 source: java.security.KeyStore
[0.483s][info][class,load] sun.security.ssl.SSLLogger source: jrt:/java.base
[0.485s][info][class,load] java.security.KeyStoreSpi source: jrt:/java.base
[0.485s][info][class,load] sun.security.util.KeyStoreDelegator source: jrt:/java.base
[0.485s][info][class,load] sun.security.pkcs12.PKCS12KeyStore$DualFormatPKCS12 source: jrt:/java.base
[0.486s][info][class,load] sun.security.pkcs12.PKCS12KeyStore source: jrt:/java.base
[0.486s][info][class,load] sun.security.provider.JavaKeyStore source: jrt:/java.base
[0.486s][info][class,load] sun.security.provider.JavaKeyStore$JKS source: jrt:/java.base
[0.487s][info][class,load] sun.security.util.KeyStoreDelegator$$Lambda/0x000000d5320699b0 source: sun.security.util.KeyStoreDelegator
[0.487s][info][class,load] sun.security.action.OpenFileInputStreamAction source: jrt:/java.base
[0.494s][info][class,load] sun.security.util.DerValue source: jrt:/java.base
[0.494s][info][class,load] sun.security.util.DerInputStream source: jrt:/java.base
[0.494s][info][class,load] sun.security.util.IOUtils source: jrt:/java.base
[0.495s][info][class,load] sun.security.pkcs.ContentInfo source: jrt:/java.base
[0.496s][info][class,load] java.security.cert.CertificateFactory source: jrt:/java.base
[0.496s][info][class,load] java.security.cert.CertificateFactorySpi source: jrt:/java.base
[0.496s][info][class,load] sun.security.provider.X509Factory source: jrt:/java.base
[0.496s][info][class,load] sun.security.util.Cache source: jrt:/java.base
[0.496s][info][class,load] sun.security.util.MemoryCache source: jrt:/java.base
[0.497s][info][class,load] sun.security.util.Cache$EqualByteArray source: jrt:/java.base
[0.497s][info][class,load] java.security.cert.X509Extension source: jrt:/java.base
[0.497s][info][class,load] java.security.cert.X509Certificate source: jrt:/java.base
[0.497s][info][class,load] sun.security.x509.X509CertImpl source: jrt:/java.base
[0.498s][info][class,load] sun.security.x509.AlgorithmId source: jrt:/java.base
[0.498s][info][class,load] sun.security.x509.X509CertInfo source: jrt:/java.base
[0.499s][info][class,load] sun.security.x509.CertificateVersion source: jrt:/java.base
[0.499s][info][class,load] sun.security.x509.CertificateSerialNumber source: jrt:/java.base
[0.499s][info][class,load] sun.security.x509.SerialNumber source: jrt:/java.base
[0.499s][info][class,load] sun.security.x509.CertificateAlgorithmId source: jrt:/java.base
[0.500s][info][class,load] sun.security.x509.GeneralNameInterface source: jrt:/java.base
[0.500s][info][class,load] sun.security.x509.X500Name source: jrt:/java.base
[0.500s][info][class,load] sun.security.x509.X500Name$$Lambda/0x000000d53206d8e8 source: sun.security.x509.X500Name
[0.501s][info][class,load] javax.security.auth.x500.X500Principal source: jrt:/java.base
[0.501s][info][class,load] sun.security.x509.RDN source: jrt:/java.base
[0.501s][info][class,load] sun.security.x509.AVA source: jrt:/java.base
[0.501s][info][class,load] sun.security.x509.CertificateValidity source: jrt:/java.base
[0.502s][info][class,load] sun.util.calendar.CalendarSystem source: shared objects file
[0.502s][info][class,load] sun.util.calendar.CalendarSystem$GregorianHolder source: shared objects file
[0.502s][info][class,load] sun.util.calendar.AbstractCalendar source: shared objects file
[0.502s][info][class,load] sun.util.calendar.BaseCalendar source: shared objects file
[0.502s][info][class,load] sun.util.calendar.Gregorian source: shared objects file
[0.502s][info][class,load] sun.util.calendar.CalendarDate source: shared objects file
[0.502s][info][class,load] sun.util.calendar.BaseCalendar$Date source: shared objects file
[0.502s][info][class,load] sun.util.calendar.Gregorian$Date source: shared objects file
[0.502s][info][class,load] sun.util.calendar.CalendarUtils source: shared objects file
[0.502s][info][class,load] java.util.Date source: shared objects file
[0.502s][info][class,load] sun.security.x509.CertificateX509Key source: jrt:/java.base
[0.502s][info][class,load] java.security.Key source: jrt:/java.base
[0.502s][info][class,load] java.security.PublicKey source: jrt:/java.base
[0.502s][info][class,load] sun.security.x509.X509Key source: jrt:/java.base
[0.503s][info][class,load] sun.security.util.BitArray source: jrt:/java.base
[0.503s][info][class,load] java.security.spec.KeySpec source: jrt:/java.base
[0.503s][info][class,load] java.security.spec.EncodedKeySpec source: jrt:/java.base
[0.503s][info][class,load] java.security.spec.X509EncodedKeySpec source: jrt:/java.base
[0.503s][info][class,load] jdk.internal.access.JavaSecuritySpecAccess source: jrt:/java.base
[0.503s][info][class,load] java.lang.invoke.LambdaForm$DMH/0x000000d53203a000 source: __JVM_LookupDefineClass__
[0.504s][info][class,load] java.security.spec.EncodedKeySpec$$Lambda/0x000000d53206fdf0 source: java.security.spec.EncodedKeySpec
[0.504s][info][class,load] java.security.KeyFactory source: jrt:/java.base
[0.504s][info][class,load] sun.security.jca.ProviderList$ServiceList source: jrt:/java.base
[0.504s][info][class,load] sun.security.jca.ProviderList$ServiceList$1 source: jrt:/java.base
[0.505s][info][class,load] java.security.KeyFactorySpi source: jrt:/java.base
[0.505s][info][class,load] sun.security.rsa.RSAKeyFactory source: jrt:/java.base
[0.505s][info][class,load] sun.security.rsa.RSAKeyFactory$Legacy source: jrt:/java.base
[0.505s][info][class,load] java.security.spec.RSAPublicKeySpec source: jrt:/java.base
[0.505s][info][class,load] java.security.spec.RSAPrivateKeySpec source: jrt:/java.base
[0.505s][info][class,load] java.security.spec.RSAPrivateCrtKeySpec source: jrt:/java.base
[0.505s][info][class,load] java.security.spec.PKCS8EncodedKeySpec source: jrt:/java.base
[0.505s][info][class,load] sun.security.rsa.RSAUtil$KeyType source: jrt:/java.base
[0.506s][info][class,load] java.security.spec.PSSParameterSpec source: jrt:/java.base
[0.506s][info][class,load] java.security.interfaces.RSAKey source: jrt:/java.base
[0.506s][info][class,load] java.security.interfaces.RSAPublicKey source: jrt:/java.base
[0.506s][info][class,load] sun.security.rsa.RSAPublicKeyImpl source: jrt:/java.base
[0.506s][info][class,load] sun.security.rsa.RSAUtil source: jrt:/java.base
[0.507s][info][class,load] sun.security.x509.CertificateExtensions source: jrt:/java.base
[0.507s][info][class,load] java.security.cert.Extension source: jrt:/java.base
[0.507s][info][class,load] sun.security.x509.Extension source: jrt:/java.base
[0.507s][info][class,load] sun.security.x509.OIDMap source: jrt:/java.base
[0.508s][info][class,load] sun.security.x509.PKIXExtensions source: jrt:/java.base
[0.508s][info][class,load] sun.security.x509.OIDMap$OIDInfo source: jrt:/java.base
[0.508s][info][class,load] sun.security.x509.SubjectKeyIdentifierExtension source: jrt:/java.base
[0.509s][info][class,load] java.lang.invoke.LambdaForm$MH/0x000000d53203a400 source: __JVM_LookupDefineClass__
[0.509s][info][class,load] sun.security.x509.KeyIdentifier source: jrt:/java.base
[0.510s][info][class,load] sun.security.x509.BasicConstraintsExtension source: jrt:/java.base
[0.510s][info][class,load] sun.security.x509.AuthorityKeyIdentifierExtension source: jrt:/java.base
[0.510s][info][class,load] sun.security.x509.GeneralNames source: jrt:/java.base
[0.510s][info][class,load] sun.security.x509.CertificatePoliciesExtension source: jrt:/java.base
[0.511s][info][class,load] sun.security.x509.PolicyInformation source: jrt:/java.base
[0.511s][info][class,load] sun.security.x509.CertificatePolicyId source: jrt:/java.base
[0.512s][info][class,load] sun.security.x509.KeyUsageExtension source: jrt:/java.base
[0.512s][info][class,load] sun.security.util.MemoryCache$CacheEntry source: jrt:/java.base
[0.512s][info][class,load] sun.security.util.MemoryCache$SoftCacheEntry source: jrt:/java.base
[0.512s][info][class,load] sun.security.jca.JCAUtil source: jrt:/java.base
[0.513s][info][class,load] jdk.internal.event.X509CertificateEvent source: jrt:/java.base
[0.513s][info][class,load] jdk.internal.event.EventHelper source: jrt:/java.base
[0.513s][info][class,load] java.lang.invoke.VarHandleReferences$FieldStaticReadOnly source: jrt:/java.base
[0.513s][info][class,load] java.lang.invoke.VarHandleReferences$FieldStaticReadWrite source: jrt:/java.base
[0.514s][info][class,load] java.lang.System$Logger$Level source: jrt:/java.base
[0.514s][info][class,load] java.util.jar.JarFile$ThreadTrackHolder source: jrt:/java.base
[0.514s][info][class,load] jdk.internal.misc.ThreadTracker source: jrt:/java.base
[0.514s][info][class,load] jdk.internal.misc.ThreadTracker$ThreadRef source: jrt:/java.base
[0.514s][info][class,load] jdk.internal.event.EventHelper$ThreadTrackHolder source: jrt:/java.base
[0.515s][info][class,load] jdk.internal.logger.LazyLoggers source: jrt:/java.base
[0.515s][info][class,load] jdk.internal.logger.LazyLoggers$1 source: jrt:/java.base
[0.515s][info][class,load] jdk.internal.logger.LazyLoggers$LazyLoggerFactories source: jrt:/java.base
[0.515s][info][class,load] java.lang.System$LoggerFinder$$Lambda/0x000000d532077228 source: java.lang.System
[0.515s][info][class,load] jdk.internal.logger.LoggerFinderLoader source: jrt:/java.base
[0.516s][info][class,load] jdk.internal.access.JavaIOFilePermissionAccess source: jrt:/java.base
[0.516s][info][class,load] java.io.FilePermission$1 source: jrt:/java.base
[0.516s][info][class,load] jdk.internal.logger.LoggerFinderLoader$TemporaryLoggerFinder source: jrt:/java.base
[0.517s][info][class,load] sun.util.logging.PlatformLogger$ConfigurableBridge$LoggerConfiguration source: jrt:/java.base
[0.517s][info][class,load] sun.util.logging.internal.LoggingProviderImpl$JULWrapper source: jrt:/java.logging
[0.517s][info][class,load] sun.nio.cs.UnicodeDecoder source: jrt:/java.base
[0.517s][info][class,load] sun.nio.cs.UTF_16BE$Decoder source: jrt:/java.base
[0.518s][info][class,load] sun.security.pkcs12.PKCS12KeyStore$Entry source: jrt:/java.base
[0.518s][info][class,load] sun.security.pkcs12.PKCS12KeyStore$KeyEntry source: jrt:/java.base
[0.518s][info][class,load] sun.security.pkcs12.PKCS12KeyStore$CertEntry source: jrt:/java.base
[0.518s][info][class,load] java.security.KeyStore$Entry$Attribute source: jrt:/java.base
[0.518s][info][class,load] java.security.PKCS12Attribute source: jrt:/java.base
[0.518s][info][class,load] java.util.regex.Pattern source: shared objects file
[0.518s][info][class,load] java.util.regex.Pattern$Node source: shared objects file
[0.518s][info][class,load] java.util.regex.Pattern$LastNode source: shared objects file
[0.518s][info][class,load] java.util.regex.Pattern$GroupHead source: shared objects file
[0.518s][info][class,load] java.util.regex.Pattern$Begin source: shared objects file
[0.518s][info][class,load] java.util.regex.Pattern$CharPredicate source: shared objects file
[0.518s][info][class,load] java.util.regex.Pattern$BmpCharPredicate source: shared objects file
[0.518s][info][class,load] java.util.regex.Pattern$BitClass source: shared objects file
[0.519s][info][class,load] java.util.regex.Pattern$$Lambda/0x800000029 source: shared objects file
[0.519s][info][class,load] java.util.regex.Pattern$$Lambda/0x800000031 source: shared objects file
[0.519s][info][class,load] java.util.regex.Pattern$CharProperty source: shared objects file
[0.519s][info][class,load] java.util.regex.Pattern$BmpCharProperty source: shared objects file
[0.519s][info][class,load] java.util.regex.ASCII source: shared objects file
[0.519s][info][class,load] java.util.regex.Pattern$Curly source: shared objects file
[0.519s][info][class,load] java.util.regex.Pattern$Qtype source: shared objects file
[0.519s][info][class,load] java.util.regex.Pattern$GroupTail source: shared objects file
[0.519s][info][class,load] java.util.regex.Pattern$$Lambda/0x800000028 source: shared objects file
[0.520s][info][class,load] java.util.regex.Pattern$Ques source: shared objects file
[0.520s][info][class,load] java.util.regex.Pattern$TreeInfo source: shared objects file
[0.520s][info][class,load] java.util.regex.Pattern$GroupCurly source: shared objects file
[0.520s][info][class,load] java.util.regex.Pattern$Dollar source: shared objects file
[0.520s][info][class,load] java.util.regex.Pattern$SliceNode source: shared objects file
[0.520s][info][class,load] java.util.regex.Pattern$Slice source: shared objects file
[0.520s][info][class,load] java.util.regex.MatchResult source: shared objects file
[0.520s][info][class,load] java.util.regex.Matcher source: shared objects file
[0.520s][info][class,load] java.util.regex.IntHashSet source: shared objects file
[0.520s][info][class,load] java.security.AlgorithmParameters source: jrt:/java.base
[0.520s][info][class,load] java.security.AlgorithmParametersSpi source: jrt:/java.base
[0.520s][info][class,load] sun.security.util.ECParameters source: jrt:/java.base
[0.521s][info][class,load] sun.security.ec.ECKeyFactory source: jrt:/jdk.crypto.ec
[0.521s][info][class,load] java.security.spec.InvalidKeySpecException source: jrt:/java.base
[0.521s][info][class,load] java.security.KeyException source: jrt:/java.base
[0.521s][info][class,load] java.security.InvalidKeyException source: jrt:/java.base
[0.521s][info][class,load] java.security.NoSuchProviderException source: jrt:/java.base
[0.521s][info][class,load] javax.security.auth.Destroyable source: jrt:/java.base
[0.521s][info][class,load] java.security.PrivateKey source: jrt:/java.base
[0.522s][info][class,load] java.security.interfaces.ECKey source: jrt:/java.base
[0.522s][info][class,load] java.security.interfaces.ECPublicKey source: jrt:/java.base
[0.522s][info][class,load] sun.security.ec.ECPublicKeyImpl source: jrt:/jdk.crypto.ec
[0.522s][info][class,load] java.security.spec.InvalidParameterSpecException source: jrt:/java.base
[0.522s][info][class,load] sun.security.util.ECUtil source: jrt:/java.base
[0.523s][info][class,load] sun.security.x509.AuthorityInfoAccessExtension source: jrt:/java.base
[0.524s][info][class,load] sun.security.x509.AccessDescription source: jrt:/java.base
[0.524s][info][class,load] sun.security.x509.GeneralName source: jrt:/java.base
[0.524s][info][class,load] sun.security.x509.URIName source: jrt:/java.base
[0.524s][info][class,load] sun.security.x509.DNSName source: jrt:/java.base
[0.525s][info][class,load] sun.security.util.HostnameChecker source: jrt:/java.base
[0.525s][info][class,load] java.security.cert.PolicyQualifierInfo source: jrt:/java.base
[0.525s][info][class,load] sun.security.x509.CRLDistributionPointsExtension source: jrt:/java.base
[0.526s][info][class,load] sun.security.x509.DistributionPoint source: jrt:/java.base
[0.526s][info][class,load] sun.security.x509.SubjectAlternativeNameExtension source: jrt:/java.base
[0.526s][info][class,load] sun.security.x509.RFC822Name source: jrt:/java.base
[0.566s][info][class,load] sun.security.pkcs12.PKCS12KeyStore$PrivateKeyEntry source: jrt:/java.base
[0.566s][info][class,load] sun.security.validator.TrustStoreUtil source: jrt:/java.base
[0.567s][info][class,load] javax.net.ssl.TrustManager source: jrt:/java.base
[0.567s][info][class,load] javax.net.ssl.X509TrustManager source: jrt:/java.base
[0.567s][info][class,load] javax.net.ssl.X509ExtendedTrustManager source: jrt:/java.base
[0.567s][info][class,load] sun.security.ssl.X509TrustManagerImpl source: jrt:/java.base
[0.568s][info][class,load] javax.net.ssl.SSLContext source: jrt:/java.base
[0.568s][info][class,load] javax.net.ssl.SSLContextSpi source: jrt:/java.base
[0.568s][info][class,load] sun.security.ssl.SSLContextImpl source: jrt:/java.base
[0.568s][info][class,load] sun.security.ssl.SSLContextImpl$AbstractTLSContext source: jrt:/java.base
[0.568s][info][class,load] sun.security.ssl.SSLContextImpl$CustomizedTLSContext source: jrt:/java.base
[0.568s][info][class,load] sun.security.ssl.SSLContextImpl$TLSContext source: jrt:/java.base
[0.568s][info][class,load] sun.security.ssl.ProtocolVersion source: jrt:/java.base
[0.568s][info][class,load] sun.security.ssl.SSLAlgorithmConstraints source: jrt:/java.base
[0.569s][info][class,load] sun.security.util.DisabledAlgorithmConstraints source: jrt:/java.base
[0.569s][info][class,load] java.util.regex.Pattern$SliceI source: jrt:/java.base
[0.570s][info][class,load] java.util.regex.Pattern$$Lambda/0x000000d53203c230 source: java.util.regex.Pattern
[0.570s][info][class,load] java.util.regex.Pattern$First source: shared objects file
[0.570s][info][class,load] java.util.regex.Pattern$Start source: shared objects file
[0.570s][info][class,load] sun.security.util.AlgorithmDecomposer source: jrt:/java.base
[0.570s][info][class,load] sun.security.ssl.SSLAlgorithmDecomposer source: jrt:/java.base
[0.570s][info][class,load] java.util.regex.Pattern$BranchConn source: shared objects file
[0.570s][info][class,load] java.util.regex.Pattern$Branch source: shared objects file
[0.570s][info][class,load] java.util.regex.Pattern$LookBehindEndNode source: jrt:/java.base
[0.571s][info][class,load] java.util.regex.Pattern$NotBehind source: jrt:/java.base
[0.571s][info][class,load] sun.security.util.AbstractAlgorithmConstraints$1 source: jrt:/java.base
[0.571s][info][class,load] java.util.ArrayList$SubList source: shared objects file
[0.571s][info][class,load] java.util.regex.Pattern$CharPropertyGreedy source: shared objects file
[0.572s][info][class,load] sun.security.util.DisabledAlgorithmConstraints$Constraints source: jrt:/java.base
[0.572s][info][class,load] sun.security.util.DisabledAlgorithmConstraints$Constraint source: jrt:/java.base
[0.572s][info][class,load] sun.security.util.DisabledAlgorithmConstraints$DisabledConstraint source: jrt:/java.base
[0.572s][info][class,load] java.util.StringTokenizer source: jrt:/java.base
[0.573s][info][class,load] sun.security.util.DisabledAlgorithmConstraints$KeySizeConstraint source: jrt:/java.base
[0.573s][info][class,load] sun.security.util.DisabledAlgorithmConstraints$Constraint$Operator source: jrt:/java.base
[0.573s][info][class,load] sun.security.util.DisabledAlgorithmConstraints$UsageConstraint source: jrt:/java.base
[0.573s][info][class,load] sun.security.ssl.SSLScope source: jrt:/java.base
[0.574s][info][class,load] sun.security.util.DisabledAlgorithmConstraints$jdkCAConstraint source: jrt:/java.base
[0.574s][info][class,load] sun.security.util.DisabledAlgorithmConstraints$Constraints$Holder source: jrt:/java.base
[0.574s][info][class,load] java.util.regex.CharPredicates source: shared objects file
[0.574s][info][class,load] java.util.regex.CharPredicates$$Lambda/0x800000025 source: shared objects file
[0.575s][info][class,load] java.util.regex.Pattern$BmpCharPropertyGreedy source: shared objects file
[0.575s][info][class,load] java.util.regex.CharPredicates$$Lambda/0x800000024 source: shared objects file
[0.576s][info][class,load] java.util.regex.Pattern$BnM source: jrt:/java.base
[0.576s][info][class,load] java.util.regex.Pattern$SliceS source: jrt:/java.base
[0.576s][info][class,load] sun.security.util.DisabledAlgorithmConstraints$DenyAfterConstraint source: jrt:/java.base
[0.576s][info][class,load] java.time.ZoneId source: shared objects file
[0.576s][info][class,load] java.time.temporal.TemporalAccessor source: shared objects file
[0.576s][info][class,load] java.time.temporal.TemporalAdjuster source: shared objects file
[0.576s][info][class,load] java.time.ZoneOffset source: shared objects file
[0.576s][info][class,load] java.time.ZoneRegion source: shared objects file
[0.576s][info][class,load] java.time.zone.ZoneRules source: shared objects file
[0.577s][info][class,load] java.time.zone.ZoneOffsetTransitionRule source: shared objects file
[0.577s][info][class,load] java.time.temporal.Temporal source: shared objects file
[0.577s][info][class,load] java.time.chrono.ChronoLocalDateTime source: shared objects file
[0.577s][info][class,load] java.time.LocalDateTime source: shared objects file
[0.577s][info][class,load] java.time.chrono.ChronoZonedDateTime source: jrt:/java.base
[0.577s][info][class,load] java.time.ZonedDateTime source: jrt:/java.base
[0.577s][info][class,load] java.time.chrono.ChronoLocalDate source: shared objects file
[0.577s][info][class,load] java.time.LocalDate source: shared objects file
[0.577s][info][class,load] java.time.temporal.TemporalField source: shared objects file
[0.577s][info][class,load] java.time.temporal.ChronoField source: shared objects file
[0.577s][info][class,load] java.time.temporal.TemporalUnit source: shared objects file
[0.577s][info][class,load] java.time.temporal.ChronoUnit source: shared objects file
[0.577s][info][class,load] java.time.temporal.TemporalAmount source: shared objects file
[0.577s][info][class,load] java.time.Duration source: shared objects file
[0.578s][info][class,load] java.time.temporal.ValueRange source: shared objects file
[0.578s][info][class,load] java.time.LocalTime source: shared objects file
[0.578s][info][class,load] java.time.zone.ZoneOffsetTransition source: jrt:/java.base
[0.578s][info][class,load] java.time.Instant source: shared objects file
[0.578s][info][class,load] java.security.CryptoPrimitive source: jrt:/java.base
[0.578s][info][class,load] java.util.EnumSet source: shared objects file
[0.578s][info][class,load] java.util.RegularEnumSet source: shared objects file
[0.579s][info][class,load] sun.security.util.DisabledAlgorithmConstraints$$Lambda/0x000000d532081048 source: sun.security.util.DisabledAlgorithmConstraints
[0.579s][info][class,load] java.util.stream.MatchOps$MatchKind source: jrt:/java.base
[0.579s][info][class,load] java.util.stream.MatchOps source: jrt:/java.base
[0.579s][info][class,load] java.util.stream.MatchOps$MatchOp source: jrt:/java.base
[0.579s][info][class,load] java.util.stream.MatchOps$BooleanTerminalSink source: jrt:/java.base
[0.580s][info][class,load] java.util.stream.MatchOps$$Lambda/0x000000d532081de0 source: java.util.stream.MatchOps
[0.580s][info][class,load] java.util.stream.MatchOps$1MatchSink source: jrt:/java.base
[0.581s][info][class,load] sun.security.ssl.CipherSuite source: jrt:/java.base
[0.582s][info][class,load] sun.security.ssl.SSLCipher source: jrt:/java.base
[0.582s][info][class,load] sun.security.ssl.CipherType source: jrt:/java.base
[0.582s][info][class,load] sun.security.ssl.SSLCipher$ReadCipherGenerator source: jrt:/java.base
[0.582s][info][class,load] sun.security.ssl.SSLCipher$NullReadCipherGenerator source: jrt:/java.base
[0.583s][info][class,load] sun.security.ssl.SSLCipher$WriteCipherGenerator source: jrt:/java.base
[0.583s][info][class,load] sun.security.ssl.SSLCipher$NullWriteCipherGenerator source: jrt:/java.base
[0.583s][info][class,load] sun.security.ssl.SSLCipher$StreamReadCipherGenerator source: jrt:/java.base
[0.583s][info][class,load] sun.security.ssl.SSLCipher$StreamWriteCipherGenerator source: jrt:/java.base
[0.583s][info][class,load] javax.crypto.Cipher source: jrt:/java.base
[0.583s][info][class,load] javax.crypto.Cipher$Transform source: jrt:/java.base
[0.584s][info][class,load] sun.security.jca.ServiceId source: jrt:/java.base
[0.584s][info][class,load] javax.crypto.JceSecurity source: jrt:/java.base
[0.584s][info][class,load] javax.crypto.JceSecurity$1 source: jrt:/java.base
[0.585s][info][class,load] java.nio.file.AccessMode source: jrt:/java.base
[0.585s][info][class,load] sun.nio.fs.WindowsFileSystemProvider$1 source: jrt:/java.base
[0.585s][info][class,load] sun.nio.fs.WindowsChannelFactory source: jrt:/java.base
[0.585s][info][class,load] sun.nio.fs.WindowsChannelFactory$1 source: jrt:/java.base
[0.585s][info][class,load] sun.nio.fs.WindowsChannelFactory$Flags source: jrt:/java.base
[0.585s][info][class,load] sun.nio.fs.WindowsException source: jrt:/java.base
[0.586s][info][class,load] sun.nio.fs.Globs source: jrt:/java.base
[0.586s][info][class,load] java.util.regex.Pattern$SliceU source: jrt:/java.base
[0.586s][info][class,load] java.util.regex.Pattern$$Lambda/0x800000030 source: shared objects file
[0.586s][info][class,load] java.nio.file.PathMatcher source: jrt:/java.base
[0.586s][info][class,load] sun.nio.fs.WindowsFileSystem$2 source: jrt:/java.base
[0.586s][info][class,load] java.nio.file.Files$1 source: jrt:/java.base
[0.597s][info][class,load] java.nio.channels.Channel source: jrt:/java.base
[0.597s][info][class,load] java.nio.channels.ReadableByteChannel source: jrt:/java.base
[0.597s][info][class,load] java.nio.channels.WritableByteChannel source: jrt:/java.base
[0.597s][info][class,load] java.nio.channels.ByteChannel source: jrt:/java.base
[0.597s][info][class,load] java.nio.channels.SeekableByteChannel source: jrt:/java.base
[0.597s][info][class,load] java.nio.channels.GatheringByteChannel source: jrt:/java.base
[0.597s][info][class,load] java.nio.channels.ScatteringByteChannel source: jrt:/java.base
[0.597s][info][class,load] java.nio.channels.InterruptibleChannel source: jrt:/java.base
[0.597s][info][class,load] java.nio.channels.spi.AbstractInterruptibleChannel source: jrt:/java.base
[0.597s][info][class,load] java.nio.channels.FileChannel source: jrt:/java.base
[0.597s][info][class,load] sun.nio.ch.FileChannelImpl source: jrt:/java.base
[0.597s][info][class,load] sun.nio.ch.NativeDispatcher source: jrt:/java.base
[0.597s][info][class,load] sun.nio.ch.FileDispatcher source: jrt:/java.base
[0.597s][info][class,load] sun.nio.ch.FileDispatcherImpl source: jrt:/java.base
[0.598s][info][class,load] sun.nio.ch.IOUtil source: jrt:/java.base
[0.600s][info][class,load] sun.nio.ch.NativeThreadSet source: jrt:/java.base
[0.600s][info][class,load] sun.nio.ch.FileChannelImpl$Closer source: jrt:/java.base
[0.600s][info][class,load] java.nio.channels.Channels source: jrt:/java.base
[0.600s][info][class,load] sun.nio.ch.Streams source: jrt:/java.base
[0.600s][info][class,load] sun.nio.ch.SelChImpl source: jrt:/java.base
[0.600s][info][class,load] java.nio.channels.NetworkChannel source: jrt:/java.base
[0.600s][info][class,load] java.nio.channels.SelectableChannel source: jrt:/java.base
[0.600s][info][class,load] java.nio.channels.spi.AbstractSelectableChannel source: jrt:/java.base
[0.600s][info][class,load] java.nio.channels.SocketChannel source: jrt:/java.base
[0.601s][info][class,load] sun.nio.ch.SocketChannelImpl source: jrt:/java.base
[0.601s][info][class,load] sun.nio.ch.ChannelInputStream source: jrt:/java.base
[0.601s][info][class,load] javax.crypto.CryptoPermissions source: jrt:/java.base
[0.601s][info][class,load] javax.crypto.CryptoPolicyParser source: jrt:/java.base
[0.601s][info][class,load] java.util.Vector source: jrt:/java.base
[0.602s][info][class,load] java.io.Reader source: jrt:/java.base
[0.602s][info][class,load] java.io.BufferedReader source: jrt:/java.base
[0.602s][info][class,load] java.io.InputStreamReader source: jrt:/java.base
[0.602s][info][class,load] sun.nio.cs.StreamDecoder source: jrt:/java.base
[0.602s][info][class,load] sun.nio.cs.UTF_8$Decoder source: jrt:/java.base
[0.602s][info][class,load] java.io.StreamTokenizer source: jrt:/java.base
[0.602s][info][class,load] sun.nio.ch.NativeThread source: jrt:/java.base
[0.602s][info][class,load] sun.nio.ch.Util source: jrt:/java.base
[0.602s][info][class,load] sun.nio.ch.Util$1 source: jrt:/java.base
[0.602s][info][class,load] sun.nio.ch.Util$BufferCache source: jrt:/java.base
[0.603s][info][class,load] java.nio.DirectByteBuffer$Deallocator source: jrt:/java.base
[0.603s][info][class,load] sun.nio.ch.IOStatus source: jrt:/java.base
[0.603s][info][class,load] javax.crypto.CryptoPolicyParser$GrantEntry source: jrt:/java.base
[0.603s][info][class,load] javax.crypto.CryptoPolicyParser$CryptoPermissionEntry source: jrt:/java.base
[0.603s][info][class,load] java.util.Vector$Itr source: jrt:/java.base
[0.603s][info][class,load] javax.crypto.CryptoPermission source: jrt:/java.base
[0.603s][info][class,load] javax.crypto.CryptoAllPermission source: jrt:/java.base
[0.604s][info][class,load] javax.crypto.CryptoAllPermissionCollection source: jrt:/java.base
[0.611s][info][class,load] java.net.URL$ThreadTrackHolder source: jrt:/java.base
[0.611s][info][class,load] java.net.URL$2 source: jrt:/java.base
[0.611s][info][class,load] java.net.URL$1 source: jrt:/java.base
[0.612s][info][class,load] java.net.spi.URLStreamHandlerProvider source: jrt:/java.base
[0.613s][info][class,load] sun.net.www.protocol.http.Handler source: jrt:/java.base
[0.613s][info][class,load] javax.crypto.JceSecurity$WeakIdentityWrapper source: jrt:/java.base
[0.613s][info][class,load] javax.crypto.JceSecurity$2 source: jrt:/java.base
[0.613s][info][class,load] javax.crypto.JceSecurity$3 source: jrt:/java.base
[0.613s][info][class,load] java.lang.Class$Holder source: jrt:/java.base
[0.613s][info][class,load] java.security.AllPermissionCollection source: jrt:/java.base
[0.614s][info][class,load] javax.crypto.ProviderVerifier source: jrt:/java.base
[0.614s][info][class,load] javax.crypto.CipherSpi source: jrt:/java.base
[0.614s][info][class,load] com.sun.crypto.provider.ARCFOURCipher source: jrt:/java.base
[0.614s][info][class,load] sun.security.ssl.SSLCipher$T10BlockReadCipherGenerator source: jrt:/java.base
[0.615s][info][class,load] sun.security.ssl.SSLCipher$T10BlockWriteCipherGenerator source: jrt:/java.base
[0.615s][info][class,load] com.sun.crypto.provider.DESCipher source: jrt:/java.base
[0.616s][info][class,load] com.sun.crypto.provider.CipherCore source: jrt:/java.base
[0.616s][info][class,load] com.sun.crypto.provider.DESConstants source: jrt:/java.base
[0.616s][info][class,load] com.sun.crypto.provider.SymmetricCipher source: jrt:/java.base
[0.616s][info][class,load] com.sun.crypto.provider.DESCrypt source: jrt:/java.base
[0.616s][info][class,load] com.sun.crypto.provider.FeedbackCipher source: jrt:/java.base
[0.617s][info][class,load] com.sun.crypto.provider.ElectronicCodeBook source: jrt:/java.base
[0.617s][info][class,load] com.sun.crypto.provider.Padding source: jrt:/java.base
[0.617s][info][class,load] com.sun.crypto.provider.PKCS5Padding source: jrt:/java.base
[0.617s][info][class,load] com.sun.crypto.provider.CipherBlockChaining source: jrt:/java.base
[0.617s][info][class,load] sun.security.ssl.SSLCipher$T11BlockReadCipherGenerator source: jrt:/java.base
[0.617s][info][class,load] sun.security.ssl.SSLCipher$T11BlockWriteCipherGenerator source: jrt:/java.base
[0.618s][info][class,load] javax.crypto.JceSecurityManager source: jrt:/java.base
[0.618s][info][class,load] javax.crypto.JceSecurityManager$$Lambda/0x000000d5320919d0 source: javax.crypto.JceSecurityManager
[0.618s][info][class,load] javax.crypto.JceSecurityManager$$Lambda/0x000000d532091bf0 source: javax.crypto.JceSecurityManager
[0.619s][info][class,load] java.lang.StackWalker$Option source: jrt:/java.base
[0.619s][info][class,load] java.util.Vector$1 source: jrt:/java.base
[0.619s][info][class,load] com.sun.crypto.provider.DESedeCipher source: jrt:/java.base
[0.619s][info][class,load] com.sun.crypto.provider.DESedeCrypt source: jrt:/java.base
[0.620s][info][class,load] com.sun.crypto.provider.AESCipher source: jrt:/java.base
[0.620s][info][class,load] com.sun.crypto.provider.AESCipher$General source: jrt:/java.base
[0.620s][info][class,load] com.sun.crypto.provider.AESConstants source: jrt:/java.base
[0.620s][info][class,load] com.sun.crypto.provider.AESCrypt source: jrt:/java.base
[0.621s][info][class,load] sun.security.ssl.SSLCipher$T12GcmReadCipherGenerator source: jrt:/java.base
[0.621s][info][class,load] sun.security.ssl.SSLCipher$T12GcmWriteCipherGenerator source: jrt:/java.base
[0.621s][info][class,load] com.sun.crypto.provider.GaloisCounterMode source: jrt:/java.base
[0.621s][info][class,load] com.sun.crypto.provider.GaloisCounterMode$AESGCM source: jrt:/java.base
[0.622s][info][class,load] sun.security.ssl.SSLCipher$T13GcmReadCipherGenerator source: jrt:/java.base
[0.622s][info][class,load] sun.security.ssl.SSLCipher$T13GcmWriteCipherGenerator source: jrt:/java.base
[0.622s][info][class,load] sun.security.ssl.SSLCipher$T12CC20P1305ReadCipherGenerator source: jrt:/java.base
[0.622s][info][class,load] sun.security.ssl.SSLCipher$T13CC20P1305ReadCipherGenerator source: jrt:/java.base
[0.622s][info][class,load] sun.security.ssl.SSLCipher$T12CC20P1305WriteCipherGenerator source: jrt:/java.base
[0.623s][info][class,load] sun.security.ssl.SSLCipher$T13CC20P1305WriteCipherGenerator source: jrt:/java.base
[0.623s][info][class,load] com.sun.crypto.provider.ChaCha20Cipher source: jrt:/java.base
[0.623s][info][class,load] com.sun.crypto.provider.ChaCha20Cipher$ChaCha20Poly1305 source: jrt:/java.base
[0.623s][info][class,load] sun.security.ssl.SSLCipher$1 source: jrt:/java.base
[0.624s][info][class,load] sun.security.ssl.CipherSuite$HashAlg source: jrt:/java.base
[0.624s][info][class,load] sun.security.ssl.CipherSuite$MacAlg source: jrt:/java.base
[0.624s][info][class,load] sun.security.ssl.CipherSuite$KeyExchange source: jrt:/java.base
[0.624s][info][class,load] sun.security.ssl.NamedGroup$NamedGroupScheme source: jrt:/java.base
[0.624s][info][class,load] sun.security.ssl.NamedGroup$NamedGroupSpec source: jrt:/java.base
[0.624s][info][class,load] sun.security.ssl.NamedGroup$ECDHEScheme source: jrt:/java.base
[0.625s][info][class,load] sun.security.ssl.NamedGroup source: jrt:/java.base
[0.625s][info][class,load] sun.security.ssl.NamedGroup$FFDHEScheme source: jrt:/java.base
[0.625s][info][class,load] sun.security.ssl.NamedGroup$XDHScheme source: jrt:/java.base
[0.625s][info][class,load] sun.security.ssl.JsseJce source: jrt:/java.base
[0.625s][info][class,load] sun.security.ssl.Utilities source: jrt:/java.base
[0.628s][info][class,load] sun.security.ssl.SSLAlgorithmDecomposer$1 source: jrt:/java.base
[0.628s][info][class,load] sun.security.ssl.JsseJce$EcAvailability source: jrt:/java.base
[0.628s][info][class,load] java.security.SignatureSpi source: jrt:/java.base
[0.628s][info][class,load] java.security.Signature source: jrt:/java.base
[0.628s][info][class,load] jdk.internal.access.JavaSecuritySignatureAccess source: jrt:/java.base
[0.628s][info][class,load] java.security.Signature$1 source: jrt:/java.base
[0.629s][info][class,load] sun.security.ec.ECDSASignature source: jrt:/jdk.crypto.ec
[0.629s][info][class,load] sun.security.ec.ECDSASignature$SHA1 source: jrt:/jdk.crypto.ec
[0.629s][info][class,load] java.security.SignatureException source: jrt:/java.base
[0.629s][info][class,load] java.security.InvalidAlgorithmParameterException source: jrt:/java.base
[0.629s][info][class,load] sun.security.ec.ECOperations$IntermediateValueException source: jrt:/jdk.crypto.ec
[0.630s][info][class,load] java.security.Signature$Delegate source: jrt:/java.base
[0.630s][info][class,load] sun.security.ec.ECDSASignature$RawECDSA source: jrt:/jdk.crypto.ec
[0.630s][info][class,load] sun.security.ec.ECDSASignature$Raw source: jrt:/jdk.crypto.ec
[0.630s][info][class,load] javax.crypto.KeyAgreement source: jrt:/java.base
[0.630s][info][class,load] java.security.KeyPairGeneratorSpi source: jrt:/java.base
[0.630s][info][class,load] java.security.KeyPairGenerator source: jrt:/java.base
[0.631s][info][class,load] sun.security.ec.ECKeyPairGenerator source: jrt:/jdk.crypto.ec
[0.631s][info][class,load] sun.security.util.ECKeySizeParameterSpec source: jrt:/java.base
[0.631s][info][class,load] java.security.spec.NamedParameterSpec source: jrt:/java.base
[0.631s][info][class,load] java.security.spec.ECGenParameterSpec source: jrt:/java.base
[0.631s][info][class,load] java.security.KeyPairGenerator$Delegate source: jrt:/java.base
[0.635s][info][class,load] sun.security.ssl.SSLContextImpl$CustomizedSSLProtocols source: jrt:/java.base
[0.636s][info][class,load] sun.security.ssl.EphemeralKeyManager source: jrt:/java.base
[0.636s][info][class,load] sun.security.ssl.EphemeralKeyManager$EphemeralKeyPair source: jrt:/java.base
[0.636s][info][class,load] javax.net.ssl.SSLSessionContext source: jrt:/java.base
[0.636s][info][class,load] sun.security.ssl.SSLSessionContextImpl source: jrt:/java.base
[0.637s][info][class,load] javax.net.ssl.KeyManager source: jrt:/java.base
[0.637s][info][class,load] javax.net.ssl.X509KeyManager source: jrt:/java.base
[0.637s][info][class,load] javax.net.ssl.X509ExtendedKeyManager source: jrt:/java.base
[0.637s][info][class,load] sun.security.ssl.DummyX509KeyManager source: jrt:/java.base
[0.637s][info][class,load] sun.security.ssl.SSLContextImpl$$Lambda/0x000000d53209b188 source: sun.security.ssl.SSLContextImpl
[0.638s][info][class,load] javax.net.ssl.SSLSocketFactory source: jrt:/java.base
[0.638s][info][class,load] sun.security.ssl.SSLSocketFactoryImpl source: jrt:/java.base
[0.638s][info][class,load] okhttp3.internal.tls.CertificateChainCleaner source: file:/C:/Users/TONYS/Documents/Codex/2026-09-29/https-github-com-jay3-yy-bilipai/work/toolchain/gradle-home/caches/modules-2/files-2.1/com.squareup.okhttp3/okhttp-jvm/5.3.2/f31e8de27feebe1e56d6c9d354a0986b65be0e1d/okhttp-jvm-5.3.2.jar
[0.639s][info][class,load] okhttp3.internal.tls.CertificateChainCleaner$Companion source: file:/C:/Users/TONYS/Documents/Codex/2026-09-29/https-github-com-jay3-yy-bilipai/work/toolchain/gradle-home/caches/modules-2/files-2.1/com.squareup.okhttp3/okhttp-jvm/5.3.2/f31e8de27feebe1e56d6c9d354a0986b65be0e1d/okhttp-jvm-5.3.2.jar
[0.639s][info][class,load] okhttp3.internal.tls.BasicCertificateChainCleaner source: file:/C:/Users/TONYS/Documents/Codex/2026-09-29/https-github-com-jay3-yy-bilipai/work/toolchain/gradle-home/caches/modules-2/files-2.1/com.squareup.okhttp3/okhttp-jvm/5.3.2/f31e8de27feebe1e56d6c9d354a0986b65be0e1d/okhttp-jvm-5.3.2.jar
[0.640s][info][class,load] okhttp3.internal.tls.BasicCertificateChainCleaner$Companion source: file:/C:/Users/TONYS/Documents/Codex/2026-09-29/https-github-com-jay3-yy-bilipai/work/toolchain/gradle-home/caches/modules-2/files-2.1/com.squareup.okhttp3/okhttp-jvm/5.3.2/f31e8de27feebe1e56d6c9d354a0986b65be0e1d/okhttp-jvm-5.3.2.jar
[0.640s][info][class,load] okhttp3.internal.tls.TrustRootIndex source: file:/C:/Users/TONYS/Documents/Codex/2026-09-29/https-github-com-jay3-yy-bilipai/work/toolchain/gradle-home/caches/modules-2/files-2.1/com.squareup.okhttp3/okhttp-jvm/5.3.2/f31e8de27feebe1e56d6c9d354a0986b65be0e1d/okhttp-jvm-5.3.2.jar
[0.640s][info][class,load] okhttp3.internal.tls.BasicTrustRootIndex source: file:/C:/Users/TONYS/Documents/Codex/2026-09-29/https-github-com-jay3-yy-bilipai/work/toolchain/gradle-home/caches/modules-2/files-2.1/com.squareup.okhttp3/okhttp-jvm/5.3.2/f31e8de27feebe1e56d6c9d354a0986b65be0e1d/okhttp-jvm-5.3.2.jar
[0.641s][info][class,load] java.util.StringJoiner source: shared objects file
[0.641s][info][class,load] sun.security.x509.AVAKeyword source: jrt:/java.base
[0.642s][info][class,load] sun.security.pkcs.PKCS9Attribute source: jrt:/java.base
[0.642s][info][class,load] java.lang.Byte$ByteCache source: jrt:/java.base
[0.642s][info][class,load] sun.security.pkcs.SignerInfo source: jrt:/java.base
[0.642s][info][class,load] java.text.Normalizer$Form source: jrt:/java.base
[0.643s][info][class,load] java.text.Normalizer source: jrt:/java.base
[0.643s][info][class,load] jdk.internal.icu.text.NormalizerBase source: jrt:/java.base
[0.643s][info][class,load] jdk.internal.icu.text.NormalizerBase$Mode source: jrt:/java.base
[0.643s][info][class,load] jdk.internal.icu.text.NormalizerBase$NONEMode source: jrt:/java.base
[0.643s][info][class,load] jdk.internal.icu.text.NormalizerBase$NFDMode source: jrt:/java.base
[0.643s][info][class,load] jdk.internal.icu.text.NormalizerBase$NFKDMode source: jrt:/java.base
[0.643s][info][class,load] jdk.internal.icu.text.NormalizerBase$NFCMode source: jrt:/java.base
[0.643s][info][class,load] jdk.internal.icu.text.NormalizerBase$NFKCMode source: jrt:/java.base
[0.643s][info][class,load] jdk.internal.icu.text.NormalizerBase$1 source: jrt:/java.base
[0.644s][info][class,load] jdk.internal.icu.text.NormalizerBase$NFKDModeImpl source: jrt:/java.base
[0.644s][info][class,load] jdk.internal.icu.text.NormalizerBase$ModeImpl source: jrt:/java.base
[0.644s][info][class,load] jdk.internal.icu.text.Normalizer2 source: jrt:/java.base
[0.644s][info][class,load] jdk.internal.icu.impl.Norm2AllModes source: jrt:/java.base
[0.644s][info][class,load] jdk.internal.icu.impl.Norm2AllModes$NoopNormalizer2 source: jrt:/java.base
[0.644s][info][class,load] jdk.internal.icu.impl.Norm2AllModes$NFKCSingleton source: jrt:/java.base
[0.644s][info][class,load] jdk.internal.icu.impl.Norm2AllModes$Norm2AllModesSingleton source: jrt:/java.base
[0.644s][info][class,load] jdk.internal.icu.impl.NormalizerImpl source: jrt:/java.base
[0.645s][info][class,load] jdk.internal.icu.impl.ICUBinary$Authenticate source: jrt:/java.base
[0.645s][info][class,load] jdk.internal.icu.impl.NormalizerImpl$IsAcceptable source: jrt:/java.base
[0.645s][info][class,load] jdk.internal.icu.impl.ICUBinary source: jrt:/java.base
[0.645s][info][class,load] jdk.internal.icu.impl.ICUBinary$1 source: jrt:/java.base
[0.645s][info][class,load] jdk.internal.module.Checks source: shared objects file
[0.645s][info][class,load] jdk.internal.module.SystemModuleFinders$SystemModuleReader$$Lambda/0x000000d53209fb58 source: jdk.internal.module.SystemModuleFinders
[0.646s][info][class,load] jdk.internal.icu.util.VersionInfo source: jrt:/java.base
[0.647s][info][class,load] jdk.internal.icu.util.CodePointMap source: jrt:/java.base
[0.647s][info][class,load] jdk.internal.icu.util.CodePointTrie source: jrt:/java.base
[0.647s][info][class,load] jdk.internal.icu.util.CodePointTrie$Fast source: jrt:/java.base
[0.647s][info][class,load] jdk.internal.icu.util.CodePointTrie$Fast16 source: jrt:/java.base
[0.647s][info][class,load] jdk.internal.icu.util.CodePointTrie$Type source: jrt:/java.base
[0.647s][info][class,load] jdk.internal.icu.util.CodePointTrie$ValueWidth source: jrt:/java.base
[0.648s][info][class,load] java.nio.ByteBufferAsCharBufferL source: jrt:/java.base
[0.648s][info][class,load] jdk.internal.icu.util.CodePointTrie$Data source: jrt:/java.base
[0.648s][info][class,load] jdk.internal.icu.util.CodePointTrie$Data16 source: jrt:/java.base
[0.649s][info][class,load] jdk.internal.icu.impl.Norm2AllModes$Normalizer2WithImpl source: jrt:/java.base
[0.649s][info][class,load] jdk.internal.icu.impl.Norm2AllModes$ComposeNormalizer2 source: jrt:/java.base
[0.649s][info][class,load] jdk.internal.icu.impl.Norm2AllModes$DecomposeNormalizer2 source: jrt:/java.base
[0.654s][info][class,load] java.lang.CharacterData00 source: shared objects file
[0.655s][info][class,load] jdk.internal.icu.impl.NormalizerImpl$UTF16Plus source: jrt:/java.base
[0.656s][info][class,load] jdk.internal.icu.impl.NormalizerImpl$ReorderingBuffer source: jrt:/java.base
[0.659s][info][class,load] retrofit2.Retrofit$Builder source: file:/C:/Users/TONYS/Documents/Codex/2026-09-29/https-github-com-jay3-yy-bilipai/work/toolchain/gradle-home/caches/modules-2/files-2.1/com.squareup.retrofit2/retrofit/3.0.0/c0cdf6d243c5187732134129fda05a74f9197874/retrofit-3.0.0.jar
[0.662s][info][class,load] okhttp3.HttpUrl source: file:/C:/Users/TONYS/Documents/Codex/2026-09-29/https-github-com-jay3-yy-bilipai/work/toolchain/gradle-home/caches/modules-2/files-2.1/com.squareup.okhttp3/okhttp-jvm/5.3.2/f31e8de27feebe1e56d6c9d354a0986b65be0e1d/okhttp-jvm-5.3.2.jar
[0.662s][info][class,load] java.net.MalformedURLException source: jrt:/java.base
[0.662s][info][class,load] java.net.URISyntaxException source: jrt:/java.base
[0.663s][info][class,load] okhttp3.HttpUrl$Companion source: file:/C:/Users/TONYS/Documents/Codex/2026-09-29/https-github-com-jay3-yy-bilipai/work/toolchain/gradle-home/caches/modules-2/files-2.1/com.squareup.okhttp3/okhttp-jvm/5.3.2/f31e8de27feebe1e56d6c9d354a0986b65be0e1d/okhttp-jvm-5.3.2.jar
[0.663s][info][class,load] okhttp3.HttpUrl$Builder source: file:/C:/Users/TONYS/Documents/Codex/2026-09-29/https-github-com-jay3-yy-bilipai/work/toolchain/gradle-home/caches/modules-2/files-2.1/com.squareup.okhttp3/okhttp-jvm/5.3.2/f31e8de27feebe1e56d6c9d354a0986b65be0e1d/okhttp-jvm-5.3.2.jar
[0.664s][info][class,load] kotlin.collections.ArrayAsCollection source: file:/C:/Users/TONYS/Documents/Codex/2026-09-29/https-github-com-jay3-yy-bilipai/work/toolchain/gradle-home/caches/modules-2/files-2.1/org.jetbrains.kotlin/kotlin-stdlib/2.4.10/8943c84ddc6d5cc00a10dbc3736c397066eeaab5/kotlin-stdlib-2.4.10.jar
[0.665s][info][class,load] okhttp3.internal._UtilCommonKt source: file:/C:/Users/TONYS/Documents/Codex/2026-09-29/https-github-com-jay3-yy-bilipai/work/toolchain/gradle-home/caches/modules-2/files-2.1/com.squareup.okhttp3/okhttp-jvm/5.3.2/f31e8de27feebe1e56d6c9d354a0986b65be0e1d/okhttp-jvm-5.3.2.jar
[0.665s][info][class,load] java.io.FileNotFoundException source: jrt:/java.base
[0.665s][info][class,load] java.lang.ArrayIndexOutOfBoundsException source: jrt:/java.base
[0.665s][info][class,load] okio.Options source: file:/C:/Users/TONYS/Documents/Codex/2026-09-29/https-github-com-jay3-yy-bilipai/work/toolchain/gradle-home/caches/modules-2/files-2.1/com.squareup.okio/okio-jvm/3.17.0/a12d684ec0df9541b3869ae60a4a5257fd3613df/okio-jvm-3.17.0.jar
[0.665s][info][class,load] okio.Options$Companion source: file:/C:/Users/TONYS/Documents/Codex/2026-09-29/https-github-com-jay3-yy-bilipai/work/toolchain/gradle-home/caches/modules-2/files-2.1/com.squareup.okio/okio-jvm/3.17.0/a12d684ec0df9541b3869ae60a4a5257fd3613df/okio-jvm-3.17.0.jar
[0.666s][info][class,load] okio.ByteString source: file:/C:/Users/TONYS/Documents/Codex/2026-09-29/https-github-com-jay3-yy-bilipai/work/toolchain/gradle-home/caches/modules-2/files-2.1/com.squareup.okio/okio-jvm/3.17.0/a12d684ec0df9541b3869ae60a4a5257fd3613df/okio-jvm-3.17.0.jar
[0.667s][info][class,load] okio.ByteString$Companion source: file:/C:/Users/TONYS/Documents/Codex/2026-09-29/https-github-com-jay3-yy-bilipai/work/toolchain/gradle-home/caches/modules-2/files-2.1/com.squareup.okio/okio-jvm/3.17.0/a12d684ec0df9541b3869ae60a4a5257fd3613df/okio-jvm-3.17.0.jar
[0.667s][info][class,load] java.io.EOFException source: jrt:/java.base
[0.667s][info][class,load] okio.internal.-ByteStringNonJs source: file:/C:/Users/TONYS/Documents/Codex/2026-09-29/https-github-com-jay3-yy-bilipai/work/toolchain/gradle-home/caches/modules-2/files-2.1/com.squareup.okio/okio-jvm/3.17.0/a12d684ec0df9541b3869ae60a4a5257fd3613df/okio-jvm-3.17.0.jar
[0.667s][info][class,load] java.util.Arrays$LegacyMergeSort source: shared objects file
[0.667s][info][class,load] java.util.ComparableTimSort source: jrt:/java.base
[0.668s][info][class,load] kotlin.comparisons.ComparisonsKt__ComparisonsKt source: file:/C:/Users/TONYS/Documents/Codex/2026-09-29/https-github-com-jay3-yy-bilipai/work/toolchain/gradle-home/caches/modules-2/files-2.1/org.jetbrains.kotlin/kotlin-stdlib/2.4.10/8943c84ddc6d5cc00a10dbc3736c397066eeaab5/kotlin-stdlib-2.4.10.jar
[0.668s][info][class,load] kotlin.comparisons.ComparisonsKt___ComparisonsJvmKt source: file:/C:/Users/TONYS/Documents/Codex/2026-09-29/https-github-com-jay3-yy-bilipai/work/toolchain/gradle-home/caches/modules-2/files-2.1/org.jetbrains.kotlin/kotlin-stdlib/2.4.10/8943c84ddc6d5cc00a10dbc3736c397066eeaab5/kotlin-stdlib-2.4.10.jar
[0.668s][info][class,load] kotlin.comparisons.ComparisonsKt___ComparisonsKt source: file:/C:/Users/TONYS/Documents/Codex/2026-09-29/https-github-com-jay3-yy-bilipai/work/toolchain/gradle-home/caches/modules-2/files-2.1/org.jetbrains.kotlin/kotlin-stdlib/2.4.10/8943c84ddc6d5cc00a10dbc3736c397066eeaab5/kotlin-stdlib-2.4.10.jar
[0.668s][info][class,load] kotlin.comparisons.ComparisonsKt source: file:/C:/Users/TONYS/Documents/Codex/2026-09-29/https-github-com-jay3-yy-bilipai/work/toolchain/gradle-home/caches/modules-2/files-2.1/org.jetbrains.kotlin/kotlin-stdlib/2.4.10/8943c84ddc6d5cc00a10dbc3736c397066eeaab5/kotlin-stdlib-2.4.10.jar
[0.669s][info][class,load] okio.-SegmentedByteString source: file:/C:/Users/TONYS/Documents/Codex/2026-09-29/https-github-com-jay3-yy-bilipai/work/toolchain/gradle-home/caches/modules-2/files-2.1/com.squareup.okio/okio-jvm/3.17.0/a12d684ec0df9541b3869ae60a4a5257fd3613df/okio-jvm-3.17.0.jar
[0.669s][info][class,load] okio.Source source: file:/C:/Users/TONYS/Documents/Codex/2026-09-29/https-github-com-jay3-yy-bilipai/work/toolchain/gradle-home/caches/modules-2/files-2.1/com.squareup.okio/okio-jvm/3.17.0/a12d684ec0df9541b3869ae60a4a5257fd3613df/okio-jvm-3.17.0.jar
[0.670s][info][class,load] okio.BufferedSource source: file:/C:/Users/TONYS/Documents/Codex/2026-09-29/https-github-com-jay3-yy-bilipai/work/toolchain/gradle-home/caches/modules-2/files-2.1/com.squareup.okio/okio-jvm/3.17.0/a12d684ec0df9541b3869ae60a4a5257fd3613df/okio-jvm-3.17.0.jar
[0.670s][info][class,load] okio.Sink source: file:/C:/Users/TONYS/Documents/Codex/2026-09-29/https-github-com-jay3-yy-bilipai/work/toolchain/gradle-home/caches/modules-2/files-2.1/com.squareup.okio/okio-jvm/3.17.0/a12d684ec0df9541b3869ae60a4a5257fd3613df/okio-jvm-3.17.0.jar
[0.670s][info][class,load] okio.BufferedSink source: file:/C:/Users/TONYS/Documents/Codex/2026-09-29/https-github-com-jay3-yy-bilipai/work/toolchain/gradle-home/caches/modules-2/files-2.1/com.squareup.okio/okio-jvm/3.17.0/a12d684ec0df9541b3869ae60a4a5257fd3613df/okio-jvm-3.17.0.jar
[0.671s][info][class,load] okio.Buffer source: file:/C:/Users/TONYS/Documents/Codex/2026-09-29/https-github-com-jay3-yy-bilipai/work/toolchain/gradle-home/caches/modules-2/files-2.1/com.squareup.okio/okio-jvm/3.17.0/a12d684ec0df9541b3869ae60a4a5257fd3613df/okio-jvm-3.17.0.jar
[0.672s][info][class,load] okio.SegmentPool source: file:/C:/Users/TONYS/Documents/Codex/2026-09-29/https-github-com-jay3-yy-bilipai/work/toolchain/gradle-home/caches/modules-2/files-2.1/com.squareup.okio/okio-jvm/3.17.0/a12d684ec0df9541b3869ae60a4a5257fd3613df/okio-jvm-3.17.0.jar
[0.672s][info][class,load] okio.Segment source: file:/C:/Users/TONYS/Documents/Codex/2026-09-29/https-github-com-jay3-yy-bilipai/work/toolchain/gradle-home/caches/modules-2/files-2.1/com.squareup.okio/okio-jvm/3.17.0/a12d684ec0df9541b3869ae60a4a5257fd3613df/okio-jvm-3.17.0.jar
[0.672s][info][class,load] okio.Segment$Companion source: file:/C:/Users/TONYS/Documents/Codex/2026-09-29/https-github-com-jay3-yy-bilipai/work/toolchain/gradle-home/caches/modules-2/files-2.1/com.squareup.okio/okio-jvm/3.17.0/a12d684ec0df9541b3869ae60a4a5257fd3613df/okio-jvm-3.17.0.jar
[0.673s][info][class,load] java.util.concurrent.atomic.AtomicReference source: jrt:/java.base
[0.673s][info][class,load] okhttp3.internal.url._UrlKt source: file:/C:/Users/TONYS/Documents/Codex/2026-09-29/https-github-com-jay3-yy-bilipai/work/toolchain/gradle-home/caches/modules-2/files-2.1/com.squareup.okhttp3/okhttp-jvm/5.3.2/f31e8de27feebe1e56d6c9d354a0986b65be0e1d/okhttp-jvm-5.3.2.jar
[0.673s][info][class,load] okhttp3.internal._HostnamesCommonKt source: file:/C:/Users/TONYS/Documents/Codex/2026-09-29/https-github-com-jay3-yy-bilipai/work/toolchain/gradle-home/caches/modules-2/files-2.1/com.squareup.okhttp3/okhttp-jvm/5.3.2/f31e8de27feebe1e56d6c9d354a0986b65be0e1d/okhttp-jvm-5.3.2.jar
[0.674s][info][class,load] kotlin.text.Regex source: file:/C:/Users/TONYS/Documents/Codex/2026-09-29/https-github-com-jay3-yy-bilipai/work/toolchain/gradle-home/caches/modules-2/files-2.1/org.jetbrains.kotlin/kotlin-stdlib/2.4.10/8943c84ddc6d5cc00a10dbc3736c397066eeaab5/kotlin-stdlib-2.4.10.jar
[0.674s][info][class,load] kotlin.text.Regex$Companion source: file:/C:/Users/TONYS/Documents/Codex/2026-09-29/https-github-com-jay3-yy-bilipai/work/toolchain/gradle-home/caches/modules-2/files-2.1/org.jetbrains.kotlin/kotlin-stdlib/2.4.10/8943c84ddc6d5cc00a10dbc3736c397066eeaab5/kotlin-stdlib-2.4.10.jar
[0.675s][info][class,load] okhttp3.internal.idn.IdnaMappingTableInstanceKt source: file:/C:/Users/TONYS/Documents/Codex/2026-09-29/https-github-com-jay3-yy-bilipai/work/toolchain/gradle-home/caches/modules-2/files-2.1/com.squareup.okhttp3/okhttp-jvm/5.3.2/f31e8de27feebe1e56d6c9d354a0986b65be0e1d/okhttp-jvm-5.3.2.jar
[0.675s][info][class,load] okhttp3.internal.idn.IdnaMappingTable source: file:/C:/Users/TONYS/Documents/Codex/2026-09-29/https-github-com-jay3-yy-bilipai/work/toolchain/gradle-home/caches/modules-2/files-2.1/com.squareup.okhttp3/okhttp-jvm/5.3.2/f31e8de27feebe1e56d6c9d354a0986b65be0e1d/okhttp-jvm-5.3.2.jar
[0.675s][info][class,load] okhttp3.internal.idn.IdnaMappingTableKt source: file:/C:/Users/TONYS/Documents/Codex/2026-09-29/https-github-com-jay3-yy-bilipai/work/toolchain/gradle-home/caches/modules-2/files-2.1/com.squareup.okhttp3/okhttp-jvm/5.3.2/f31e8de27feebe1e56d6c9d354a0986b65be0e1d/okhttp-jvm-5.3.2.jar
[0.675s][info][class,load] kotlin.text.Charsets source: file:/C:/Users/TONYS/Documents/Codex/2026-09-29/https-github-com-jay3-yy-bilipai/work/toolchain/gradle-home/caches/modules-2/files-2.1/org.jetbrains.kotlin/kotlin-stdlib/2.4.10/8943c84ddc6d5cc00a10dbc3736c397066eeaab5/kotlin-stdlib-2.4.10.jar
[0.676s][info][class,load] okhttp3.internal._NormalizeJvmKt source: file:/C:/Users/TONYS/Documents/Codex/2026-09-29/https-github-com-jay3-yy-bilipai/work/toolchain/gradle-home/caches/modules-2/files-2.1/com.squareup.okhttp3/okhttp-jvm/5.3.2/f31e8de27feebe1e56d6c9d354a0986b65be0e1d/okhttp-jvm-5.3.2.jar
[0.676s][info][class,load] jdk.internal.icu.text.NormalizerBase$NFCModeImpl source: jrt:/java.base
[0.676s][info][class,load] jdk.internal.icu.impl.Norm2AllModes$NFCSingleton source: jrt:/java.base
[0.677s][info][class,load] okhttp3.internal.idn.Punycode source: file:/C:/Users/TONYS/Documents/Codex/2026-09-29/https-github-com-jay3-yy-bilipai/work/toolchain/gradle-home/caches/modules-2/files-2.1/com.squareup.okhttp3/okhttp-jvm/5.3.2/f31e8de27feebe1e56d6c9d354a0986b65be0e1d/okhttp-jvm-5.3.2.jar
[0.677s][info][class,load] okio._JvmPlatformKt source: file:/C:/Users/TONYS/Documents/Codex/2026-09-29/https-github-com-jay3-yy-bilipai/work/toolchain/gradle-home/caches/modules-2/files-2.1/com.squareup.okio/okio-jvm/3.17.0/a12d684ec0df9541b3869ae60a4a5257fd3613df/okio-jvm-3.17.0.jar
[0.677s][info][class,load] okhttp3.MediaType source: file:/C:/Users/TONYS/Documents/Codex/2026-09-29/https-github-com-jay3-yy-bilipai/work/toolchain/gradle-home/caches/modules-2/files-2.1/com.squareup.okhttp3/okhttp-jvm/5.3.2/f31e8de27feebe1e56d6c9d354a0986b65be0e1d/okhttp-jvm-5.3.2.jar
[0.678s][info][class,load] okhttp3.MediaType$Companion source: file:/C:/Users/TONYS/Documents/Codex/2026-09-29/https-github-com-jay3-yy-bilipai/work/toolchain/gradle-home/caches/modules-2/files-2.1/com.squareup.okhttp3/okhttp-jvm/5.3.2/f31e8de27feebe1e56d6c9d354a0986b65be0e1d/okhttp-jvm-5.3.2.jar
[0.678s][info][class,load] java.util.regex.Pattern$StartS source: shared objects file
[0.678s][info][class,load] kotlin.text.MatchResult source: file:/C:/Users/TONYS/Documents/Codex/2026-09-29/https-github-com-jay3-yy-bilipai/work/toolchain/gradle-home/caches/modules-2/files-2.1/org.jetbrains.kotlin/kotlin-stdlib/2.4.10/8943c84ddc6d5cc00a10dbc3736c397066eeaab5/kotlin-stdlib-2.4.10.jar
[0.678s][info][class,load] kotlin.text.MatcherMatchResult source: file:/C:/Users/TONYS/Documents/Codex/2026-09-29/https-github-com-jay3-yy-bilipai/work/toolchain/gradle-home/caches/modules-2/files-2.1/org.jetbrains.kotlin/kotlin-stdlib/2.4.10/8943c84ddc6d5cc00a10dbc3736c397066eeaab5/kotlin-stdlib-2.4.10.jar
[0.678s][info][class,load] kotlin.text.MatchGroupCollection source: file:/C:/Users/TONYS/Documents/Codex/2026-09-29/https-github-com-jay3-yy-bilipai/work/toolchain/gradle-home/caches/modules-2/files-2.1/org.jetbrains.kotlin/kotlin-stdlib/2.4.10/8943c84ddc6d5cc00a10dbc3736c397066eeaab5/kotlin-stdlib-2.4.10.jar
[0.678s][info][class,load] kotlin.text.MatchNamedGroupCollection source: file:/C:/Users/TONYS/Documents/Codex/2026-09-29/https-github-com-jay3-yy-bilipai/work/toolchain/gradle-home/caches/modules-2/files-2.1/org.jetbrains.kotlin/kotlin-stdlib/2.4.10/8943c84ddc6d5cc00a10dbc3736c397066eeaab5/kotlin-stdlib-2.4.10.jar
[0.679s][info][class,load] kotlin.text.MatcherMatchResult$groups$1 source: file:/C:/Users/TONYS/Documents/Codex/2026-09-29/https-github-com-jay3-yy-bilipai/work/toolchain/gradle-home/caches/modules-2/files-2.1/org.jetbrains.kotlin/kotlin-stdlib/2.4.10/8943c84ddc6d5cc00a10dbc3736c397066eeaab5/kotlin-stdlib-2.4.10.jar
[0.679s][info][class,load] kotlin.text.MatcherMatchResult$groupValues$1 source: file:/C:/Users/TONYS/Documents/Codex/2026-09-29/https-github-com-jay3-yy-bilipai/work/toolchain/gradle-home/caches/modules-2/files-2.1/org.jetbrains.kotlin/kotlin-stdlib/2.4.10/8943c84ddc6d5cc00a10dbc3736c397066eeaab5/kotlin-stdlib-2.4.10.jar
[0.680s][info][class,load] kotlin.text.RegexKt source: file:/C:/Users/TONYS/Documents/Codex/2026-09-29/https-github-com-jay3-yy-bilipai/work/toolchain/gradle-home/caches/modules-2/files-2.1/org.jetbrains.kotlin/kotlin-stdlib/2.4.10/8943c84ddc6d5cc00a10dbc3736c397066eeaab5/kotlin-stdlib-2.4.10.jar
[0.680s][info][class,load] kotlin.ranges.ClosedRange source: file:/C:/Users/TONYS/Documents/Codex/2026-09-29/https-github-com-jay3-yy-bilipai/work/toolchain/gradle-home/caches/modules-2/files-2.1/org.jetbrains.kotlin/kotlin-stdlib/2.4.10/8943c84ddc6d5cc00a10dbc3736c397066eeaab5/kotlin-stdlib-2.4.10.jar
[0.680s][info][class,load] kotlin.ranges.OpenEndRange source: file:/C:/Users/TONYS/Documents/Codex/2026-09-29/https-github-com-jay3-yy-bilipai/work/toolchain/gradle-home/caches/modules-2/files-2.1/org.jetbrains.kotlin/kotlin-stdlib/2.4.10/8943c84ddc6d5cc00a10dbc3736c397066eeaab5/kotlin-stdlib-2.4.10.jar
[0.680s][info][class,load] kotlin.ranges.IntProgression source: file:/C:/Users/TONYS/Documents/Codex/2026-09-29/https-github-com-jay3-yy-bilipai/work/toolchain/gradle-home/caches/modules-2/files-2.1/org.jetbrains.kotlin/kotlin-stdlib/2.4.10/8943c84ddc6d5cc00a10dbc3736c397066eeaab5/kotlin-stdlib-2.4.10.jar
[0.680s][info][class,load] kotlin.ranges.IntRange source: file:/C:/Users/TONYS/Documents/Codex/2026-09-29/https-github-com-jay3-yy-bilipai/work/toolchain/gradle-home/caches/modules-2/files-2.1/org.jetbrains.kotlin/kotlin-stdlib/2.4.10/8943c84ddc6d5cc00a10dbc3736c397066eeaab5/kotlin-stdlib-2.4.10.jar
[0.680s][info][class,load] kotlin.ranges.IntProgression$Companion source: file:/C:/Users/TONYS/Documents/Codex/2026-09-29/https-github-com-jay3-yy-bilipai/work/toolchain/gradle-home/caches/modules-2/files-2.1/org.jetbrains.kotlin/kotlin-stdlib/2.4.10/8943c84ddc6d5cc00a10dbc3736c397066eeaab5/kotlin-stdlib-2.4.10.jar
[0.681s][info][class,load] kotlin.ranges.IntRange$Companion source: file:/C:/Users/TONYS/Documents/Codex/2026-09-29/https-github-com-jay3-yy-bilipai/work/toolchain/gradle-home/caches/modules-2/files-2.1/org.jetbrains.kotlin/kotlin-stdlib/2.4.10/8943c84ddc6d5cc00a10dbc3736c397066eeaab5/kotlin-stdlib-2.4.10.jar
[0.681s][info][class,load] kotlin.internal.ProgressionUtilKt source: file:/C:/Users/TONYS/Documents/Codex/2026-09-29/https-github-com-jay3-yy-bilipai/work/toolchain/gradle-home/caches/modules-2/files-2.1/org.jetbrains.kotlin/kotlin-stdlib/2.4.10/8943c84ddc6d5cc00a10dbc3736c397066eeaab5/kotlin-stdlib-2.4.10.jar
[0.681s][info][class,load] retrofit2.converter.kotlinx.serialization.KotlinSerializationConverterFactory source: file:/C:/Users/TONYS/Documents/Codex/2026-09-29/https-github-com-jay3-yy-bilipai/work/toolchain/gradle-home/caches/modules-2/files-2.1/com.squareup.retrofit2/converter-kotlinx-serialization/3.0.0/3541df11c0990f4a25610480c990d0e071a81e48/converter-kotlinx-serialization-3.0.0.jar
[0.681s][info][class,load] retrofit2.Converter$Factory source: file:/C:/Users/TONYS/Documents/Codex/2026-09-29/https-github-com-jay3-yy-bilipai/work/toolchain/gradle-home/caches/modules-2/files-2.1/com.squareup.retrofit2/retrofit/3.0.0/c0cdf6d243c5187732134129fda05a74f9197874/retrofit-3.0.0.jar
[0.681s][info][class,load] retrofit2.converter.kotlinx.serialization.Factory source: file:/C:/Users/TONYS/Documents/Codex/2026-09-29/https-github-com-jay3-yy-bilipai/work/toolchain/gradle-home/caches/modules-2/files-2.1/com.squareup.retrofit2/converter-kotlinx-serialization/3.0.0/3541df11c0990f4a25610480c990d0e071a81e48/converter-kotlinx-serialization-3.0.0.jar
[0.681s][info][class,load] retrofit2.converter.kotlinx.serialization.Serializer source: file:/C:/Users/TONYS/Documents/Codex/2026-09-29/https-github-com-jay3-yy-bilipai/work/toolchain/gradle-home/caches/modules-2/files-2.1/com.squareup.retrofit2/converter-kotlinx-serialization/3.0.0/3541df11c0990f4a25610480c990d0e071a81e48/converter-kotlinx-serialization-3.0.0.jar
[0.681s][info][class,load] retrofit2.converter.kotlinx.serialization.Serializer$FromString source: file:/C:/Users/TONYS/Documents/Codex/2026-09-29/https-github-com-jay3-yy-bilipai/work/toolchain/gradle-home/caches/modules-2/files-2.1/com.squareup.retrofit2/converter-kotlinx-serialization/3.0.0/3541df11c0990f4a25610480c990d0e071a81e48/converter-kotlinx-serialization-3.0.0.jar
[0.681s][info][class,load] retrofit2.Platform source: file:/C:/Users/TONYS/Documents/Codex/2026-09-29/https-github-com-jay3-yy-bilipai/work/toolchain/gradle-home/caches/modules-2/files-2.1/com.squareup.retrofit2/retrofit/3.0.0/c0cdf6d243c5187732134129fda05a74f9197874/retrofit-3.0.0.jar
[0.682s][info][class,load] retrofit2.Reflection source: file:/C:/Users/TONYS/Documents/Codex/2026-09-29/https-github-com-jay3-yy-bilipai/work/toolchain/gradle-home/caches/modules-2/files-2.1/com.squareup.retrofit2/retrofit/3.0.0/c0cdf6d243c5187732134129fda05a74f9197874/retrofit-3.0.0.jar
[0.682s][info][class,load] retrofit2.Reflection$Android24 source: file:/C:/Users/TONYS/Documents/Codex/2026-09-29/https-github-com-jay3-yy-bilipai/work/toolchain/gradle-home/caches/modules-2/files-2.1/com.squareup.retrofit2/retrofit/3.0.0/c0cdf6d243c5187732134129fda05a74f9197874/retrofit-3.0.0.jar
[0.682s][info][class,load] retrofit2.BuiltInFactories source: file:/C:/Users/TONYS/Documents/Codex/2026-09-29/https-github-com-jay3-yy-bilipai/work/toolchain/gradle-home/caches/modules-2/files-2.1/com.squareup.retrofit2/retrofit/3.0.0/c0cdf6d243c5187732134129fda05a74f9197874/retrofit-3.0.0.jar
[0.682s][info][class,load] retrofit2.BuiltInFactories$Java8 source: file:/C:/Users/TONYS/Documents/Codex/2026-09-29/https-github-com-jay3-yy-bilipai/work/toolchain/gradle-home/caches/modules-2/files-2.1/com.squareup.retrofit2/retrofit/3.0.0/c0cdf6d243c5187732134129fda05a74f9197874/retrofit-3.0.0.jar
[0.682s][info][class,load] retrofit2.Reflection$Java8 source: file:/C:/Users/TONYS/Documents/Codex/2026-09-29/https-github-com-jay3-yy-bilipai/work/toolchain/gradle-home/caches/modules-2/files-2.1/com.squareup.retrofit2/retrofit/3.0.0/c0cdf6d243c5187732134129fda05a74f9197874/retrofit-3.0.0.jar
[0.682s][info][class,load] retrofit2.CallAdapter$Factory source: file:/C:/Users/TONYS/Documents/Codex/2026-09-29/https-github-com-jay3-yy-bilipai/work/toolchain/gradle-home/caches/modules-2/files-2.1/com.squareup.retrofit2/retrofit/3.0.0/c0cdf6d243c5187732134129fda05a74f9197874/retrofit-3.0.0.jar
[0.683s][info][class,load] retrofit2.CompletableFutureCallAdapterFactory source: file:/C:/Users/TONYS/Documents/Codex/2026-09-29/https-github-com-jay3-yy-bilipai/work/toolchain/gradle-home/caches/modules-2/files-2.1/com.squareup.retrofit2/retrofit/3.0.0/c0cdf6d243c5187732134129fda05a74f9197874/retrofit-3.0.0.jar
[0.683s][info][class,load] retrofit2.CallAdapter source: file:/C:/Users/TONYS/Documents/Codex/2026-09-29/https-github-com-jay3-yy-bilipai/work/toolchain/gradle-home/caches/modules-2/files-2.1/com.squareup.retrofit2/retrofit/3.0.0/c0cdf6d243c5187732134129fda05a74f9197874/retrofit-3.0.0.jar
[0.683s][info][class,load] retrofit2.DefaultCallAdapterFactory source: file:/C:/Users/TONYS/Documents/Codex/2026-09-29/https-github-com-jay3-yy-bilipai/work/toolchain/gradle-home/caches/modules-2/files-2.1/com.squareup.retrofit2/retrofit/3.0.0/c0cdf6d243c5187732134129fda05a74f9197874/retrofit-3.0.0.jar
[0.683s][info][class,load] retrofit2.OptionalConverterFactory source: file:/C:/Users/TONYS/Documents/Codex/2026-09-29/https-github-com-jay3-yy-bilipai/work/toolchain/gradle-home/caches/modules-2/files-2.1/com.squareup.retrofit2/retrofit/3.0.0/c0cdf6d243c5187732134129fda05a74f9197874/retrofit-3.0.0.jar
[0.683s][info][class,load] retrofit2.Converter source: file:/C:/Users/TONYS/Documents/Codex/2026-09-29/https-github-com-jay3-yy-bilipai/work/toolchain/gradle-home/caches/modules-2/files-2.1/com.squareup.retrofit2/retrofit/3.0.0/c0cdf6d243c5187732134129fda05a74f9197874/retrofit-3.0.0.jar
[0.683s][info][class,load] retrofit2.BuiltInConverters source: file:/C:/Users/TONYS/Documents/Codex/2026-09-29/https-github-com-jay3-yy-bilipai/work/toolchain/gradle-home/caches/modules-2/files-2.1/com.squareup.retrofit2/retrofit/3.0.0/c0cdf6d243c5187732134129fda05a74f9197874/retrofit-3.0.0.jar
[0.684s][info][class,load] retrofit2.Retrofit source: file:/C:/Users/TONYS/Documents/Codex/2026-09-29/https-github-com-jay3-yy-bilipai/work/toolchain/gradle-home/caches/modules-2/files-2.1/com.squareup.retrofit2/retrofit/3.0.0/c0cdf6d243c5187732134129fda05a74f9197874/retrofit-3.0.0.jar
[0.684s][info][class,load] java.lang.reflect.InvocationHandler source: jrt:/java.base
[0.685s][info][class,load] com.android.purebilibili.core.network.BilibiliApi source: file:/C:/Users/TONYS/Documents/Codex/2026-09-29/https-github-com-jay3-yy-bilipai/work/BiliPai/desktop/.local/dynamic-detail-reply-main-integration/main-product-snapshot-01/main-kotlin.jar
[0.685s][info][class,load] sun.reflect.generics.repository.AbstractRepository source: jrt:/java.base
[0.685s][info][class,load] sun.reflect.generics.repository.GenericDeclRepository source: jrt:/java.base
[0.685s][info][class,load] sun.reflect.generics.repository.ClassRepository source: jrt:/java.base
[0.686s][info][class,load] java.lang.reflect.TypeVariable source: jrt:/java.base
[0.686s][info][class,load] sun.reflect.generics.parser.SignatureParser source: jrt:/java.base
[0.686s][info][class,load] sun.reflect.generics.tree.Tree source: jrt:/java.base
[0.686s][info][class,load] sun.reflect.generics.tree.TypeTree source: jrt:/java.base
[0.686s][info][class,load] sun.reflect.generics.tree.FormalTypeParameter source: jrt:/java.base
[0.686s][info][class,load] sun.reflect.generics.tree.TypeArgument source: jrt:/java.base
[0.686s][info][class,load] sun.reflect.generics.tree.ReturnType source: jrt:/java.base
[0.686s][info][class,load] sun.reflect.generics.tree.TypeSignature source: jrt:/java.base
[0.686s][info][class,load] sun.reflect.generics.tree.BaseType source: jrt:/java.base
[0.686s][info][class,load] sun.reflect.generics.tree.FieldTypeSignature source: jrt:/java.base
[0.686s][info][class,load] sun.reflect.generics.tree.SimpleClassTypeSignature source: jrt:/java.base
[0.686s][info][class,load] sun.reflect.generics.tree.ClassTypeSignature source: jrt:/java.base
[0.686s][info][class,load] sun.reflect.generics.tree.Signature source: jrt:/java.base
[0.686s][info][class,load] sun.reflect.generics.tree.ClassSignature source: jrt:/java.base
[0.687s][info][class,load] retrofit2.Retrofit$1 source: file:/C:/Users/TONYS/Documents/Codex/2026-09-29/https-github-com-jay3-yy-bilipai/work/toolchain/gradle-home/caches/modules-2/files-2.1/com.squareup.retrofit2/retrofit/3.0.0/c0cdf6d243c5187732134129fda05a74f9197874/retrofit-3.0.0.jar
[0.687s][info][class,load] java.lang.reflect.Proxy source: jrt:/java.base
[0.687s][info][class,load] java.lang.ClassValue source: shared objects file
[0.687s][info][class,load] java.lang.reflect.Proxy$1 source: jrt:/java.base
[0.687s][info][class,load] java.lang.ClassValue$Entry source: shared objects file
[0.687s][info][class,load] java.lang.ClassValue$Identity source: shared objects file
[0.687s][info][class,load] java.lang.ClassValue$Version source: shared objects file
[0.687s][info][class,load] jdk.internal.loader.AbstractClassLoaderValue$Sub source: jrt:/java.base
[0.687s][info][class,load] java.lang.reflect.Proxy$$Lambda/0x000000d5320a81c0 source: java.lang.reflect.Proxy
[0.688s][info][class,load] java.lang.reflect.Proxy$ProxyBuilder source: jrt:/java.base
[0.688s][info][class,load] java.lang.PublicMethods source: jrt:/java.base
[0.689s][info][class,load] okhttp3.MultipartBody$Part source: file:/C:/Users/TONYS/Documents/Codex/2026-09-29/https-github-com-jay3-yy-bilipai/work/toolchain/gradle-home/caches/modules-2/files-2.1/com.squareup.okhttp3/okhttp-jvm/5.3.2/f31e8de27feebe1e56d6c9d354a0986b65be0e1d/okhttp-jvm-5.3.2.jar
[0.689s][info][class,load] okhttp3.RequestBody source: file:/C:/Users/TONYS/Documents/Codex/2026-09-29/https-github-com-jay3-yy-bilipai/work/toolchain/gradle-home/caches/modules-2/files-2.1/com.squareup.okhttp3/okhttp-jvm/5.3.2/f31e8de27feebe1e56d6c9d354a0986b65be0e1d/okhttp-jvm-5.3.2.jar
[0.692s][info][class,load] java.lang.reflect.Proxy$ProxyBuilder$$Lambda/0x000000d5320a8810 source: java.lang.reflect.Proxy
[0.692s][info][class,load] java.lang.module.ModuleDescriptor$Builder source: shared objects file
[0.692s][info][class,load] java.lang.Module$ReflectionData source: shared objects file
[0.692s][info][class,load] java.lang.WeakPairMap source: shared objects file
[0.693s][info][class,load] java.lang.WeakPairMap$Pair source: shared objects file
[0.693s][info][class,load] java.lang.WeakPairMap$Pair$Lookup source: shared objects file
[0.693s][info][class,load] java.lang.module.ModuleDescriptor$Builder$$Lambda/0x800000002 source: shared objects file
[0.693s][info][class,load] java.lang.WeakPairMap$WeakRefPeer source: jrt:/java.base
[0.693s][info][class,load] java.lang.WeakPairMap$Pair$Weak source: jrt:/java.base
[0.693s][info][class,load] java.lang.WeakPairMap$Pair$Weak$1 source: jrt:/java.base
[0.694s][info][class,load] java.lang.Module$$Lambda/0x000000d5320a9168 source: java.lang.Module
[0.694s][info][class,load] java.lang.WeakPairMap$$Lambda/0x000000d5320a9398 source: java.lang.WeakPairMap
[0.694s][info][class,load] java.lang.reflect.Proxy$ProxyBuilder$ProxyClassContext source: jrt:/java.base
[0.695s][info][class,load] java.lang.reflect.Proxy$$Lambda/0x000000d5320a97f0 source: java.lang.reflect.Proxy
[0.696s][info][class,load] java.lang.reflect.ProxyGenerator source: jrt:/java.base
[0.696s][info][class,load] java.lang.reflect.ProxyGenerator$ProxyMethod source: jrt:/java.base
[0.696s][info][class,load] java.lang.reflect.ProxyGenerator$$Lambda/0x000000d5320a9f48 source: java.lang.reflect.ProxyGenerator
[0.697s][info][class,load] java.lang.reflect.ProxyGenerator$$Lambda/0x000000d5320aa188 source: java.lang.reflect.ProxyGenerator
[0.699s][info][class,load] java.lang.reflect.ProxyGenerator$PrimitiveTypeInfo source: jrt:/java.base
[0.699s][info][class,load] jdk.internal.org.objectweb.asm.Edge source: jrt:/java.base
[0.713s][info][class,load] jdk.proxy1.$Proxy0 source: __dynamic_proxy__
[0.714s][info][class,load] java.lang.reflect.UndeclaredThrowableException source: jrt:/java.base
[0.714s][info][class,load] java.lang.IllegalAccessException source: jrt:/java.base
[0.717s][info][class,load] java.lang.reflect.Proxy$ProxyBuilder$1 source: jrt:/java.base
[0.720s][info][class,load] com.android.purebilibili.core.network.SearchApi source: file:/C:/Users/TONYS/Documents/Codex/2026-09-29/https-github-com-jay3-yy-bilipai/work/BiliPai/desktop/.local/dynamic-detail-reply-main-integration/main-product-snapshot-01/main-kotlin.jar
[0.723s][info][class,load] jdk.proxy1.$Proxy1 source: __dynamic_proxy__
[0.724s][info][class,load] com.android.purebilibili.core.network.PassportApi source: file:/C:/Users/TONYS/Documents/Codex/2026-09-29/https-github-com-jay3-yy-bilipai/work/BiliPai/desktop/.local/dynamic-detail-reply-main-integration/main-product-snapshot-01/main-kotlin.jar
[0.725s][info][class,load] jdk.proxy1.$Proxy2 source: __dynamic_proxy__
[0.726s][info][class,load] com.android.purebilibili.core.network.BuvidApi source: file:/C:/Users/TONYS/Documents/Codex/2026-09-29/https-github-com-jay3-yy-bilipai/work/BiliPai/desktop/.local/dynamic-detail-reply-main-integration/main-product-snapshot-01/main-kotlin.jar
[0.727s][info][class,load] jdk.proxy1.$Proxy3 source: __dynamic_proxy__
[0.727s][info][class,load] com.android.purebilibili.core.network.DynamicApi source: file:/C:/Users/TONYS/Documents/Codex/2026-09-29/https-github-com-jay3-yy-bilipai/work/BiliPai/desktop/.local/dynamic-detail-reply-main-integration/main-product-snapshot-01/main-kotlin.jar
[0.728s][info][class,load] com.android.purebilibili.core.network.DynamicVisibilityRequest source: file:/C:/Users/TONYS/Documents/Codex/2026-09-29/https-github-com-jay3-yy-bilipai/work/BiliPai/desktop/.local/dynamic-detail-reply-main-integration/main-product-snapshot-01/main-kotlin.jar
[0.728s][info][class,load] com.android.purebilibili.data.model.response.DynamicCreateFeedRequest source: file:/C:/Users/TONYS/Documents/Codex/2026-09-29/https-github-com-jay3-yy-bilipai/work/BiliPai/desktop/.local/dynamic-detail-reply-main-integration/main-product-snapshot-01/main-kotlin.jar
[0.728s][info][class,load] com.android.purebilibili.core.network.DynamicRepostRequest source: file:/C:/Users/TONYS/Documents/Codex/2026-09-29/https-github-com-jay3-yy-bilipai/work/BiliPai/desktop/.local/dynamic-detail-reply-main-integration/main-product-snapshot-01/main-kotlin.jar
[0.729s][info][class,load] com.android.purebilibili.core.network.DynamicDeleteRequest source: file:/C:/Users/TONYS/Documents/Codex/2026-09-29/https-github-com-jay3-yy-bilipai/work/BiliPai/desktop/.local/dynamic-detail-reply-main-integration/main-product-snapshot-01/main-kotlin.jar
[0.729s][info][class,load] com.android.purebilibili.core.network.DynamicThumbRequest source: file:/C:/Users/TONYS/Documents/Codex/2026-09-29/https-github-com-jay3-yy-bilipai/work/BiliPai/desktop/.local/dynamic-detail-reply-main-integration/main-product-snapshot-01/main-kotlin.jar
[0.729s][info][class,load] com.android.purebilibili.core.network.DynamicTopRequest source: file:/C:/Users/TONYS/Documents/Codex/2026-09-29/https-github-com-jay3-yy-bilipai/work/BiliPai/desktop/.local/dynamic-detail-reply-main-integration/main-product-snapshot-01/main-kotlin.jar
[0.729s][info][class,load] com.android.purebilibili.data.model.response.DynamicEditFeedRequest source: file:/C:/Users/TONYS/Documents/Codex/2026-09-29/https-github-com-jay3-yy-bilipai/work/BiliPai/desktop/.local/dynamic-detail-reply-main-integration/main-product-snapshot-01/main-kotlin.jar
[0.729s][info][class,load] com.android.purebilibili.data.model.response.DynamicCreateVoteRequest source: file:/C:/Users/TONYS/Documents/Codex/2026-09-29/https-github-com-jay3-yy-bilipai/work/BiliPai/desktop/.local/dynamic-detail-reply-main-integration/main-product-snapshot-01/main-kotlin.jar
[0.730s][info][class,load] com.android.purebilibili.data.model.response.DynamicDoVoteRequest source: file:/C:/Users/TONYS/Documents/Codex/2026-09-29/https-github-com-jay3-yy-bilipai/work/BiliPai/desktop/.local/dynamic-detail-reply-main-integration/main-product-snapshot-01/main-kotlin.jar
[0.732s][info][class,load] jdk.proxy1.$Proxy4 source: __dynamic_proxy__
[0.734s][info][class,load] com.bilipai.desktop.data.DesktopPlaybackCache source: file:/C:/Users/TONYS/Documents/Codex/2026-09-29/https-github-com-jay3-yy-bilipai/work/BiliPai/desktop/.local/dynamic-detail-reply-main-integration/main-product-snapshot-01/main-kotlin.jar
[0.735s][info][class,load] com.bilipai.desktop.data.DesktopRepository$$Lambda/0x000000d5320cc558 source: com.bilipai.desktop.data.DesktopRepository
[0.735s][info][class,load] kotlin.SynchronizedLazyImpl source: file:/C:/Users/TONYS/Documents/Codex/2026-09-29/https-github-com-jay3-yy-bilipai/work/toolchain/gradle-home/caches/modules-2/files-2.1/org.jetbrains.kotlin/kotlin-stdlib/2.4.10/8943c84ddc6d5cc00a10dbc3736c397066eeaab5/kotlin-stdlib-2.4.10.jar
[0.736s][info][class,load] com.bilipai.desktop.data.DesktopLoginRepository source: file:/C:/Users/TONYS/Documents/Codex/2026-09-29/https-github-com-jay3-yy-bilipai/work/BiliPai/desktop/.local/dynamic-detail-reply-main-integration/main-product-snapshot-01/main-kotlin.jar
[0.736s][info][class,load] com.bilipai.desktop.data.DesktopRepository$$Lambda/0x000000d5320ccbc0 source: com.bilipai.desktop.data.DesktopRepository
[0.737s][info][class,load] java.util.Collections$SynchronizedList source: jrt:/java.base
[0.737s][info][class,load] java.util.Collections$SynchronizedRandomAccessList source: jrt:/java.base
[0.737s][info][class,load] com.bilipai.desktop.data.ReplyProtocolTransportFixtureKt$main$1$invokeSuspend$$inlined$-addInterceptor$1 source: file:/C:/Users/TONYS/Documents/Codex/2026-09-29/https-github-com-jay3-yy-bilipai/work/BiliPai/desktop/.local/dynamic-detail-reply-main-integration/protocol-session-proof03/reply-protocol-fixture-only.jar
[0.737s][info][class,load] okhttp3.Interceptor$Chain source: file:/C:/Users/TONYS/Documents/Codex/2026-09-29/https-github-com-jay3-yy-bilipai/work/toolchain/gradle-home/caches/modules-2/files-2.1/com.squareup.okhttp3/okhttp-jvm/5.3.2/f31e8de27feebe1e56d6c9d354a0986b65be0e1d/okhttp-jvm-5.3.2.jar
[0.738s][info][class,load] okhttp3.Response source: file:/C:/Users/TONYS/Documents/Codex/2026-09-29/https-github-com-jay3-yy-bilipai/work/toolchain/gradle-home/caches/modules-2/files-2.1/com.squareup.okhttp3/okhttp-jvm/5.3.2/f31e8de27feebe1e56d6c9d354a0986b65be0e1d/okhttp-jvm-5.3.2.jar
[0.738s][info][class,load] com.bilipai.desktop.data.ReplyProtocolTransportFixtureKt$main$1$$Lambda/0x000000d5320cd450 source: com.bilipai.desktop.data.ReplyProtocolTransportFixtureKt$main$1
[0.738s][info][class,load] com.bilipai.desktop.data.ReplyProtocolTransportFixtureKt$main$1$$Lambda/0x000000d5320cd678 source: com.bilipai.desktop.data.ReplyProtocolTransportFixtureKt$main$1
[0.739s][info][class,load] java.lang.invoke.LambdaForm$MH/0x000000d5320d0000 source: __JVM_LookupDefineClass__
[0.739s][info][class,load] java.lang.invoke.LambdaForm$MH/0x000000d5320d0400 source: __JVM_LookupDefineClass__
[0.740s][info][class,load] jdk.internal.reflect.MethodHandleFieldAccessorImpl source: shared objects file
[0.740s][info][class,load] jdk.internal.reflect.MethodHandleObjectFieldAccessorImpl source: shared objects file
[0.740s][info][class,load] java.lang.invoke.LambdaForm$MH/0x000000d5320d0800 source: __JVM_LookupDefineClass__
[0.740s][info][class,load] java.lang.invoke.BoundMethodHandle$Species_LLL source: shared objects file
[0.741s][info][class,load] java.lang.invoke.LambdaForm$MH/0x000000d5320d0c00 source: __JVM_LookupDefineClass__
[0.741s][info][class,load] java.lang.invoke.LambdaForm$MH/0x000000d5320d1000 source: __JVM_LookupDefineClass__
[0.741s][info][class,load] java.lang.invoke.LambdaForm$MH/0x000000d5320d1400 source: __JVM_LookupDefineClass__
[0.741s][info][class,load] java.lang.invoke.LambdaForm$MH/0x000000d5320d1800 source: __JVM_LookupDefineClass__
[0.742s][info][class,load] jdk.internal.reflect.MethodHandleBooleanFieldAccessorImpl source: jrt:/java.base
[0.742s][info][class,load] java.lang.invoke.LambdaForm$DMH/0x000000d5320d1c00 source: __JVM_LookupDefineClass__
[0.742s][info][class,load] java.lang.invoke.LambdaForm$MH/0x000000d5320d2000 source: __JVM_LookupDefineClass__
[0.743s][info][class,load] java.lang.invoke.LambdaForm$DMH/0x000000d5320d2400 source: __JVM_LookupDefineClass__
[0.743s][info][class,load] java.lang.invoke.LambdaForm$BMH/0x000000d5320d2800 source: __JVM_LookupDefineClass__
[0.743s][info][class,load] java.lang.invoke.LambdaForm$MH/0x000000d5320d2c00 source: __JVM_LookupDefineClass__
[0.743s][info][class,load] java.lang.invoke.LambdaForm$MH/0x000000d5320d3000 source: __JVM_LookupDefineClass__
[0.744s][info][class,load] java.lang.invoke.LambdaForm$MH/0x000000d5320d3400 source: __JVM_LookupDefineClass__
[0.744s][info][class,load] java.lang.invoke.LambdaForm$MH/0x000000d5320d3800 source: __JVM_LookupDefineClass__
[0.744s][info][class,load] jdk.internal.reflect.MethodHandleLongFieldAccessorImpl source: jrt:/java.base
[0.745s][info][class,load] java.lang.invoke.LambdaForm$BMH/0x000000d5320d3c00 source: __JVM_LookupDefineClass__
[0.745s][info][class,load] java.lang.invoke.LambdaForm$MH/0x000000d5320d4000 source: __JVM_LookupDefineClass__
[0.745s][info][class,load] java.lang.invoke.LambdaForm$DMH/0x000000d5320d4400 source: __JVM_LookupDefineClass__
[0.745s][info][class,load] java.lang.invoke.LambdaForm$BMH/0x000000d5320d4800 source: __JVM_LookupDefineClass__
[0.745s][info][class,load] java.lang.invoke.LambdaForm$MH/0x000000d5320d4c00 source: __JVM_LookupDefineClass__
[0.745s][info][class,load] java.lang.invoke.LambdaForm$MH/0x000000d5320d5000 source: __JVM_LookupDefineClass__
[0.746s][info][class,load] kotlin.jvm.internal.Ref$BooleanRef source: file:/C:/Users/TONYS/Documents/Codex/2026-09-29/https-github-com-jay3-yy-bilipai/work/toolchain/gradle-home/caches/modules-2/files-2.1/org.jetbrains.kotlin/kotlin-stdlib/2.4.10/8943c84ddc6d5cc00a10dbc3736c397066eeaab5/kotlin-stdlib-2.4.10.jar
[0.746s][info][class,load] kotlin.jvm.internal.Ref$ObjectRef source: file:/C:/Users/TONYS/Documents/Codex/2026-09-29/https-github-com-jay3-yy-bilipai/work/toolchain/gradle-home/caches/modules-2/files-2.1/org.jetbrains.kotlin/kotlin-stdlib/2.4.10/8943c84ddc6d5cc00a10dbc3736c397066eeaab5/kotlin-stdlib-2.4.10.jar
[0.747s][info][class,load] com.bilipai.desktop.data.DesktopDynamicCardOperations source: file:/C:/Users/TONYS/Documents/Codex/2026-09-29/https-github-com-jay3-yy-bilipai/work/BiliPai/desktop/.local/dynamic-detail-reply-main-integration/main-product-snapshot-01/main-kotlin.jar
[0.748s][info][class,load] com.bilipai.desktop.data.ReplyProtocolTransportFixtureKt$main$1$$Lambda/0x000000d5320cdec8 source: com.bilipai.desktop.data.ReplyProtocolTransportFixtureKt$main$1
[0.749s][info][class,load] com.bilipai.desktop.data.DesktopDynamicCardOperations$$Lambda/0x000000d5320ce0f0 source: com.bilipai.desktop.data.DesktopDynamicCardOperations
[0.749s][info][class,load] com.bilipai.desktop.data.DesktopDynamicCardOperations$jar$1 source: file:/C:/Users/TONYS/Documents/Codex/2026-09-29/https-github-com-jay3-yy-bilipai/work/BiliPai/desktop/.local/dynamic-detail-reply-main-integration/main-product-snapshot-01/main-kotlin.jar
[0.749s][info][class,load] com.bilipai.desktop.data.DesktopDynamicCardOperations$$Lambda/0x000000d5320ce540 source: com.bilipai.desktop.data.DesktopDynamicCardOperations
[0.749s][info][class,load] com.bilipai.desktop.data.DesktopDynamicCardOperations$guardedClient$lambda$0$$inlined$-addNetworkInterceptor$1 source: file:/C:/Users/TONYS/Documents/Codex/2026-09-29/https-github-com-jay3-yy-bilipai/work/BiliPai/desktop/.local/dynamic-detail-reply-main-integration/main-product-snapshot-01/main-kotlin.jar
[0.750s][info][class,load] com.android.purebilibili.data.repository.DesktopDynamicUpSearch source: file:/C:/Users/TONYS/Documents/Codex/2026-09-29/https-github-com-jay3-yy-bilipai/work/BiliPai/desktop/.local/dynamic-detail-reply-main-integration/main-product-snapshot-01/main-kotlin.jar
[0.750s][info][class,load] com.bilipai.desktop.data.DesktopDynamicCardOperations$upSearch$1 source: file:/C:/Users/TONYS/Documents/Codex/2026-09-29/https-github-com-jay3-yy-bilipai/work/BiliPai/desktop/.local/dynamic-detail-reply-main-integration/main-product-snapshot-01/main-kotlin.jar
[0.750s][info][class,load] com.android.purebilibili.core.network.SpaceApi source: file:/C:/Users/TONYS/Documents/Codex/2026-09-29/https-github-com-jay3-yy-bilipai/work/BiliPai/desktop/.local/dynamic-detail-reply-main-integration/main-product-snapshot-01/main-kotlin.jar
[0.752s][info][class,load] jdk.proxy1.$Proxy5 source: __dynamic_proxy__
[0.754s][info][class,load] com.android.purebilibili.core.network.MessageApi source: file:/C:/Users/TONYS/Documents/Codex/2026-09-29/https-github-com-jay3-yy-bilipai/work/BiliPai/desktop/.local/dynamic-detail-reply-main-integration/main-product-snapshot-01/main-kotlin.jar
[0.756s][info][class,load] jdk.proxy1.$Proxy6 source: __dynamic_proxy__
[0.757s][info][class,load] com.android.purebilibili.data.repository.DesktopDynamicMessageSessions source: file:/C:/Users/TONYS/Documents/Codex/2026-09-29/https-github-com-jay3-yy-bilipai/work/BiliPai/desktop/.local/dynamic-detail-reply-main-integration/main-product-snapshot-01/main-kotlin.jar
[0.758s][info][class,load] com.android.purebilibili.core.network.grpc.DesktopDynamicBiliGrpcClient source: file:/C:/Users/TONYS/Documents/Codex/2026-09-29/https-github-com-jay3-yy-bilipai/work/BiliPai/desktop/.local/dynamic-detail-reply-main-integration/main-product-snapshot-01/main-kotlin.jar
[0.758s][info][class,load] com.bilipai.desktop.data.DesktopDynamicCardOperations$$Lambda/0x000000d5320cfc28 source: com.bilipai.desktop.data.DesktopDynamicCardOperations
[0.759s][info][class,load] com.bilipai.desktop.data.DesktopDynamicCardOperations$$Lambda/0x000000d5320d6000 source: com.bilipai.desktop.data.DesktopDynamicCardOperations
[0.759s][info][class,load] com.bilipai.desktop.data.DesktopDynamicCardOperations$$Lambda/0x000000d5320d6228 source: com.bilipai.desktop.data.DesktopDynamicCardOperations
[0.760s][info][class,load] kotlin.reflect.KAnnotatedElement source: file:/C:/Users/TONYS/Documents/Codex/2026-09-29/https-github-com-jay3-yy-bilipai/work/toolchain/gradle-home/caches/modules-2/files-2.1/org.jetbrains.kotlin/kotlin-stdlib/2.4.10/8943c84ddc6d5cc00a10dbc3736c397066eeaab5/kotlin-stdlib-2.4.10.jar
[0.760s][info][class,load] kotlin.reflect.KCallable source: file:/C:/Users/TONYS/Documents/Codex/2026-09-29/https-github-com-jay3-yy-bilipai/work/toolchain/gradle-home/caches/modules-2/files-2.1/org.jetbrains.kotlin/kotlin-stdlib/2.4.10/8943c84ddc6d5cc00a10dbc3736c397066eeaab5/kotlin-stdlib-2.4.10.jar
[0.760s][info][class,load] kotlin.reflect.KFunction source: file:/C:/Users/TONYS/Documents/Codex/2026-09-29/https-github-com-jay3-yy-bilipai/work/toolchain/gradle-home/caches/modules-2/files-2.1/org.jetbrains.kotlin/kotlin-stdlib/2.4.10/8943c84ddc6d5cc00a10dbc3736c397066eeaab5/kotlin-stdlib-2.4.10.jar
[0.761s][info][class,load] kotlin.jvm.internal.KotlinGenericDeclaration source: file:/C:/Users/TONYS/Documents/Codex/2026-09-29/https-github-com-jay3-yy-bilipai/work/toolchain/gradle-home/caches/modules-2/files-2.1/org.jetbrains.kotlin/kotlin-stdlib/2.4.10/8943c84ddc6d5cc00a10dbc3736c397066eeaab5/kotlin-stdlib-2.4.10.jar
[0.761s][info][class,load] kotlin.jvm.internal.CallableReference source: file:/C:/Users/TONYS/Documents/Codex/2026-09-29/https-github-com-jay3-yy-bilipai/work/toolchain/gradle-home/caches/modules-2/files-2.1/org.jetbrains.kotlin/kotlin-stdlib/2.4.10/8943c84ddc6d5cc00a10dbc3736c397066eeaab5/kotlin-stdlib-2.4.10.jar
[0.761s][info][class,load] kotlin.jvm.internal.FunctionReference source: file:/C:/Users/TONYS/Documents/Codex/2026-09-29/https-github-com-jay3-yy-bilipai/work/toolchain/gradle-home/caches/modules-2/files-2.1/org.jetbrains.kotlin/kotlin-stdlib/2.4.10/8943c84ddc6d5cc00a10dbc3736c397066eeaab5/kotlin-stdlib-2.4.10.jar
[0.761s][info][class,load] kotlin.jvm.internal.FunctionReferenceImpl source: file:/C:/Users/TONYS/Documents/Codex/2026-09-29/https-github-com-jay3-yy-bilipai/work/toolchain/gradle-home/caches/modules-2/files-2.1/org.jetbrains.kotlin/kotlin-stdlib/2.4.10/8943c84ddc6d5cc00a10dbc3736c397066eeaab5/kotlin-stdlib-2.4.10.jar
[0.761s][info][class,load] com.bilipai.desktop.data.DesktopDynamicCardOperations$grpc$4 source: file:/C:/Users/TONYS/Documents/Codex/2026-09-29/https-github-com-jay3-yy-bilipai/work/BiliPai/desktop/.local/dynamic-detail-reply-main-integration/main-product-snapshot-01/main-kotlin.jar
[0.761s][info][class,load] kotlin.reflect.KDeclarationContainer source: file:/C:/Users/TONYS/Documents/Codex/2026-09-29/https-github-com-jay3-yy-bilipai/work/toolchain/gradle-home/caches/modules-2/files-2.1/org.jetbrains.kotlin/kotlin-stdlib/2.4.10/8943c84ddc6d5cc00a10dbc3736c397066eeaab5/kotlin-stdlib-2.4.10.jar
[0.762s][info][class,load] kotlin.jvm.KotlinReflectionNotSupportedError source: file:/C:/Users/TONYS/Documents/Codex/2026-09-29/https-github-com-jay3-yy-bilipai/work/toolchain/gradle-home/caches/modules-2/files-2.1/org.jetbrains.kotlin/kotlin-stdlib/2.4.10/8943c84ddc6d5cc00a10dbc3736c397066eeaab5/kotlin-stdlib-2.4.10.jar
[0.762s][info][class,load] kotlin.jvm.internal.CallableReference$NoReceiver source: file:/C:/Users/TONYS/Documents/Codex/2026-09-29/https-github-com-jay3-yy-bilipai/work/toolchain/gradle-home/caches/modules-2/files-2.1/org.jetbrains.kotlin/kotlin-stdlib/2.4.10/8943c84ddc6d5cc00a10dbc3736c397066eeaab5/kotlin-stdlib-2.4.10.jar
[0.763s][info][class,load] com.android.purebilibili.data.repository.DesktopDynamicMessageShareRepository source: file:/C:/Users/TONYS/Documents/Codex/2026-09-29/https-github-com-jay3-yy-bilipai/work/BiliPai/desktop/.local/dynamic-detail-reply-main-integration/main-product-snapshot-01/main-kotlin.jar
[0.763s][info][class,load] com.bilipai.desktop.data.DesktopDynamicCardOperations$messageShare$1 source: file:/C:/Users/TONYS/Documents/Codex/2026-09-29/https-github-com-jay3-yy-bilipai/work/BiliPai/desktop/.local/dynamic-detail-reply-main-integration/main-product-snapshot-01/main-kotlin.jar
[0.764s][info][class,load] com.bilipai.desktop.data.DesktopDynamicCardOperations$$Lambda/0x000000d5320d5400 source: com.bilipai.desktop.data.DesktopDynamicCardOperations
[0.764s][info][class,load] com.android.purebilibili.feature.message.DesktopDynamicMessageUserInfoLoader source: file:/C:/Users/TONYS/Documents/Codex/2026-09-29/https-github-com-jay3-yy-bilipai/work/BiliPai/desktop/.local/dynamic-detail-reply-main-integration/main-product-snapshot-01/main-kotlin.jar
[0.765s][info][class,load] com.bilipai.desktop.data.DesktopDynamicCardOperations$userInfo$1 source: file:/C:/Users/TONYS/Documents/Codex/2026-09-29/https-github-com-jay3-yy-bilipai/work/BiliPai/desktop/.local/dynamic-detail-reply-main-integration/main-product-snapshot-01/main-kotlin.jar
[0.765s][info][class,load] com.android.purebilibili.data.repository.DesktopDynamicVoteRepository source: file:/C:/Users/TONYS/Documents/Codex/2026-09-29/https-github-com-jay3-yy-bilipai/work/BiliPai/desktop/.local/dynamic-detail-reply-main-integration/main-product-snapshot-01/main-kotlin.jar
[0.766s][info][class,load] com.bilipai.desktop.data.DesktopDynamicCardOperations$$Lambda/0x000000d5320d86e8 source: com.bilipai.desktop.data.DesktopDynamicCardOperations
[0.766s][info][class,load] java.lang.invoke.LambdaForm$DMH/0x000000d5320dc000 source: __JVM_LookupDefineClass__
[0.766s][info][class,load] com.bilipai.desktop.data.DesktopDynamicCardOperations$$Lambda/0x000000d5320d8910 source: com.bilipai.desktop.data.DesktopDynamicCardOperations
[0.767s][info][class,load] com.bilipai.desktop.ui.DesktopDynamicEmotes source: file:/C:/Users/TONYS/Documents/Codex/2026-09-29/https-github-com-jay3-yy-bilipai/work/BiliPai/desktop/.local/dynamic-detail-reply-main-integration/main-product-snapshot-01/main-kotlin.jar
[0.767s][info][class,load] com.android.purebilibili.feature.dynamic.components.DesktopDynamicEmoteCatalog source: file:/C:/Users/TONYS/Documents/Codex/2026-09-29/https-github-com-jay3-yy-bilipai/work/BiliPai/desktop/.local/dynamic-detail-reply-main-integration/main-product-snapshot-01/main-kotlin.jar
[0.767s][info][class,load] com.bilipai.desktop.data.DesktopDynamicCardOperations$$Lambda/0x000000d5320d8f70 source: com.bilipai.desktop.data.DesktopDynamicCardOperations
[0.768s][info][class,load] com.bilipai.desktop.data.DesktopDynamicCardOperations$$Lambda/0x000000d5320d9198 source: com.bilipai.desktop.data.DesktopDynamicCardOperations
[0.768s][info][class,load] com.bilipai.desktop.data.DesktopDynamicCardOperations$emotes$3 source: file:/C:/Users/TONYS/Documents/Codex/2026-09-29/https-github-com-jay3-yy-bilipai/work/BiliPai/desktop/.local/dynamic-detail-reply-main-integration/main-product-snapshot-01/main-kotlin.jar
[0.769s][info][class,load] com.android.purebilibili.data.repository.DesktopDynamicCommentGrpc source: file:/C:/Users/TONYS/Documents/Codex/2026-09-29/https-github-com-jay3-yy-bilipai/work/BiliPai/desktop/.local/dynamic-detail-reply-main-integration/main-product-snapshot-01/main-kotlin.jar
[0.770s][info][class,load] com.android.purebilibili.data.repository.DesktopDynamicCommentGrpc$Companion source: file:/C:/Users/TONYS/Documents/Codex/2026-09-29/https-github-com-jay3-yy-bilipai/work/BiliPai/desktop/.local/dynamic-detail-reply-main-integration/main-product-snapshot-01/main-kotlin.jar
[0.770s][info][class,load] com.bilipai.desktop.data.DesktopDynamicCardOperations$commentGrpc$1 source: file:/C:/Users/TONYS/Documents/Codex/2026-09-29/https-github-com-jay3-yy-bilipai/work/BiliPai/desktop/.local/dynamic-detail-reply-main-integration/main-product-snapshot-01/main-kotlin.jar
[0.770s][info][class,load] com.bilipai.desktop.data.DesktopDynamicCardOperations$commentGrpc$2 source: file:/C:/Users/TONYS/Documents/Codex/2026-09-29/https-github-com-jay3-yy-bilipai/work/BiliPai/desktop/.local/dynamic-detail-reply-main-integration/main-product-snapshot-01/main-kotlin.jar
[0.771s][info][class,load] com.android.purebilibili.data.repository.DesktopDynamicCommentProtocol source: file:/C:/Users/TONYS/Documents/Codex/2026-09-29/https-github-com-jay3-yy-bilipai/work/BiliPai/desktop/.local/dynamic-detail-reply-main-integration/main-product-snapshot-01/main-kotlin.jar
[0.772s][info][class,load] com.bilipai.desktop.data.DesktopDynamicCardOperations$$Lambda/0x000000d5320da570 source: com.bilipai.desktop.data.DesktopDynamicCardOperations
[0.772s][info][class,load] com.bilipai.desktop.data.DesktopDynamicCardOperations$commentProtocol$2 source: file:/C:/Users/TONYS/Documents/Codex/2026-09-29/https-github-com-jay3-yy-bilipai/work/BiliPai/desktop/.local/dynamic-detail-reply-main-integration/main-product-snapshot-01/main-kotlin.jar
[0.773s][info][class,load] com.bilipai.desktop.data.DesktopDynamicCardOperations$commentProtocol$3 source: file:/C:/Users/TONYS/Documents/Codex/2026-09-29/https-github-com-jay3-yy-bilipai/work/BiliPai/desktop/.local/dynamic-detail-reply-main-integration/main-product-snapshot-01/main-kotlin.jar
[0.773s][info][class,load] com.android.purebilibili.data.repository.DesktopDynamicCommentProtocol$$Lambda/0x000000d5320dae38 source: com.android.purebilibili.data.repository.DesktopDynamicCommentProtocol
[0.774s][info][class,load] java.lang.invoke.LambdaForm$MH/0x000000d5320dc400 source: __JVM_LookupDefineClass__
[0.774s][info][class,load] java.lang.invoke.LambdaForm$MH/0x000000d5320dc800 source: __JVM_LookupDefineClass__
[0.774s][info][class,load] com.bilipai.desktop.data.ReplyProtocolTransportFixtureKt$main$1$newOperations$rawGrpc$1 source: file:/C:/Users/TONYS/Documents/Codex/2026-09-29/https-github-com-jay3-yy-bilipai/work/BiliPai/desktop/.local/dynamic-detail-reply-main-integration/protocol-session-proof03/reply-protocol-fixture-only.jar
[0.774s][info][class,load] com.bilipai.desktop.data.ReplyProtocolTransportFixtureKt$main$1$newOperations$rawGrpc$2 source: file:/C:/Users/TONYS/Documents/Codex/2026-09-29/https-github-com-jay3-yy-bilipai/work/BiliPai/desktop/.local/dynamic-detail-reply-main-integration/protocol-session-proof03/reply-protocol-fixture-only.jar
[0.775s][info][class,load] kotlin.jvm.internal.Intrinsics$Kotlin source: file:/C:/Users/TONYS/Documents/Codex/2026-09-29/https-github-com-jay3-yy-bilipai/work/toolchain/gradle-home/caches/modules-2/files-2.1/org.jetbrains.kotlin/kotlin-stdlib/2.4.10/8943c84ddc6d5cc00a10dbc3736c397066eeaab5/kotlin-stdlib-2.4.10.jar
[0.775s][info][class,load] com.bilipai.desktop.data.ReplyProtocolTransportFixtureKt$main$1$$Lambda/0x000000d5320dba18 source: com.bilipai.desktop.data.ReplyProtocolTransportFixtureKt$main$1
[0.775s][info][class,load] com.bilipai.desktop.data.ReplyProtocolTransportFixtureKt$main$1$newOperations$protocol$2 source: file:/C:/Users/TONYS/Documents/Codex/2026-09-29/https-github-com-jay3-yy-bilipai/work/BiliPai/desktop/.local/dynamic-detail-reply-main-integration/protocol-session-proof03/reply-protocol-fixture-only.jar
[0.775s][info][class,load] com.bilipai.desktop.data.ReplyProtocolTransportFixtureKt$main$1$newOperations$protocol$3 source: file:/C:/Users/TONYS/Documents/Codex/2026-09-29/https-github-com-jay3-yy-bilipai/work/BiliPai/desktop/.local/dynamic-detail-reply-main-integration/protocol-session-proof03/reply-protocol-fixture-only.jar
[0.776s][info][class,load] kotlin.coroutines.jvm.internal.Boxing source: file:/C:/Users/TONYS/Documents/Codex/2026-09-29/https-github-com-jay3-yy-bilipai/work/toolchain/gradle-home/caches/modules-2/files-2.1/org.jetbrains.kotlin/kotlin-stdlib/2.4.10/8943c84ddc6d5cc00a10dbc3736c397066eeaab5/kotlin-stdlib-2.4.10.jar
[0.776s][info][class,load] kotlin.coroutines.jvm.internal.SpillingKt source: file:/C:/Users/TONYS/Documents/Codex/2026-09-29/https-github-com-jay3-yy-bilipai/work/toolchain/gradle-home/caches/modules-2/files-2.1/org.jetbrains.kotlin/kotlin-stdlib/2.4.10/8943c84ddc6d5cc00a10dbc3736c397066eeaab5/kotlin-stdlib-2.4.10.jar
[0.776s][info][class,load] com.bilipai.desktop.data.DesktopDynamicCardOperations$getCommentCountForSubject$1 source: file:/C:/Users/TONYS/Documents/Codex/2026-09-29/https-github-com-jay3-yy-bilipai/work/BiliPai/desktop/.local/dynamic-detail-reply-main-integration/main-product-snapshot-01/main-kotlin.jar
[0.776s][info][class,load] com.bilipai.desktop.data.DesktopDynamicCardOperations$getCommentCountForSubject$2 source: file:/C:/Users/TONYS/Documents/Codex/2026-09-29/https-github-com-jay3-yy-bilipai/work/BiliPai/desktop/.local/dynamic-detail-reply-main-integration/main-product-snapshot-01/main-kotlin.jar
[0.776s][info][class,load] com.bilipai.desktop.data.DesktopDynamicCardOperations$result$1 source: file:/C:/Users/TONYS/Documents/Codex/2026-09-29/https-github-com-jay3-yy-bilipai/work/BiliPai/desktop/.local/dynamic-detail-reply-main-integration/main-product-snapshot-01/main-kotlin.jar
[0.777s][info][class,load] com.bilipai.desktop.data.DesktopDynamicCardOperations$getCommentCountForSubject$2$1 source: file:/C:/Users/TONYS/Documents/Codex/2026-09-29/https-github-com-jay3-yy-bilipai/work/BiliPai/desktop/.local/dynamic-detail-reply-main-integration/main-product-snapshot-01/main-kotlin.jar
[0.777s][info][class,load] kotlinx.coroutines.scheduling.DefaultIoScheduler source: file:/C:/Users/TONYS/Documents/Codex/2026-09-29/https-github-com-jay3-yy-bilipai/work/toolchain/gradle-home/caches/modules-2/files-2.1/org.jetbrains.kotlinx/kotlinx-coroutines-core-jvm/1.10.2/4a9f78ef49483748e2c129f3d124b8fa249dafbf/kotlinx-coroutines-core-jvm-1.10.2.jar
[0.777s][info][class,load] kotlinx.coroutines.scheduling.UnlimitedIoScheduler source: file:/C:/Users/TONYS/Documents/Codex/2026-09-29/https-github-com-jay3-yy-bilipai/work/toolchain/gradle-home/caches/modules-2/files-2.1/org.jetbrains.kotlinx/kotlinx-coroutines-core-jvm/1.10.2/4a9f78ef49483748e2c129f3d124b8fa249dafbf/kotlinx-coroutines-core-jvm-1.10.2.jar
[0.777s][info][class,load] kotlinx.coroutines.internal.LimitedDispatcherKt source: file:/C:/Users/TONYS/Documents/Codex/2026-09-29/https-github-com-jay3-yy-bilipai/work/toolchain/gradle-home/caches/modules-2/files-2.1/org.jetbrains.kotlinx/kotlinx-coroutines-core-jvm/1.10.2/4a9f78ef49483748e2c129f3d124b8fa249dafbf/kotlinx-coroutines-core-jvm-1.10.2.jar
[0.778s][info][class,load] kotlinx.coroutines.internal.LimitedDispatcher source: file:/C:/Users/TONYS/Documents/Codex/2026-09-29/https-github-com-jay3-yy-bilipai/work/toolchain/gradle-home/caches/modules-2/files-2.1/org.jetbrains.kotlinx/kotlinx-coroutines-core-jvm/1.10.2/4a9f78ef49483748e2c129f3d124b8fa249dafbf/kotlinx-coroutines-core-jvm-1.10.2.jar
[0.778s][info][class,load] kotlinx.coroutines.DefaultExecutorKt source: file:/C:/Users/TONYS/Documents/Codex/2026-09-29/https-github-com-jay3-yy-bilipai/work/toolchain/gradle-home/caches/modules-2/files-2.1/org.jetbrains.kotlinx/kotlinx-coroutines-core-jvm/1.10.2/4a9f78ef49483748e2c129f3d124b8fa249dafbf/kotlinx-coroutines-core-jvm-1.10.2.jar
[0.778s][info][class,load] kotlinx.coroutines.DefaultExecutor source: file:/C:/Users/TONYS/Documents/Codex/2026-09-29/https-github-com-jay3-yy-bilipai/work/toolchain/gradle-home/caches/modules-2/files-2.1/org.jetbrains.kotlinx/kotlinx-coroutines-core-jvm/1.10.2/4a9f78ef49483748e2c129f3d124b8fa249dafbf/kotlinx-coroutines-core-jvm-1.10.2.jar
[0.779s][info][class,load] com.bilipai.desktop.data.DesktopDynamicCardOperations$read$2 source: file:/C:/Users/TONYS/Documents/Codex/2026-09-29/https-github-com-jay3-yy-bilipai/work/BiliPai/desktop/.local/dynamic-detail-reply-main-integration/main-product-snapshot-01/main-kotlin.jar
[0.779s][info][class,load] kotlinx.coroutines.BuildersKt__Builders_commonKt source: file:/C:/Users/TONYS/Documents/Codex/2026-09-29/https-github-com-jay3-yy-bilipai/work/toolchain/gradle-home/caches/modules-2/files-2.1/org.jetbrains.kotlinx/kotlinx-coroutines-core-jvm/1.10.2/4a9f78ef49483748e2c129f3d124b8fa249dafbf/kotlinx-coroutines-core-jvm-1.10.2.jar
[0.779s][info][class,load] kotlinx.coroutines.JobKt source: file:/C:/Users/TONYS/Documents/Codex/2026-09-29/https-github-com-jay3-yy-bilipai/work/toolchain/gradle-home/caches/modules-2/files-2.1/org.jetbrains.kotlinx/kotlinx-coroutines-core-jvm/1.10.2/4a9f78ef49483748e2c129f3d124b8fa249dafbf/kotlinx-coroutines-core-jvm-1.10.2.jar
[0.779s][info][class,load] kotlinx.coroutines.JobKt__JobKt source: file:/C:/Users/TONYS/Documents/Codex/2026-09-29/https-github-com-jay3-yy-bilipai/work/toolchain/gradle-home/caches/modules-2/files-2.1/org.jetbrains.kotlinx/kotlinx-coroutines-core-jvm/1.10.2/4a9f78ef49483748e2c129f3d124b8fa249dafbf/kotlinx-coroutines-core-jvm-1.10.2.jar
[0.780s][info][class,load] kotlinx.coroutines.internal.ScopeCoroutine source: file:/C:/Users/TONYS/Documents/Codex/2026-09-29/https-github-com-jay3-yy-bilipai/work/toolchain/gradle-home/caches/modules-2/files-2.1/org.jetbrains.kotlinx/kotlinx-coroutines-core-jvm/1.10.2/4a9f78ef49483748e2c129f3d124b8fa249dafbf/kotlinx-coroutines-core-jvm-1.10.2.jar
[0.780s][info][class,load] kotlinx.coroutines.DispatchedCoroutine source: file:/C:/Users/TONYS/Documents/Codex/2026-09-29/https-github-com-jay3-yy-bilipai/work/toolchain/gradle-home/caches/modules-2/files-2.1/org.jetbrains.kotlinx/kotlinx-coroutines-core-jvm/1.10.2/4a9f78ef49483748e2c129f3d124b8fa249dafbf/kotlinx-coroutines-core-jvm-1.10.2.jar
[0.780s][info][class,load] kotlinx.coroutines.internal.LockFreeLinkedListNode source: file:/C:/Users/TONYS/Documents/Codex/2026-09-29/https-github-com-jay3-yy-bilipai/work/toolchain/gradle-home/caches/modules-2/files-2.1/org.jetbrains.kotlinx/kotlinx-coroutines-core-jvm/1.10.2/4a9f78ef49483748e2c129f3d124b8fa249dafbf/kotlinx-coroutines-core-jvm-1.10.2.jar
[0.780s][info][class,load] kotlinx.coroutines.JobNode source: file:/C:/Users/TONYS/Documents/Codex/2026-09-29/https-github-com-jay3-yy-bilipai/work/toolchain/gradle-home/caches/modules-2/files-2.1/org.jetbrains.kotlinx/kotlinx-coroutines-core-jvm/1.10.2/4a9f78ef49483748e2c129f3d124b8fa249dafbf/kotlinx-coroutines-core-jvm-1.10.2.jar
[0.780s][info][class,load] kotlinx.coroutines.ChildHandleNode source: file:/C:/Users/TONYS/Documents/Codex/2026-09-29/https-github-com-jay3-yy-bilipai/work/toolchain/gradle-home/caches/modules-2/files-2.1/org.jetbrains.kotlinx/kotlinx-coroutines-core-jvm/1.10.2/4a9f78ef49483748e2c129f3d124b8fa249dafbf/kotlinx-coroutines-core-jvm-1.10.2.jar
[0.781s][info][class,load] kotlinx.coroutines.internal.LockFreeTaskQueueCore$Placeholder source: file:/C:/Users/TONYS/Documents/Codex/2026-09-29/https-github-com-jay3-yy-bilipai/work/toolchain/gradle-home/caches/modules-2/files-2.1/org.jetbrains.kotlinx/kotlinx-coroutines-core-jvm/1.10.2/4a9f78ef49483748e2c129f3d124b8fa249dafbf/kotlinx-coroutines-core-jvm-1.10.2.jar
[0.781s][info][class,load] kotlinx.coroutines.internal.LimitedDispatcher$Worker source: file:/C:/Users/TONYS/Documents/Codex/2026-09-29/https-github-com-jay3-yy-bilipai/work/toolchain/gradle-home/caches/modules-2/files-2.1/org.jetbrains.kotlinx/kotlinx-coroutines-core-jvm/1.10.2/4a9f78ef49483748e2c129f3d124b8fa249dafbf/kotlinx-coroutines-core-jvm-1.10.2.jar
[0.781s][info][class,load] kotlinx.coroutines.scheduling.TaskImpl source: file:/C:/Users/TONYS/Documents/Codex/2026-09-29/https-github-com-jay3-yy-bilipai/work/toolchain/gradle-home/caches/modules-2/files-2.1/org.jetbrains.kotlinx/kotlinx-coroutines-core-jvm/1.10.2/4a9f78ef49483748e2c129f3d124b8fa249dafbf/kotlinx-coroutines-core-jvm-1.10.2.jar
[0.781s][info][class,load] kotlinx.coroutines.scheduling.CoroutineScheduler$Worker source: file:/C:/Users/TONYS/Documents/Codex/2026-09-29/https-github-com-jay3-yy-bilipai/work/toolchain/gradle-home/caches/modules-2/files-2.1/org.jetbrains.kotlinx/kotlinx-coroutines-core-jvm/1.10.2/4a9f78ef49483748e2c129f3d124b8fa249dafbf/kotlinx-coroutines-core-jvm-1.10.2.jar
[0.781s][info][class,load] kotlinx.coroutines.scheduling.WorkQueue source: file:/C:/Users/TONYS/Documents/Codex/2026-09-29/https-github-com-jay3-yy-bilipai/work/toolchain/gradle-home/caches/modules-2/files-2.1/org.jetbrains.kotlinx/kotlinx-coroutines-core-jvm/1.10.2/4a9f78ef49483748e2c129f3d124b8fa249dafbf/kotlinx-coroutines-core-jvm-1.10.2.jar
[0.782s][info][class,load] kotlinx.coroutines.scheduling.CoroutineScheduler$WorkerState source: file:/C:/Users/TONYS/Documents/Codex/2026-09-29/https-github-com-jay3-yy-bilipai/work/toolchain/gradle-home/caches/modules-2/files-2.1/org.jetbrains.kotlinx/kotlinx-coroutines-core-jvm/1.10.2/4a9f78ef49483748e2c129f3d124b8fa249dafbf/kotlinx-coroutines-core-jvm-1.10.2.jar
[0.782s][info][class,load] java.lang.Thread$ThreadNumbering source: jrt:/java.base
[0.782s][info][class,load] com.bilipai.desktop.data.DesktopRepository$ensureVisitorSession$1 source: file:/C:/Users/TONYS/Documents/Codex/2026-09-29/https-github-com-jay3-yy-bilipai/work/BiliPai/desktop/.local/dynamic-detail-reply-main-integration/main-product-snapshot-01/main-kotlin.jar
[0.783s][info][class,load] com.android.purebilibili.data.repository.DesktopDynamicCommentProtocol$getCommentCountForSubject$1 source: file:/C:/Users/TONYS/Documents/Codex/2026-09-29/https-github-com-jay3-yy-bilipai/work/BiliPai/desktop/.local/dynamic-detail-reply-main-integration/main-product-snapshot-01/main-kotlin.jar
[0.783s][info][class,load] com.android.purebilibili.data.repository.DesktopDynamicCommentProtocol$getCommentCountForSubject$2 source: file:/C:/Users/TONYS/Documents/Codex/2026-09-29/https-github-com-jay3-yy-bilipai/work/BiliPai/desktop/.local/dynamic-detail-reply-main-integration/main-product-snapshot-01/main-kotlin.jar
[0.783s][info][class,load] kotlinx.coroutines.UndispatchedCoroutine source: file:/C:/Users/TONYS/Documents/Codex/2026-09-29/https-github-com-jay3-yy-bilipai/work/toolchain/gradle-home/caches/modules-2/files-2.1/org.jetbrains.kotlinx/kotlinx-coroutines-core-jvm/1.10.2/4a9f78ef49483748e2c129f3d124b8fa249dafbf/kotlinx-coroutines-core-jvm-1.10.2.jar
[0.783s][info][class,load] kotlinx.coroutines.UndispatchedMarker source: file:/C:/Users/TONYS/Documents/Codex/2026-09-29/https-github-com-jay3-yy-bilipai/work/toolchain/gradle-home/caches/modules-2/files-2.1/org.jetbrains.kotlinx/kotlinx-coroutines-core-jvm/1.10.2/4a9f78ef49483748e2c129f3d124b8fa249dafbf/kotlinx-coroutines-core-jvm-1.10.2.jar
[0.783s][info][class,load] kotlinx.coroutines.intrinsics.UndispatchedKt source: file:/C:/Users/TONYS/Documents/Codex/2026-09-29/https-github-com-jay3-yy-bilipai/work/toolchain/gradle-home/caches/modules-2/files-2.1/org.jetbrains.kotlinx/kotlinx-coroutines-core-jvm/1.10.2/4a9f78ef49483748e2c129f3d124b8fa249dafbf/kotlinx-coroutines-core-jvm-1.10.2.jar
[0.784s][info][class,load] kotlin.jvm.internal.TypeIntrinsics source: file:/C:/Users/TONYS/Documents/Codex/2026-09-29/https-github-com-jay3-yy-bilipai/work/toolchain/gradle-home/caches/modules-2/files-2.1/org.jetbrains.kotlin/kotlin-stdlib/2.4.10/8943c84ddc6d5cc00a10dbc3736c397066eeaab5/kotlin-stdlib-2.4.10.jar
[0.784s][info][class,load] retrofit2.ServiceMethod source: file:/C:/Users/TONYS/Documents/Codex/2026-09-29/https-github-com-jay3-yy-bilipai/work/toolchain/gradle-home/caches/modules-2/files-2.1/com.squareup.retrofit2/retrofit/3.0.0/c0cdf6d243c5187732134129fda05a74f9197874/retrofit-3.0.0.jar
[0.784s][info][class,load] retrofit2.HttpServiceMethod source: file:/C:/Users/TONYS/Documents/Codex/2026-09-29/https-github-com-jay3-yy-bilipai/work/toolchain/gradle-home/caches/modules-2/files-2.1/com.squareup.retrofit2/retrofit/3.0.0/c0cdf6d243c5187732134129fda05a74f9197874/retrofit-3.0.0.jar
[0.784s][info][class,load] retrofit2.RequestFactory source: file:/C:/Users/TONYS/Documents/Codex/2026-09-29/https-github-com-jay3-yy-bilipai/work/toolchain/gradle-home/caches/modules-2/files-2.1/com.squareup.retrofit2/retrofit/3.0.0/c0cdf6d243c5187732134129fda05a74f9197874/retrofit-3.0.0.jar
[0.785s][info][class,load] retrofit2.RequestFactory$Builder source: file:/C:/Users/TONYS/Documents/Codex/2026-09-29/https-github-com-jay3-yy-bilipai/work/toolchain/gradle-home/caches/modules-2/files-2.1/com.squareup.retrofit2/retrofit/3.0.0/c0cdf6d243c5187732134129fda05a74f9197874/retrofit-3.0.0.jar
[0.785s][info][class,load] retrofit2.ParameterHandler source: file:/C:/Users/TONYS/Documents/Codex/2026-09-29/https-github-com-jay3-yy-bilipai/work/toolchain/gradle-home/caches/modules-2/files-2.1/com.squareup.retrofit2/retrofit/3.0.0/c0cdf6d243c5187732134129fda05a74f9197874/retrofit-3.0.0.jar
[0.785s][info][class,load] retrofit2.ParameterHandler$RelativeUrl source: file:/C:/Users/TONYS/Documents/Codex/2026-09-29/https-github-com-jay3-yy-bilipai/work/toolchain/gradle-home/caches/modules-2/files-2.1/com.squareup.retrofit2/retrofit/3.0.0/c0cdf6d243c5187732134129fda05a74f9197874/retrofit-3.0.0.jar
[0.785s][info][class,load] retrofit2.ParameterHandler$Path source: file:/C:/Users/TONYS/Documents/Codex/2026-09-29/https-github-com-jay3-yy-bilipai/work/toolchain/gradle-home/caches/modules-2/files-2.1/com.squareup.retrofit2/retrofit/3.0.0/c0cdf6d243c5187732134129fda05a74f9197874/retrofit-3.0.0.jar
[0.785s][info][class,load] retrofit2.ParameterHandler$Query source: file:/C:/Users/TONYS/Documents/Codex/2026-09-29/https-github-com-jay3-yy-bilipai/work/toolchain/gradle-home/caches/modules-2/files-2.1/com.squareup.retrofit2/retrofit/3.0.0/c0cdf6d243c5187732134129fda05a74f9197874/retrofit-3.0.0.jar
[0.785s][info][class,load] retrofit2.ParameterHandler$QueryName source: file:/C:/Users/TONYS/Documents/Codex/2026-09-29/https-github-com-jay3-yy-bilipai/work/toolchain/gradle-home/caches/modules-2/files-2.1/com.squareup.retrofit2/retrofit/3.0.0/c0cdf6d243c5187732134129fda05a74f9197874/retrofit-3.0.0.jar
[0.785s][info][class,load] retrofit2.ParameterHandler$QueryMap source: file:/C:/Users/TONYS/Documents/Codex/2026-09-29/https-github-com-jay3-yy-bilipai/work/toolchain/gradle-home/caches/modules-2/files-2.1/com.squareup.retrofit2/retrofit/3.0.0/c0cdf6d243c5187732134129fda05a74f9197874/retrofit-3.0.0.jar
[0.785s][info][class,load] retrofit2.ParameterHandler$Header source: file:/C:/Users/TONYS/Documents/Codex/2026-09-29/https-github-com-jay3-yy-bilipai/work/toolchain/gradle-home/caches/modules-2/files-2.1/com.squareup.retrofit2/retrofit/3.0.0/c0cdf6d243c5187732134129fda05a74f9197874/retrofit-3.0.0.jar
[0.785s][info][class,load] retrofit2.ParameterHandler$Headers source: file:/C:/Users/TONYS/Documents/Codex/2026-09-29/https-github-com-jay3-yy-bilipai/work/toolchain/gradle-home/caches/modules-2/files-2.1/com.squareup.retrofit2/retrofit/3.0.0/c0cdf6d243c5187732134129fda05a74f9197874/retrofit-3.0.0.jar
[0.785s][info][class,load] retrofit2.ParameterHandler$HeaderMap source: file:/C:/Users/TONYS/Documents/Codex/2026-09-29/https-github-com-jay3-yy-bilipai/work/toolchain/gradle-home/caches/modules-2/files-2.1/com.squareup.retrofit2/retrofit/3.0.0/c0cdf6d243c5187732134129fda05a74f9197874/retrofit-3.0.0.jar
[0.785s][info][class,load] retrofit2.ParameterHandler$Field source: file:/C:/Users/TONYS/Documents/Codex/2026-09-29/https-github-com-jay3-yy-bilipai/work/toolchain/gradle-home/caches/modules-2/files-2.1/com.squareup.retrofit2/retrofit/3.0.0/c0cdf6d243c5187732134129fda05a74f9197874/retrofit-3.0.0.jar
[0.785s][info][class,load] retrofit2.ParameterHandler$FieldMap source: file:/C:/Users/TONYS/Documents/Codex/2026-09-29/https-github-com-jay3-yy-bilipai/work/toolchain/gradle-home/caches/modules-2/files-2.1/com.squareup.retrofit2/retrofit/3.0.0/c0cdf6d243c5187732134129fda05a74f9197874/retrofit-3.0.0.jar
[0.785s][info][class,load] retrofit2.ParameterHandler$RawPart source: file:/C:/Users/TONYS/Documents/Codex/2026-09-29/https-github-com-jay3-yy-bilipai/work/toolchain/gradle-home/caches/modules-2/files-2.1/com.squareup.retrofit2/retrofit/3.0.0/c0cdf6d243c5187732134129fda05a74f9197874/retrofit-3.0.0.jar
[0.786s][info][class,load] retrofit2.ParameterHandler$Part source: file:/C:/Users/TONYS/Documents/Codex/2026-09-29/https-github-com-jay3-yy-bilipai/work/toolchain/gradle-home/caches/modules-2/files-2.1/com.squareup.retrofit2/retrofit/3.0.0/c0cdf6d243c5187732134129fda05a74f9197874/retrofit-3.0.0.jar
[0.786s][info][class,load] retrofit2.ParameterHandler$PartMap source: file:/C:/Users/TONYS/Documents/Codex/2026-09-29/https-github-com-jay3-yy-bilipai/work/toolchain/gradle-home/caches/modules-2/files-2.1/com.squareup.retrofit2/retrofit/3.0.0/c0cdf6d243c5187732134129fda05a74f9197874/retrofit-3.0.0.jar
[0.786s][info][class,load] retrofit2.ParameterHandler$Body source: file:/C:/Users/TONYS/Documents/Codex/2026-09-29/https-github-com-jay3-yy-bilipai/work/toolchain/gradle-home/caches/modules-2/files-2.1/com.squareup.retrofit2/retrofit/3.0.0/c0cdf6d243c5187732134129fda05a74f9197874/retrofit-3.0.0.jar
[0.786s][info][class,load] retrofit2.ParameterHandler$Tag source: file:/C:/Users/TONYS/Documents/Codex/2026-09-29/https-github-com-jay3-yy-bilipai/work/toolchain/gradle-home/caches/modules-2/files-2.1/com.squareup.retrofit2/retrofit/3.0.0/c0cdf6d243c5187732134129fda05a74f9197874/retrofit-3.0.0.jar
[0.786s][info][class,load] sun.reflect.generics.scope.Scope source: jrt:/java.base
[0.786s][info][class,load] sun.reflect.generics.scope.AbstractScope source: jrt:/java.base
[0.786s][info][class,load] sun.reflect.generics.scope.ClassScope source: jrt:/java.base
[0.786s][info][class,load] sun.reflect.generics.factory.GenericsFactory source: jrt:/java.base
[0.786s][info][class,load] sun.reflect.generics.factory.CoreReflectionFactory source: jrt:/java.base
[0.786s][info][class,load] sun.reflect.generics.visitor.TypeTreeVisitor source: jrt:/java.base
[0.787s][info][class,load] sun.reflect.generics.visitor.Reifier source: jrt:/java.base
[0.787s][info][class,load] retrofit2.http.GET source: file:/C:/Users/TONYS/Documents/Codex/2026-09-29/https-github-com-jay3-yy-bilipai/work/toolchain/gradle-home/caches/modules-2/files-2.1/com.squareup.retrofit2/retrofit/3.0.0/c0cdf6d243c5187732134129fda05a74f9197874/retrofit-3.0.0.jar
[0.787s][info][class,load] java.lang.reflect.GenericArrayType source: jrt:/java.base
[0.787s][info][class,load] sun.reflect.annotation.AnnotationType source: jrt:/java.base
[0.787s][info][class,load] sun.reflect.annotation.AnnotationType$1 source: jrt:/java.base
[0.787s][info][class,load] sun.reflect.annotation.ExceptionProxy source: jrt:/java.base
[0.787s][info][class,load] java.lang.annotation.Retention source: jrt:/java.base
[0.787s][info][class,load] java.lang.annotation.Inherited source: jrt:/java.base
[0.787s][info][class,load] java.lang.annotation.Documented source: jrt:/java.base
[0.787s][info][class,load] java.lang.annotation.Target source: jrt:/java.base
[0.787s][info][class,load] java.lang.annotation.RetentionPolicy source: jrt:/java.base
[0.788s][info][class,load] sun.reflect.annotation.AnnotationTypeMismatchExceptionProxy source: jrt:/java.base
[0.788s][info][class,load] sun.reflect.annotation.AnnotationParser$1 source: jrt:/java.base
[0.788s][info][class,load] sun.reflect.annotation.AnnotationInvocationHandler source: jrt:/java.base
[0.789s][info][class,load] jdk.proxy2.$Proxy7 source: __dynamic_proxy__
[0.790s][info][class,load] jdk.proxy1.$Proxy8 source: __dynamic_proxy__
[0.790s][info][class,load] sun.reflect.generics.scope.MethodScope source: jrt:/java.base
[0.790s][info][class,load] sun.reflect.generics.repository.ConstructorRepository source: jrt:/java.base
[0.790s][info][class,load] sun.reflect.generics.repository.MethodRepository source: jrt:/java.base
[0.791s][info][class,load] sun.reflect.generics.tree.LongSignature source: jrt:/java.base
[0.791s][info][class,load] sun.reflect.generics.tree.IntSignature source: jrt:/java.base
[0.791s][info][class,load] sun.reflect.generics.tree.Wildcard source: jrt:/java.base
[0.791s][info][class,load] sun.reflect.generics.tree.MethodTypeSignature source: jrt:/java.base
[0.791s][info][class,load] sun.reflect.generics.tree.BottomSignature source: jrt:/java.base
[0.791s][info][class,load] java.lang.reflect.WildcardType source: jrt:/java.base
[0.791s][info][class,load] sun.reflect.generics.reflectiveObjects.LazyReflectiveObjectGenerator source: jrt:/java.base
[0.791s][info][class,load] sun.reflect.generics.reflectiveObjects.WildcardTypeImpl source: jrt:/java.base
[0.791s][info][class,load] java.lang.reflect.ParameterizedType source: jrt:/java.base
[0.791s][info][class,load] sun.reflect.generics.reflectiveObjects.ParameterizedTypeImpl source: jrt:/java.base
[0.791s][info][class,load] sun.reflect.generics.reflectiveObjects.TypeVariableImpl source: jrt:/java.base
[0.792s][info][class,load] retrofit2.http.Query source: file:/C:/Users/TONYS/Documents/Codex/2026-09-29/https-github-com-jay3-yy-bilipai/work/toolchain/gradle-home/caches/modules-2/files-2.1/com.squareup.retrofit2/retrofit/3.0.0/c0cdf6d243c5187732134129fda05a74f9197874/retrofit-3.0.0.jar
[0.792s][info][class,load] jdk.proxy1.$Proxy9 source: __dynamic_proxy__
[0.793s][info][class,load] retrofit2.http.DELETE source: file:/C:/Users/TONYS/Documents/Codex/2026-09-29/https-github-com-jay3-yy-bilipai/work/toolchain/gradle-home/caches/modules-2/files-2.1/com.squareup.retrofit2/retrofit/3.0.0/c0cdf6d243c5187732134129fda05a74f9197874/retrofit-3.0.0.jar
[0.793s][info][class,load] retrofit2.http.Url source: file:/C:/Users/TONYS/Documents/Codex/2026-09-29/https-github-com-jay3-yy-bilipai/work/toolchain/gradle-home/caches/modules-2/files-2.1/com.squareup.retrofit2/retrofit/3.0.0/c0cdf6d243c5187732134129fda05a74f9197874/retrofit-3.0.0.jar
[0.793s][info][class,load] retrofit2.http.Path source: file:/C:/Users/TONYS/Documents/Codex/2026-09-29/https-github-com-jay3-yy-bilipai/work/toolchain/gradle-home/caches/modules-2/files-2.1/com.squareup.retrofit2/retrofit/3.0.0/c0cdf6d243c5187732134129fda05a74f9197874/retrofit-3.0.0.jar
[0.793s][info][class,load] retrofit2.Utils source: file:/C:/Users/TONYS/Documents/Codex/2026-09-29/https-github-com-jay3-yy-bilipai/work/toolchain/gradle-home/caches/modules-2/files-2.1/com.squareup.retrofit2/retrofit/3.0.0/c0cdf6d243c5187732134129fda05a74f9197874/retrofit-3.0.0.jar
[0.793s][info][class,load] java.lang.ThreadDeath source: jrt:/java.base
[0.794s][info][class,load] retrofit2.BuiltInConverters$ToStringConverter source: file:/C:/Users/TONYS/Documents/Codex/2026-09-29/https-github-com-jay3-yy-bilipai/work/toolchain/gradle-home/caches/modules-2/files-2.1/com.squareup.retrofit2/retrofit/3.0.0/c0cdf6d243c5187732134129fda05a74f9197874/retrofit-3.0.0.jar
[0.794s][info][class,load] retrofit2.ParameterHandler$2 source: file:/C:/Users/TONYS/Documents/Codex/2026-09-29/https-github-com-jay3-yy-bilipai/work/toolchain/gradle-home/caches/modules-2/files-2.1/com.squareup.retrofit2/retrofit/3.0.0/c0cdf6d243c5187732134129fda05a74f9197874/retrofit-3.0.0.jar
[0.794s][info][class,load] retrofit2.ParameterHandler$1 source: file:/C:/Users/TONYS/Documents/Codex/2026-09-29/https-github-com-jay3-yy-bilipai/work/toolchain/gradle-home/caches/modules-2/files-2.1/com.squareup.retrofit2/retrofit/3.0.0/c0cdf6d243c5187732134129fda05a74f9197874/retrofit-3.0.0.jar
[0.794s][info][class,load] retrofit2.Call source: file:/C:/Users/TONYS/Documents/Codex/2026-09-29/https-github-com-jay3-yy-bilipai/work/toolchain/gradle-home/caches/modules-2/files-2.1/com.squareup.retrofit2/retrofit/3.0.0/c0cdf6d243c5187732134129fda05a74f9197874/retrofit-3.0.0.jar
[0.794s][info][class,load] retrofit2.HttpServiceMethod$CallAdapted source: file:/C:/Users/TONYS/Documents/Codex/2026-09-29/https-github-com-jay3-yy-bilipai/work/toolchain/gradle-home/caches/modules-2/files-2.1/com.squareup.retrofit2/retrofit/3.0.0/c0cdf6d243c5187732134129fda05a74f9197874/retrofit-3.0.0.jar
[0.794s][info][class,load] retrofit2.HttpServiceMethod$SuspendForResponse source: file:/C:/Users/TONYS/Documents/Codex/2026-09-29/https-github-com-jay3-yy-bilipai/work/toolchain/gradle-home/caches/modules-2/files-2.1/com.squareup.retrofit2/retrofit/3.0.0/c0cdf6d243c5187732134129fda05a74f9197874/retrofit-3.0.0.jar
[0.794s][info][class,load] retrofit2.HttpServiceMethod$SuspendForBody source: file:/C:/Users/TONYS/Documents/Codex/2026-09-29/https-github-com-jay3-yy-bilipai/work/toolchain/gradle-home/caches/modules-2/files-2.1/com.squareup.retrofit2/retrofit/3.0.0/c0cdf6d243c5187732134129fda05a74f9197874/retrofit-3.0.0.jar
[0.794s][info][class,load] com.android.purebilibili.data.model.response.ReplyCountResponse source: file:/C:/Users/TONYS/Documents/Codex/2026-09-29/https-github-com-jay3-yy-bilipai/work/BiliPai/desktop/.local/dynamic-detail-reply-main-integration/main-product-snapshot-01/main-kotlin.jar
[0.795s][info][class,load] retrofit2.Response source: file:/C:/Users/TONYS/Documents/Codex/2026-09-29/https-github-com-jay3-yy-bilipai/work/toolchain/gradle-home/caches/modules-2/files-2.1/com.squareup.retrofit2/retrofit/3.0.0/c0cdf6d243c5187732134129fda05a74f9197874/retrofit-3.0.0.jar
[0.795s][info][class,load] retrofit2.Utils$ParameterizedTypeImpl source: file:/C:/Users/TONYS/Documents/Codex/2026-09-29/https-github-com-jay3-yy-bilipai/work/toolchain/gradle-home/caches/modules-2/files-2.1/com.squareup.retrofit2/retrofit/3.0.0/c0cdf6d243c5187732134129fda05a74f9197874/retrofit-3.0.0.jar
[0.795s][info][class,load] retrofit2.SkipCallbackExecutor source: file:/C:/Users/TONYS/Documents/Codex/2026-09-29/https-github-com-jay3-yy-bilipai/work/toolchain/gradle-home/caches/modules-2/files-2.1/com.squareup.retrofit2/retrofit/3.0.0/c0cdf6d243c5187732134129fda05a74f9197874/retrofit-3.0.0.jar
[0.795s][info][class,load] retrofit2.SkipCallbackExecutorImpl source: file:/C:/Users/TONYS/Documents/Codex/2026-09-29/https-github-com-jay3-yy-bilipai/work/toolchain/gradle-home/caches/modules-2/files-2.1/com.squareup.retrofit2/retrofit/3.0.0/c0cdf6d243c5187732134129fda05a74f9197874/retrofit-3.0.0.jar
[0.795s][info][class,load] java.util.concurrent.Future source: shared objects file
[0.796s][info][class,load] java.util.concurrent.CompletionStage source: jrt:/java.base
[0.796s][info][class,load] java.util.concurrent.CompletableFuture source: jrt:/java.base
[0.796s][info][class,load] retrofit2.DefaultCallAdapterFactory$1 source: file:/C:/Users/TONYS/Documents/Codex/2026-09-29/https-github-com-jay3-yy-bilipai/work/toolchain/gradle-home/caches/modules-2/files-2.1/com.squareup.retrofit2/retrofit/3.0.0/c0cdf6d243c5187732134129fda05a74f9197874/retrofit-3.0.0.jar
[0.796s][info][class,load] okhttp3.ResponseBody source: file:/C:/Users/TONYS/Documents/Codex/2026-09-29/https-github-com-jay3-yy-bilipai/work/toolchain/gradle-home/caches/modules-2/files-2.1/com.squareup.okhttp3/okhttp-jvm/5.3.2/f31e8de27feebe1e56d6c9d354a0986b65be0e1d/okhttp-jvm-5.3.2.jar
[0.796s][info][class,load] kotlinx.serialization.SerializersKt source: file:/C:/Users/TONYS/Documents/Codex/2026-09-29/https-github-com-jay3-yy-bilipai/work/toolchain/gradle-home/caches/modules-2/files-2.1/org.jetbrains.kotlinx/kotlinx-serialization-core-jvm/1.11.0/c1905c9bf7452b045d5af9248835abe64ddad6bf/kotlinx-serialization-core-jvm-1.11.0.jar
[0.797s][info][class,load] kotlinx.serialization.SerializersKt__SerializersJvmKt source: file:/C:/Users/TONYS/Documents/Codex/2026-09-29/https-github-com-jay3-yy-bilipai/work/toolchain/gradle-home/caches/modules-2/files-2.1/org.jetbrains.kotlinx/kotlinx-serialization-core-jvm/1.11.0/c1905c9bf7452b045d5af9248835abe64ddad6bf/kotlinx-serialization-core-jvm-1.11.0.jar
[0.797s][info][class,load] kotlinx.serialization.internal.PlatformKt source: file:/C:/Users/TONYS/Documents/Codex/2026-09-29/https-github-com-jay3-yy-bilipai/work/toolchain/gradle-home/caches/modules-2/files-2.1/org.jetbrains.kotlinx/kotlinx-serialization-core-jvm/1.11.0/c1905c9bf7452b045d5af9248835abe64ddad6bf/kotlinx-serialization-core-jvm-1.11.0.jar
[0.797s][info][class,load] kotlinx.serialization.SerializationException source: file:/C:/Users/TONYS/Documents/Codex/2026-09-29/https-github-com-jay3-yy-bilipai/work/toolchain/gradle-home/caches/modules-2/files-2.1/org.jetbrains.kotlinx/kotlinx-serialization-core-jvm/1.11.0/c1905c9bf7452b045d5af9248835abe64ddad6bf/kotlinx-serialization-core-jvm-1.11.0.jar
[0.797s][info][class,load] java.lang.reflect.InvocationTargetException source: jrt:/java.base
[0.798s][info][class,load] com.android.purebilibili.data.model.response.ReplyCountResponse$Companion source: file:/C:/Users/TONYS/Documents/Codex/2026-09-29/https-github-com-jay3-yy-bilipai/work/BiliPai/desktop/.local/dynamic-detail-reply-main-integration/main-product-snapshot-01/main-kotlin.jar
[0.798s][info][class,load] com.android.purebilibili.data.model.response.ReplyCountData source: file:/C:/Users/TONYS/Documents/Codex/2026-09-29/https-github-com-jay3-yy-bilipai/work/BiliPai/desktop/.local/dynamic-detail-reply-main-integration/main-product-snapshot-01/main-kotlin.jar
[0.798s][info][class,load] java.lang.invoke.DirectMethodHandle$StaticAccessor source: jrt:/java.base
[0.798s][info][class,load] java.lang.invoke.LambdaForm$MH/0x000000d5320ec000 source: __JVM_LookupDefineClass__
[0.799s][info][class,load] kotlinx.serialization.internal.GeneratedSerializer source: file:/C:/Users/TONYS/Documents/Codex/2026-09-29/https-github-com-jay3-yy-bilipai/work/toolchain/gradle-home/caches/modules-2/files-2.1/org.jetbrains.kotlinx/kotlinx-serialization-core-jvm/1.11.0/c1905c9bf7452b045d5af9248835abe64ddad6bf/kotlinx-serialization-core-jvm-1.11.0.jar
[0.799s][info][class,load] com.android.purebilibili.data.model.response.ReplyCountResponse$$serializer source: file:/C:/Users/TONYS/Documents/Codex/2026-09-29/https-github-com-jay3-yy-bilipai/work/BiliPai/desktop/.local/dynamic-detail-reply-main-integration/main-product-snapshot-01/main-kotlin.jar
[0.799s][info][class,load] kotlinx.serialization.UnknownFieldException source: file:/C:/Users/TONYS/Documents/Codex/2026-09-29/https-github-com-jay3-yy-bilipai/work/toolchain/gradle-home/caches/modules-2/files-2.1/org.jetbrains.kotlinx/kotlinx-serialization-core-jvm/1.11.0/c1905c9bf7452b045d5af9248835abe64ddad6bf/kotlinx-serialization-core-jvm-1.11.0.jar
[0.799s][info][class,load] kotlinx.serialization.descriptors.SerialDescriptor source: file:/C:/Users/TONYS/Documents/Codex/2026-09-29/https-github-com-jay3-yy-bilipai/work/toolchain/gradle-home/caches/modules-2/files-2.1/org.jetbrains.kotlinx/kotlinx-serialization-core-jvm/1.11.0/c1905c9bf7452b045d5af9248835abe64ddad6bf/kotlinx-serialization-core-jvm-1.11.0.jar
[0.799s][info][class,load] kotlinx.serialization.internal.CachedNames source: file:/C:/Users/TONYS/Documents/Codex/2026-09-29/https-github-com-jay3-yy-bilipai/work/toolchain/gradle-home/caches/modules-2/files-2.1/org.jetbrains.kotlinx/kotlinx-serialization-core-jvm/1.11.0/c1905c9bf7452b045d5af9248835abe64ddad6bf/kotlinx-serialization-core-jvm-1.11.0.jar
[0.799s][info][class,load] kotlinx.serialization.internal.PluginGeneratedSerialDescriptor source: file:/C:/Users/TONYS/Documents/Codex/2026-09-29/https-github-com-jay3-yy-bilipai/work/toolchain/gradle-home/caches/modules-2/files-2.1/org.jetbrains.kotlinx/kotlinx-serialization-core-jvm/1.11.0/c1905c9bf7452b045d5af9248835abe64ddad6bf/kotlinx-serialization-core-jvm-1.11.0.jar
[0.800s][info][class,load] kotlinx.serialization.internal.PluginGeneratedSerialDescriptor$$Lambda/0x000000d5320eab98 source: kotlinx.serialization.internal.PluginGeneratedSerialDescriptor
[0.800s][info][class,load] kotlinx.serialization.internal.PluginGeneratedSerialDescriptor$$Lambda/0x000000d5320eafb8 source: kotlinx.serialization.internal.PluginGeneratedSerialDescriptor
[0.800s][info][class,load] kotlinx.serialization.internal.PluginGeneratedSerialDescriptor$$Lambda/0x000000d5320eb1e0 source: kotlinx.serialization.internal.PluginGeneratedSerialDescriptor
[0.800s][info][class,load] retrofit2.converter.kotlinx.serialization.DeserializationStrategyConverter source: file:/C:/Users/TONYS/Documents/Codex/2026-09-29/https-github-com-jay3-yy-bilipai/work/toolchain/gradle-home/caches/modules-2/files-2.1/com.squareup.retrofit2/converter-kotlinx-serialization/3.0.0/3541df11c0990f4a25610480c990d0e071a81e48/converter-kotlinx-serialization-3.0.0.jar
[0.801s][info][class,load] retrofit2.OkHttpCall source: file:/C:/Users/TONYS/Documents/Codex/2026-09-29/https-github-com-jay3-yy-bilipai/work/toolchain/gradle-home/caches/modules-2/files-2.1/com.squareup.retrofit2/retrofit/3.0.0/c0cdf6d243c5187732134129fda05a74f9197874/retrofit-3.0.0.jar
[0.801s][info][class,load] okhttp3.Callback source: file:/C:/Users/TONYS/Documents/Codex/2026-09-29/https-github-com-jay3-yy-bilipai/work/toolchain/gradle-home/caches/modules-2/files-2.1/com.squareup.okhttp3/okhttp-jvm/5.3.2/f31e8de27feebe1e56d6c9d354a0986b65be0e1d/okhttp-jvm-5.3.2.jar
[0.801s][info][class,load] retrofit2.OkHttpCall$NoContentResponseBody source: file:/C:/Users/TONYS/Documents/Codex/2026-09-29/https-github-com-jay3-yy-bilipai/work/toolchain/gradle-home/caches/modules-2/files-2.1/com.squareup.retrofit2/retrofit/3.0.0/c0cdf6d243c5187732134129fda05a74f9197874/retrofit-3.0.0.jar
[0.801s][info][class,load] retrofit2.KotlinExtensions source: file:/C:/Users/TONYS/Documents/Codex/2026-09-29/https-github-com-jay3-yy-bilipai/work/toolchain/gradle-home/caches/modules-2/files-2.1/com.squareup.retrofit2/retrofit/3.0.0/c0cdf6d243c5187732134129fda05a74f9197874/retrofit-3.0.0.jar
[0.802s][info][class,load] kotlinx.coroutines.CancellableContinuation source: file:/C:/Users/TONYS/Documents/Codex/2026-09-29/https-github-com-jay3-yy-bilipai/work/toolchain/gradle-home/caches/modules-2/files-2.1/org.jetbrains.kotlinx/kotlinx-coroutines-core-jvm/1.10.2/4a9f78ef49483748e2c129f3d124b8fa249dafbf/kotlinx-coroutines-core-jvm-1.10.2.jar
[0.802s][info][class,load] kotlinx.coroutines.Waiter source: file:/C:/Users/TONYS/Documents/Codex/2026-09-29/https-github-com-jay3-yy-bilipai/work/toolchain/gradle-home/caches/modules-2/files-2.1/org.jetbrains.kotlinx/kotlinx-coroutines-core-jvm/1.10.2/4a9f78ef49483748e2c129f3d124b8fa249dafbf/kotlinx-coroutines-core-jvm-1.10.2.jar
[0.802s][info][class,load] kotlinx.coroutines.CancellableContinuationImpl source: file:/C:/Users/TONYS/Documents/Codex/2026-09-29/https-github-com-jay3-yy-bilipai/work/toolchain/gradle-home/caches/modules-2/files-2.1/org.jetbrains.kotlinx/kotlinx-coroutines-core-jvm/1.10.2/4a9f78ef49483748e2c129f3d124b8fa249dafbf/kotlinx-coroutines-core-jvm-1.10.2.jar
[0.803s][info][class,load] kotlinx.coroutines.Active source: file:/C:/Users/TONYS/Documents/Codex/2026-09-29/https-github-com-jay3-yy-bilipai/work/toolchain/gradle-home/caches/modules-2/files-2.1/org.jetbrains.kotlinx/kotlinx-coroutines-core-jvm/1.10.2/4a9f78ef49483748e2c129f3d124b8fa249dafbf/kotlinx-coroutines-core-jvm-1.10.2.jar
[0.803s][info][class,load] kotlinx.coroutines.ChildContinuation source: file:/C:/Users/TONYS/Documents/Codex/2026-09-29/https-github-com-jay3-yy-bilipai/work/toolchain/gradle-home/caches/modules-2/files-2.1/org.jetbrains.kotlinx/kotlinx-coroutines-core-jvm/1.10.2/4a9f78ef49483748e2c129f3d124b8fa249dafbf/kotlinx-coroutines-core-jvm-1.10.2.jar
[0.803s][info][class,load] retrofit2.KotlinExtensions$await$2$1 source: file:/C:/Users/TONYS/Documents/Codex/2026-09-29/https-github-com-jay3-yy-bilipai/work/toolchain/gradle-home/caches/modules-2/files-2.1/com.squareup.retrofit2/retrofit/3.0.0/c0cdf6d243c5187732134129fda05a74f9197874/retrofit-3.0.0.jar
[0.803s][info][class,load] kotlinx.coroutines.CancelHandler source: file:/C:/Users/TONYS/Documents/Codex/2026-09-29/https-github-com-jay3-yy-bilipai/work/toolchain/gradle-home/caches/modules-2/files-2.1/org.jetbrains.kotlinx/kotlinx-coroutines-core-jvm/1.10.2/4a9f78ef49483748e2c129f3d124b8fa249dafbf/kotlinx-coroutines-core-jvm-1.10.2.jar
[0.803s][info][class,load] kotlinx.coroutines.CancelHandler$UserSupplied source: file:/C:/Users/TONYS/Documents/Codex/2026-09-29/https-github-com-jay3-yy-bilipai/work/toolchain/gradle-home/caches/modules-2/files-2.1/org.jetbrains.kotlinx/kotlinx-coroutines-core-jvm/1.10.2/4a9f78ef49483748e2c129f3d124b8fa249dafbf/kotlinx-coroutines-core-jvm-1.10.2.jar
[0.803s][info][class,load] kotlinx.coroutines.CancellableContinuationKt source: file:/C:/Users/TONYS/Documents/Codex/2026-09-29/https-github-com-jay3-yy-bilipai/work/toolchain/gradle-home/caches/modules-2/files-2.1/org.jetbrains.kotlinx/kotlinx-coroutines-core-jvm/1.10.2/4a9f78ef49483748e2c129f3d124b8fa249dafbf/kotlinx-coroutines-core-jvm-1.10.2.jar
[0.804s][info][class,load] retrofit2.Callback source: file:/C:/Users/TONYS/Documents/Codex/2026-09-29/https-github-com-jay3-yy-bilipai/work/toolchain/gradle-home/caches/modules-2/files-2.1/com.squareup.retrofit2/retrofit/3.0.0/c0cdf6d243c5187732134129fda05a74f9197874/retrofit-3.0.0.jar
[0.804s][info][class,load] retrofit2.KotlinExtensions$await$2$2 source: file:/C:/Users/TONYS/Documents/Codex/2026-09-29/https-github-com-jay3-yy-bilipai/work/toolchain/gradle-home/caches/modules-2/files-2.1/com.squareup.retrofit2/retrofit/3.0.0/c0cdf6d243c5187732134129fda05a74f9197874/retrofit-3.0.0.jar
[0.804s][info][class,load] retrofit2.RequestBuilder source: file:/C:/Users/TONYS/Documents/Codex/2026-09-29/https-github-com-jay3-yy-bilipai/work/toolchain/gradle-home/caches/modules-2/files-2.1/com.squareup.retrofit2/retrofit/3.0.0/c0cdf6d243c5187732134129fda05a74f9197874/retrofit-3.0.0.jar
[0.804s][info][class,load] okhttp3.FormBody source: file:/C:/Users/TONYS/Documents/Codex/2026-09-29/https-github-com-jay3-yy-bilipai/work/toolchain/gradle-home/caches/modules-2/files-2.1/com.squareup.okhttp3/okhttp-jvm/5.3.2/f31e8de27feebe1e56d6c9d354a0986b65be0e1d/okhttp-jvm-5.3.2.jar
[0.805s][info][class,load] okhttp3.MultipartBody source: file:/C:/Users/TONYS/Documents/Codex/2026-09-29/https-github-com-jay3-yy-bilipai/work/toolchain/gradle-home/caches/modules-2/files-2.1/com.squareup.okhttp3/okhttp-jvm/5.3.2/f31e8de27feebe1e56d6c9d354a0986b65be0e1d/okhttp-jvm-5.3.2.jar
[0.805s][info][class,load] retrofit2.RequestBuilder$ContentTypeOverridingRequestBody source: file:/C:/Users/TONYS/Documents/Codex/2026-09-29/https-github-com-jay3-yy-bilipai/work/toolchain/gradle-home/caches/modules-2/files-2.1/com.squareup.retrofit2/retrofit/3.0.0/c0cdf6d243c5187732134129fda05a74f9197874/retrofit-3.0.0.jar
[0.805s][info][class,load] java.util.regex.Pattern$Loop source: jrt:/java.base
[0.805s][info][class,load] java.util.regex.Pattern$Prolog source: jrt:/java.base
[0.805s][info][class,load] okhttp3.Request$Builder source: file:/C:/Users/TONYS/Documents/Codex/2026-09-29/https-github-com-jay3-yy-bilipai/work/toolchain/gradle-home/caches/modules-2/files-2.1/com.squareup.okhttp3/okhttp-jvm/5.3.2/f31e8de27feebe1e56d6c9d354a0986b65be0e1d/okhttp-jvm-5.3.2.jar
[0.805s][info][class,load] okhttp3.internal.Tags source: file:/C:/Users/TONYS/Documents/Codex/2026-09-29/https-github-com-jay3-yy-bilipai/work/toolchain/gradle-home/caches/modules-2/files-2.1/com.squareup.okhttp3/okhttp-jvm/5.3.2/f31e8de27feebe1e56d6c9d354a0986b65be0e1d/okhttp-jvm-5.3.2.jar
[0.805s][info][class,load] okhttp3.internal.EmptyTags source: file:/C:/Users/TONYS/Documents/Codex/2026-09-29/https-github-com-jay3-yy-bilipai/work/toolchain/gradle-home/caches/modules-2/files-2.1/com.squareup.okhttp3/okhttp-jvm/5.3.2/f31e8de27feebe1e56d6c9d354a0986b65be0e1d/okhttp-jvm-5.3.2.jar
[0.805s][info][class,load] okhttp3.Headers$Builder source: file:/C:/Users/TONYS/Documents/Codex/2026-09-29/https-github-com-jay3-yy-bilipai/work/toolchain/gradle-home/caches/modules-2/files-2.1/com.squareup.okhttp3/okhttp-jvm/5.3.2/f31e8de27feebe1e56d6c9d354a0986b65be0e1d/okhttp-jvm-5.3.2.jar
[0.806s][info][class,load] okhttp3.internal._HeadersCommonKt source: file:/C:/Users/TONYS/Documents/Codex/2026-09-29/https-github-com-jay3-yy-bilipai/work/toolchain/gradle-home/caches/modules-2/files-2.1/com.squareup.okhttp3/okhttp-jvm/5.3.2/f31e8de27feebe1e56d6c9d354a0986b65be0e1d/okhttp-jvm-5.3.2.jar
[0.806s][info][class,load] okhttp3.Headers source: file:/C:/Users/TONYS/Documents/Codex/2026-09-29/https-github-com-jay3-yy-bilipai/work/toolchain/gradle-home/caches/modules-2/files-2.1/com.squareup.okhttp3/okhttp-jvm/5.3.2/f31e8de27feebe1e56d6c9d354a0986b65be0e1d/okhttp-jvm-5.3.2.jar
[0.806s][info][class,load] okhttp3.Headers$Companion source: file:/C:/Users/TONYS/Documents/Codex/2026-09-29/https-github-com-jay3-yy-bilipai/work/toolchain/gradle-home/caches/modules-2/files-2.1/com.squareup.okhttp3/okhttp-jvm/5.3.2/f31e8de27feebe1e56d6c9d354a0986b65be0e1d/okhttp-jvm-5.3.2.jar
[0.806s][info][class,load] okhttp3.internal.http.HttpMethod source: file:/C:/Users/TONYS/Documents/Codex/2026-09-29/https-github-com-jay3-yy-bilipai/work/toolchain/gradle-home/caches/modules-2/files-2.1/com.squareup.okhttp3/okhttp-jvm/5.3.2/f31e8de27feebe1e56d6c9d354a0986b65be0e1d/okhttp-jvm-5.3.2.jar
[0.807s][info][class,load] retrofit2.Invocation source: file:/C:/Users/TONYS/Documents/Codex/2026-09-29/https-github-com-jay3-yy-bilipai/work/toolchain/gradle-home/caches/modules-2/files-2.1/com.squareup.retrofit2/retrofit/3.0.0/c0cdf6d243c5187732134129fda05a74f9197874/retrofit-3.0.0.jar
[0.807s][info][class,load] kotlin.jvm.JvmClassMappingKt source: file:/C:/Users/TONYS/Documents/Codex/2026-09-29/https-github-com-jay3-yy-bilipai/work/toolchain/gradle-home/caches/modules-2/files-2.1/org.jetbrains.kotlin/kotlin-stdlib/2.4.10/8943c84ddc6d5cc00a10dbc3736c397066eeaab5/kotlin-stdlib-2.4.10.jar
[0.807s][info][class,load] kotlin.jvm.internal.Reflection source: file:/C:/Users/TONYS/Documents/Codex/2026-09-29/https-github-com-jay3-yy-bilipai/work/toolchain/gradle-home/caches/modules-2/files-2.1/org.jetbrains.kotlin/kotlin-stdlib/2.4.10/8943c84ddc6d5cc00a10dbc3736c397066eeaab5/kotlin-stdlib-2.4.10.jar
[0.807s][info][class,load] java.lang.InstantiationException source: jrt:/java.base
[0.807s][info][class,load] kotlin.reflect.KClassifier source: file:/C:/Users/TONYS/Documents/Codex/2026-09-29/https-github-com-jay3-yy-bilipai/work/toolchain/gradle-home/caches/modules-2/files-2.1/org.jetbrains.kotlin/kotlin-stdlib/2.4.10/8943c84ddc6d5cc00a10dbc3736c397066eeaab5/kotlin-stdlib-2.4.10.jar
[0.807s][info][class,load] kotlin.jvm.internal.ReflectionFactory source: file:/C:/Users/TONYS/Documents/Codex/2026-09-29/https-github-com-jay3-yy-bilipai/work/toolchain/gradle-home/caches/modules-2/files-2.1/org.jetbrains.kotlin/kotlin-stdlib/2.4.10/8943c84ddc6d5cc00a10dbc3736c397066eeaab5/kotlin-stdlib-2.4.10.jar
[0.808s][info][class,load] kotlin.reflect.KClass source: file:/C:/Users/TONYS/Documents/Codex/2026-09-29/https-github-com-jay3-yy-bilipai/work/toolchain/gradle-home/caches/modules-2/files-2.1/org.jetbrains.kotlin/kotlin-stdlib/2.4.10/8943c84ddc6d5cc00a10dbc3736c397066eeaab5/kotlin-stdlib-2.4.10.jar
[0.808s][info][class,load] kotlin.reflect.KType source: file:/C:/Users/TONYS/Documents/Codex/2026-09-29/https-github-com-jay3-yy-bilipai/work/toolchain/gradle-home/caches/modules-2/files-2.1/org.jetbrains.kotlin/kotlin-stdlib/2.4.10/8943c84ddc6d5cc00a10dbc3736c397066eeaab5/kotlin-stdlib-2.4.10.jar
[0.808s][info][class,load] kotlin.reflect.KProperty source: file:/C:/Users/TONYS/Documents/Codex/2026-09-29/https-github-com-jay3-yy-bilipai/work/toolchain/gradle-home/caches/modules-2/files-2.1/org.jetbrains.kotlin/kotlin-stdlib/2.4.10/8943c84ddc6d5cc00a10dbc3736c397066eeaab5/kotlin-stdlib-2.4.10.jar
[0.808s][info][class,load] kotlin.reflect.KProperty0 source: file:/C:/Users/TONYS/Documents/Codex/2026-09-29/https-github-com-jay3-yy-bilipai/work/toolchain/gradle-home/caches/modules-2/files-2.1/org.jetbrains.kotlin/kotlin-stdlib/2.4.10/8943c84ddc6d5cc00a10dbc3736c397066eeaab5/kotlin-stdlib-2.4.10.jar
[0.808s][info][class,load] kotlin.reflect.KProperty2 source: file:/C:/Users/TONYS/Documents/Codex/2026-09-29/https-github-com-jay3-yy-bilipai/work/toolchain/gradle-home/caches/modules-2/files-2.1/org.jetbrains.kotlin/kotlin-stdlib/2.4.10/8943c84ddc6d5cc00a10dbc3736c397066eeaab5/kotlin-stdlib-2.4.10.jar
[0.808s][info][class,load] kotlin.reflect.KProperty1 source: file:/C:/Users/TONYS/Documents/Codex/2026-09-29/https-github-com-jay3-yy-bilipai/work/toolchain/gradle-home/caches/modules-2/files-2.1/org.jetbrains.kotlin/kotlin-stdlib/2.4.10/8943c84ddc6d5cc00a10dbc3736c397066eeaab5/kotlin-stdlib-2.4.10.jar
[0.808s][info][class,load] kotlin.reflect.KMutableProperty source: file:/C:/Users/TONYS/Documents/Codex/2026-09-29/https-github-com-jay3-yy-bilipai/work/toolchain/gradle-home/caches/modules-2/files-2.1/org.jetbrains.kotlin/kotlin-stdlib/2.4.10/8943c84ddc6d5cc00a10dbc3736c397066eeaab5/kotlin-stdlib-2.4.10.jar
[0.808s][info][class,load] kotlin.reflect.KMutableProperty1 source: file:/C:/Users/TONYS/Documents/Codex/2026-09-29/https-github-com-jay3-yy-bilipai/work/toolchain/gradle-home/caches/modules-2/files-2.1/org.jetbrains.kotlin/kotlin-stdlib/2.4.10/8943c84ddc6d5cc00a10dbc3736c397066eeaab5/kotlin-stdlib-2.4.10.jar
[0.808s][info][class,load] kotlin.reflect.KTypeParameter source: file:/C:/Users/TONYS/Documents/Codex/2026-09-29/https-github-com-jay3-yy-bilipai/work/toolchain/gradle-home/caches/modules-2/files-2.1/org.jetbrains.kotlin/kotlin-stdlib/2.4.10/8943c84ddc6d5cc00a10dbc3736c397066eeaab5/kotlin-stdlib-2.4.10.jar
[0.809s][info][class,load] kotlin.reflect.KMutableProperty2 source: file:/C:/Users/TONYS/Documents/Codex/2026-09-29/https-github-com-jay3-yy-bilipai/work/toolchain/gradle-home/caches/modules-2/files-2.1/org.jetbrains.kotlin/kotlin-stdlib/2.4.10/8943c84ddc6d5cc00a10dbc3736c397066eeaab5/kotlin-stdlib-2.4.10.jar
[0.809s][info][class,load] kotlin.reflect.KMutableProperty0 source: file:/C:/Users/TONYS/Documents/Codex/2026-09-29/https-github-com-jay3-yy-bilipai/work/toolchain/gradle-home/caches/modules-2/files-2.1/org.jetbrains.kotlin/kotlin-stdlib/2.4.10/8943c84ddc6d5cc00a10dbc3736c397066eeaab5/kotlin-stdlib-2.4.10.jar
[0.809s][info][class,load] kotlin.jvm.internal.ClassBasedDeclarationContainer source: file:/C:/Users/TONYS/Documents/Codex/2026-09-29/https-github-com-jay3-yy-bilipai/work/toolchain/gradle-home/caches/modules-2/files-2.1/org.jetbrains.kotlin/kotlin-stdlib/2.4.10/8943c84ddc6d5cc00a10dbc3736c397066eeaab5/kotlin-stdlib-2.4.10.jar
[0.809s][info][class,load] kotlin.jvm.internal.ClassReference source: file:/C:/Users/TONYS/Documents/Codex/2026-09-29/https-github-com-jay3-yy-bilipai/work/toolchain/gradle-home/caches/modules-2/files-2.1/org.jetbrains.kotlin/kotlin-stdlib/2.4.10/8943c84ddc6d5cc00a10dbc3736c397066eeaab5/kotlin-stdlib-2.4.10.jar
[0.810s][info][class,load] kotlin.jvm.internal.ClassReference$Companion source: file:/C:/Users/TONYS/Documents/Codex/2026-09-29/https-github-com-jay3-yy-bilipai/work/toolchain/gradle-home/caches/modules-2/files-2.1/org.jetbrains.kotlin/kotlin-stdlib/2.4.10/8943c84ddc6d5cc00a10dbc3736c397066eeaab5/kotlin-stdlib-2.4.10.jar
[0.810s][info][class,load] kotlin.jvm.functions.Function4 source: file:/C:/Users/TONYS/Documents/Codex/2026-09-29/https-github-com-jay3-yy-bilipai/work/toolchain/gradle-home/caches/modules-2/files-2.1/org.jetbrains.kotlin/kotlin-stdlib/2.4.10/8943c84ddc6d5cc00a10dbc3736c397066eeaab5/kotlin-stdlib-2.4.10.jar
[0.810s][info][class,load] kotlin.jvm.functions.Function5 source: file:/C:/Users/TONYS/Documents/Codex/2026-09-29/https-github-com-jay3-yy-bilipai/work/toolchain/gradle-home/caches/modules-2/files-2.1/org.jetbrains.kotlin/kotlin-stdlib/2.4.10/8943c84ddc6d5cc00a10dbc3736c397066eeaab5/kotlin-stdlib-2.4.10.jar
[0.810s][info][class,load] kotlin.jvm.functions.Function6 source: file:/C:/Users/TONYS/Documents/Codex/2026-09-29/https-github-com-jay3-yy-bilipai/work/toolchain/gradle-home/caches/modules-2/files-2.1/org.jetbrains.kotlin/kotlin-stdlib/2.4.10/8943c84ddc6d5cc00a10dbc3736c397066eeaab5/kotlin-stdlib-2.4.10.jar
[0.810s][info][class,load] kotlin.jvm.functions.Function7 source: file:/C:/Users/TONYS/Documents/Codex/2026-09-29/https-github-com-jay3-yy-bilipai/work/toolchain/gradle-home/caches/modules-2/files-2.1/org.jetbrains.kotlin/kotlin-stdlib/2.4.10/8943c84ddc6d5cc00a10dbc3736c397066eeaab5/kotlin-stdlib-2.4.10.jar
[0.810s][info][class,load] kotlin.jvm.functions.Function8 source: file:/C:/Users/TONYS/Documents/Codex/2026-09-29/https-github-com-jay3-yy-bilipai/work/toolchain/gradle-home/caches/modules-2/files-2.1/org.jetbrains.kotlin/kotlin-stdlib/2.4.10/8943c84ddc6d5cc00a10dbc3736c397066eeaab5/kotlin-stdlib-2.4.10.jar
[0.810s][info][class,load] kotlin.jvm.functions.Function9 source: file:/C:/Users/TONYS/Documents/Codex/2026-09-29/https-github-com-jay3-yy-bilipai/work/toolchain/gradle-home/caches/modules-2/files-2.1/org.jetbrains.kotlin/kotlin-stdlib/2.4.10/8943c84ddc6d5cc00a10dbc3736c397066eeaab5/kotlin-stdlib-2.4.10.jar
[0.810s][info][class,load] kotlin.jvm.functions.Function10 source: file:/C:/Users/TONYS/Documents/Codex/2026-09-29/https-github-com-jay3-yy-bilipai/work/toolchain/gradle-home/caches/modules-2/files-2.1/org.jetbrains.kotlin/kotlin-stdlib/2.4.10/8943c84ddc6d5cc00a10dbc3736c397066eeaab5/kotlin-stdlib-2.4.10.jar
[0.810s][info][class,load] kotlin.jvm.functions.Function11 source: file:/C:/Users/TONYS/Documents/Codex/2026-09-29/https-github-com-jay3-yy-bilipai/work/toolchain/gradle-home/caches/modules-2/files-2.1/org.jetbrains.kotlin/kotlin-stdlib/2.4.10/8943c84ddc6d5cc00a10dbc3736c397066eeaab5/kotlin-stdlib-2.4.10.jar
[0.810s][info][class,load] kotlin.jvm.functions.Function12 source: file:/C:/Users/TONYS/Documents/Codex/2026-09-29/https-github-com-jay3-yy-bilipai/work/toolchain/gradle-home/caches/modules-2/files-2.1/org.jetbrains.kotlin/kotlin-stdlib/2.4.10/8943c84ddc6d5cc00a10dbc3736c397066eeaab5/kotlin-stdlib-2.4.10.jar
[0.811s][info][class,load] kotlin.jvm.functions.Function13 source: file:/C:/Users/TONYS/Documents/Codex/2026-09-29/https-github-com-jay3-yy-bilipai/work/toolchain/gradle-home/caches/modules-2/files-2.1/org.jetbrains.kotlin/kotlin-stdlib/2.4.10/8943c84ddc6d5cc00a10dbc3736c397066eeaab5/kotlin-stdlib-2.4.10.jar
[0.811s][info][class,load] kotlin.jvm.functions.Function14 source: file:/C:/Users/TONYS/Documents/Codex/2026-09-29/https-github-com-jay3-yy-bilipai/work/toolchain/gradle-home/caches/modules-2/files-2.1/org.jetbrains.kotlin/kotlin-stdlib/2.4.10/8943c84ddc6d5cc00a10dbc3736c397066eeaab5/kotlin-stdlib-2.4.10.jar
[0.811s][info][class,load] kotlin.jvm.functions.Function15 source: file:/C:/Users/TONYS/Documents/Codex/2026-09-29/https-github-com-jay3-yy-bilipai/work/toolchain/gradle-home/caches/modules-2/files-2.1/org.jetbrains.kotlin/kotlin-stdlib/2.4.10/8943c84ddc6d5cc00a10dbc3736c397066eeaab5/kotlin-stdlib-2.4.10.jar
[0.811s][info][class,load] kotlin.jvm.functions.Function16 source: file:/C:/Users/TONYS/Documents/Codex/2026-09-29/https-github-com-jay3-yy-bilipai/work/toolchain/gradle-home/caches/modules-2/files-2.1/org.jetbrains.kotlin/kotlin-stdlib/2.4.10/8943c84ddc6d5cc00a10dbc3736c397066eeaab5/kotlin-stdlib-2.4.10.jar
[0.811s][info][class,load] kotlin.jvm.functions.Function17 source: file:/C:/Users/TONYS/Documents/Codex/2026-09-29/https-github-com-jay3-yy-bilipai/work/toolchain/gradle-home/caches/modules-2/files-2.1/org.jetbrains.kotlin/kotlin-stdlib/2.4.10/8943c84ddc6d5cc00a10dbc3736c397066eeaab5/kotlin-stdlib-2.4.10.jar
[0.811s][info][class,load] kotlin.jvm.functions.Function18 source: file:/C:/Users/TONYS/Documents/Codex/2026-09-29/https-github-com-jay3-yy-bilipai/work/toolchain/gradle-home/caches/modules-2/files-2.1/org.jetbrains.kotlin/kotlin-stdlib/2.4.10/8943c84ddc6d5cc00a10dbc3736c397066eeaab5/kotlin-stdlib-2.4.10.jar
[0.811s][info][class,load] kotlin.jvm.functions.Function19 source: file:/C:/Users/TONYS/Documents/Codex/2026-09-29/https-github-com-jay3-yy-bilipai/work/toolchain/gradle-home/caches/modules-2/files-2.1/org.jetbrains.kotlin/kotlin-stdlib/2.4.10/8943c84ddc6d5cc00a10dbc3736c397066eeaab5/kotlin-stdlib-2.4.10.jar
[0.811s][info][class,load] kotlin.jvm.functions.Function20 source: file:/C:/Users/TONYS/Documents/Codex/2026-09-29/https-github-com-jay3-yy-bilipai/work/toolchain/gradle-home/caches/modules-2/files-2.1/org.jetbrains.kotlin/kotlin-stdlib/2.4.10/8943c84ddc6d5cc00a10dbc3736c397066eeaab5/kotlin-stdlib-2.4.10.jar
[0.811s][info][class,load] kotlin.jvm.functions.Function21 source: file:/C:/Users/TONYS/Documents/Codex/2026-09-29/https-github-com-jay3-yy-bilipai/work/toolchain/gradle-home/caches/modules-2/files-2.1/org.jetbrains.kotlin/kotlin-stdlib/2.4.10/8943c84ddc6d5cc00a10dbc3736c397066eeaab5/kotlin-stdlib-2.4.10.jar
[0.811s][info][class,load] kotlin.jvm.functions.Function22 source: file:/C:/Users/TONYS/Documents/Codex/2026-09-29/https-github-com-jay3-yy-bilipai/work/toolchain/gradle-home/caches/modules-2/files-2.1/org.jetbrains.kotlin/kotlin-stdlib/2.4.10/8943c84ddc6d5cc00a10dbc3736c397066eeaab5/kotlin-stdlib-2.4.10.jar
[0.811s][info][class,load] okhttp3.internal.LinkedTags source: file:/C:/Users/TONYS/Documents/Codex/2026-09-29/https-github-com-jay3-yy-bilipai/work/toolchain/gradle-home/caches/modules-2/files-2.1/com.squareup.okhttp3/okhttp-jvm/5.3.2/f31e8de27feebe1e56d6c9d354a0986b65be0e1d/okhttp-jvm-5.3.2.jar
[0.812s][info][class,load] okhttp3.Request source: file:/C:/Users/TONYS/Documents/Codex/2026-09-29/https-github-com-jay3-yy-bilipai/work/toolchain/gradle-home/caches/modules-2/files-2.1/com.squareup.okhttp3/okhttp-jvm/5.3.2/f31e8de27feebe1e56d6c9d354a0986b65be0e1d/okhttp-jvm-5.3.2.jar
[0.812s][info][class,load] okhttp3.internal.connection.RealCall source: file:/C:/Users/TONYS/Documents/Codex/2026-09-29/https-github-com-jay3-yy-bilipai/work/toolchain/gradle-home/caches/modules-2/files-2.1/com.squareup.okhttp3/okhttp-jvm/5.3.2/f31e8de27feebe1e56d6c9d354a0986b65be0e1d/okhttp-jvm-5.3.2.jar
[0.813s][info][class,load] okio.Timeout source: file:/C:/Users/TONYS/Documents/Codex/2026-09-29/https-github-com-jay3-yy-bilipai/work/toolchain/gradle-home/caches/modules-2/files-2.1/com.squareup.okio/okio-jvm/3.17.0/a12d684ec0df9541b3869ae60a4a5257fd3613df/okio-jvm-3.17.0.jar
[0.813s][info][class,load] okio.AsyncTimeout source: file:/C:/Users/TONYS/Documents/Codex/2026-09-29/https-github-com-jay3-yy-bilipai/work/toolchain/gradle-home/caches/modules-2/files-2.1/com.squareup.okio/okio-jvm/3.17.0/a12d684ec0df9541b3869ae60a4a5257fd3613df/okio-jvm-3.17.0.jar
[0.814s][info][class,load] okhttp3.internal.connection.RealCall$timeout$1 source: file:/C:/Users/TONYS/Documents/Codex/2026-09-29/https-github-com-jay3-yy-bilipai/work/toolchain/gradle-home/caches/modules-2/files-2.1/com.squareup.okhttp3/okhttp-jvm/5.3.2/f31e8de27feebe1e56d6c9d354a0986b65be0e1d/okhttp-jvm-5.3.2.jar
[0.814s][info][class,load] okio.Timeout$Companion source: file:/C:/Users/TONYS/Documents/Codex/2026-09-29/https-github-com-jay3-yy-bilipai/work/toolchain/gradle-home/caches/modules-2/files-2.1/com.squareup.okio/okio-jvm/3.17.0/a12d684ec0df9541b3869ae60a4a5257fd3613df/okio-jvm-3.17.0.jar
[0.814s][info][class,load] okio.Timeout$Companion$NONE$1 source: file:/C:/Users/TONYS/Documents/Codex/2026-09-29/https-github-com-jay3-yy-bilipai/work/toolchain/gradle-home/caches/modules-2/files-2.1/com.squareup.okio/okio-jvm/3.17.0/a12d684ec0df9541b3869ae60a4a5257fd3613df/okio-jvm-3.17.0.jar
[0.814s][info][class,load] okio.AsyncTimeout$Companion source: file:/C:/Users/TONYS/Documents/Codex/2026-09-29/https-github-com-jay3-yy-bilipai/work/toolchain/gradle-home/caches/modules-2/files-2.1/com.squareup.okio/okio-jvm/3.17.0/a12d684ec0df9541b3869ae60a4a5257fd3613df/okio-jvm-3.17.0.jar
[0.814s][info][class,load] okio.PriorityQueue source: file:/C:/Users/TONYS/Documents/Codex/2026-09-29/https-github-com-jay3-yy-bilipai/work/toolchain/gradle-home/caches/modules-2/files-2.1/com.squareup.okio/okio-jvm/3.17.0/a12d684ec0df9541b3869ae60a4a5257fd3613df/okio-jvm-3.17.0.jar
[0.814s][info][class,load] java.util.concurrent.atomic.AtomicBoolean source: jrt:/java.base
[0.815s][info][class,load] retrofit2.OkHttpCall$1 source: file:/C:/Users/TONYS/Documents/Codex/2026-09-29/https-github-com-jay3-yy-bilipai/work/toolchain/gradle-home/caches/modules-2/files-2.1/com.squareup.retrofit2/retrofit/3.0.0/c0cdf6d243c5187732134129fda05a74f9197874/retrofit-3.0.0.jar
[0.815s][info][class,load] okhttp3.internal.connection.RealCall$AsyncCall source: file:/C:/Users/TONYS/Documents/Codex/2026-09-29/https-github-com-jay3-yy-bilipai/work/toolchain/gradle-home/caches/modules-2/files-2.1/com.squareup.okhttp3/okhttp-jvm/5.3.2/f31e8de27feebe1e56d6c9d354a0986b65be0e1d/okhttp-jvm-5.3.2.jar
[0.815s][info][class,load] okhttp3.Dispatcher$promoteAndExecute$Effects source: file:/C:/Users/TONYS/Documents/Codex/2026-09-29/https-github-com-jay3-yy-bilipai/work/toolchain/gradle-home/caches/modules-2/files-2.1/com.squareup.okhttp3/okhttp-jvm/5.3.2/f31e8de27feebe1e56d6c9d354a0986b65be0e1d/okhttp-jvm-5.3.2.jar
[0.815s][info][class,load] java.util.concurrent.ThreadPoolExecutor$Worker source: jrt:/java.base
[0.816s][info][class,load] okhttp3.internal.http.RetryAndFollowUpInterceptor source: file:/C:/Users/TONYS/Documents/Codex/2026-09-29/https-github-com-jay3-yy-bilipai/work/toolchain/gradle-home/caches/modules-2/files-2.1/com.squareup.okhttp3/okhttp-jvm/5.3.2/f31e8de27feebe1e56d6c9d354a0986b65be0e1d/okhttp-jvm-5.3.2.jar
[0.817s][info][class,load] java.net.ProtocolException source: jrt:/java.base
[0.817s][info][class,load] okhttp3.internal.http.RetryAndFollowUpInterceptor$Companion source: file:/C:/Users/TONYS/Documents/Codex/2026-09-29/https-github-com-jay3-yy-bilipai/work/toolchain/gradle-home/caches/modules-2/files-2.1/com.squareup.okhttp3/okhttp-jvm/5.3.2/f31e8de27feebe1e56d6c9d354a0986b65be0e1d/okhttp-jvm-5.3.2.jar
[0.817s][info][class,load] okhttp3.internal.http.BridgeInterceptor source: file:/C:/Users/TONYS/Documents/Codex/2026-09-29/https-github-com-jay3-yy-bilipai/work/toolchain/gradle-home/caches/modules-2/files-2.1/com.squareup.okhttp3/okhttp-jvm/5.3.2/f31e8de27feebe1e56d6c9d354a0986b65be0e1d/okhttp-jvm-5.3.2.jar
[0.817s][info][class,load] okhttp3.internal.cache.CacheInterceptor source: file:/C:/Users/TONYS/Documents/Codex/2026-09-29/https-github-com-jay3-yy-bilipai/work/toolchain/gradle-home/caches/modules-2/files-2.1/com.squareup.okhttp3/okhttp-jvm/5.3.2/f31e8de27feebe1e56d6c9d354a0986b65be0e1d/okhttp-jvm-5.3.2.jar
[0.817s][info][class,load] okhttp3.internal.cache.CacheInterceptor$Companion source: file:/C:/Users/TONYS/Documents/Codex/2026-09-29/https-github-com-jay3-yy-bilipai/work/toolchain/gradle-home/caches/modules-2/files-2.1/com.squareup.okhttp3/okhttp-jvm/5.3.2/f31e8de27feebe1e56d6c9d354a0986b65be0e1d/okhttp-jvm-5.3.2.jar
[0.817s][info][class,load] okhttp3.internal.connection.ConnectInterceptor source: file:/C:/Users/TONYS/Documents/Codex/2026-09-29/https-github-com-jay3-yy-bilipai/work/toolchain/gradle-home/caches/modules-2/files-2.1/com.squareup.okhttp3/okhttp-jvm/5.3.2/f31e8de27feebe1e56d6c9d354a0986b65be0e1d/okhttp-jvm-5.3.2.jar
[0.818s][info][class,load] okhttp3.internal.http.CallServerInterceptor source: file:/C:/Users/TONYS/Documents/Codex/2026-09-29/https-github-com-jay3-yy-bilipai/work/toolchain/gradle-home/caches/modules-2/files-2.1/com.squareup.okhttp3/okhttp-jvm/5.3.2/f31e8de27feebe1e56d6c9d354a0986b65be0e1d/okhttp-jvm-5.3.2.jar
[0.818s][info][class,load] okhttp3.internal.http.RealInterceptorChain source: file:/C:/Users/TONYS/Documents/Codex/2026-09-29/https-github-com-jay3-yy-bilipai/work/toolchain/gradle-home/caches/modules-2/files-2.1/com.squareup.okhttp3/okhttp-jvm/5.3.2/f31e8de27feebe1e56d6c9d354a0986b65be0e1d/okhttp-jvm-5.3.2.jar
[0.818s][info][class,load] com.bilipai.desktop.data.DesktopSessionEpoch source: file:/C:/Users/TONYS/Documents/Codex/2026-09-29/https-github-com-jay3-yy-bilipai/work/BiliPai/desktop/.local/dynamic-detail-reply-main-integration/main-product-snapshot-01/main-kotlin.jar
[0.818s][info][class,load] com.android.purebilibili.core.network.DesktopPassportRequestPolicyKt source: file:/C:/Users/TONYS/Documents/Codex/2026-09-29/https-github-com-jay3-yy-bilipai/work/BiliPai/desktop/.local/dynamic-detail-reply-main-integration/main-product-snapshot-01/main-kotlin.jar
[0.818s][info][class,load] com.bilipai.desktop.data.DesktopDiscoveryTransportKt source: file:/C:/Users/TONYS/Documents/Codex/2026-09-29/https-github-com-jay3-yy-bilipai/work/BiliPai/desktop/.local/dynamic-detail-reply-main-integration/main-product-snapshot-01/main-kotlin.jar
[0.818s][info][class,load] com.android.purebilibili.core.network.policy.MergedAppFeedCookiePolicyKt source: file:/C:/Users/TONYS/Documents/Codex/2026-09-29/https-github-com-jay3-yy-bilipai/work/BiliPai/desktop/.local/dynamic-detail-reply-main-integration/main-product-snapshot-01/main-kotlin.jar
[0.819s][info][class,load] java.lang.invoke.LambdaForm$DMH/0x000000d5320fc000 source: __JVM_LookupDefineClass__
[0.819s][info][class,load] com.bilipai.desktop.data.DesktopSessionStore$$Lambda/0x000000d5320f8a90 source: com.bilipai.desktop.data.DesktopSessionStore
[0.819s][info][class,load] java.lang.invoke.LambdaForm$DMH/0x000000d5320fc400 source: __JVM_LookupDefineClass__
[0.820s][info][class,load] com.bilipai.desktop.data.DesktopSessionStore$$Lambda/0x000000d5320f8cb0 source: com.bilipai.desktop.data.DesktopSessionStore
[0.820s][info][class,load] okhttp3.Response$Builder source: file:/C:/Users/TONYS/Documents/Codex/2026-09-29/https-github-com-jay3-yy-bilipai/work/toolchain/gradle-home/caches/modules-2/files-2.1/com.squareup.okhttp3/okhttp-jvm/5.3.2/f31e8de27feebe1e56d6c9d354a0986b65be0e1d/okhttp-jvm-5.3.2.jar
[0.820s][info][class,load] okhttp3.ResponseBody$Companion source: file:/C:/Users/TONYS/Documents/Codex/2026-09-29/https-github-com-jay3-yy-bilipai/work/toolchain/gradle-home/caches/modules-2/files-2.1/com.squareup.okhttp3/okhttp-jvm/5.3.2/f31e8de27feebe1e56d6c9d354a0986b65be0e1d/okhttp-jvm-5.3.2.jar
[0.821s][info][class,load] okio.internal.-ByteString source: file:/C:/Users/TONYS/Documents/Codex/2026-09-29/https-github-com-jay3-yy-bilipai/work/toolchain/gradle-home/caches/modules-2/files-2.1/com.squareup.okio/okio-jvm/3.17.0/a12d684ec0df9541b3869ae60a4a5257fd3613df/okio-jvm-3.17.0.jar
[0.821s][info][class,load] okhttp3.ResponseBody$Companion$asResponseBody$1 source: file:/C:/Users/TONYS/Documents/Codex/2026-09-29/https-github-com-jay3-yy-bilipai/work/toolchain/gradle-home/caches/modules-2/files-2.1/com.squareup.okhttp3/okhttp-jvm/5.3.2/f31e8de27feebe1e56d6c9d354a0986b65be0e1d/okhttp-jvm-5.3.2.jar
[0.821s][info][class,load] okhttp3.TrailersSource source: file:/C:/Users/TONYS/Documents/Codex/2026-09-29/https-github-com-jay3-yy-bilipai/work/toolchain/gradle-home/caches/modules-2/files-2.1/com.squareup.okhttp3/okhttp-jvm/5.3.2/f31e8de27feebe1e56d6c9d354a0986b65be0e1d/okhttp-jvm-5.3.2.jar
[0.821s][info][class,load] okhttp3.TrailersSource$Companion source: file:/C:/Users/TONYS/Documents/Codex/2026-09-29/https-github-com-jay3-yy-bilipai/work/toolchain/gradle-home/caches/modules-2/files-2.1/com.squareup.okhttp3/okhttp-jvm/5.3.2/f31e8de27feebe1e56d6c9d354a0986b65be0e1d/okhttp-jvm-5.3.2.jar
[0.821s][info][class,load] okhttp3.TrailersSource$Companion$EMPTY$1 source: file:/C:/Users/TONYS/Documents/Codex/2026-09-29/https-github-com-jay3-yy-bilipai/work/toolchain/gradle-home/caches/modules-2/files-2.1/com.squareup.okhttp3/okhttp-jvm/5.3.2/f31e8de27feebe1e56d6c9d354a0986b65be0e1d/okhttp-jvm-5.3.2.jar
[0.822s][info][class,load] retrofit2.OkHttpCall$ExceptionCatchingResponseBody source: file:/C:/Users/TONYS/Documents/Codex/2026-09-29/https-github-com-jay3-yy-bilipai/work/toolchain/gradle-home/caches/modules-2/files-2.1/com.squareup.retrofit2/retrofit/3.0.0/c0cdf6d243c5187732134129fda05a74f9197874/retrofit-3.0.0.jar
[0.822s][info][class,load] okio.ForwardingSource source: file:/C:/Users/TONYS/Documents/Codex/2026-09-29/https-github-com-jay3-yy-bilipai/work/toolchain/gradle-home/caches/modules-2/files-2.1/com.squareup.okio/okio-jvm/3.17.0/a12d684ec0df9541b3869ae60a4a5257fd3613df/okio-jvm-3.17.0.jar
[0.822s][info][class,load] retrofit2.OkHttpCall$ExceptionCatchingResponseBody$1 source: file:/C:/Users/TONYS/Documents/Codex/2026-09-29/https-github-com-jay3-yy-bilipai/work/toolchain/gradle-home/caches/modules-2/files-2.1/com.squareup.retrofit2/retrofit/3.0.0/c0cdf6d243c5187732134129fda05a74f9197874/retrofit-3.0.0.jar
[0.822s][info][class,load] okio.Okio source: file:/C:/Users/TONYS/Documents/Codex/2026-09-29/https-github-com-jay3-yy-bilipai/work/toolchain/gradle-home/caches/modules-2/files-2.1/com.squareup.okio/okio-jvm/3.17.0/a12d684ec0df9541b3869ae60a4a5257fd3613df/okio-jvm-3.17.0.jar
[0.822s][info][class,load] okio.Okio__OkioKt source: file:/C:/Users/TONYS/Documents/Codex/2026-09-29/https-github-com-jay3-yy-bilipai/work/toolchain/gradle-home/caches/modules-2/files-2.1/com.squareup.okio/okio-jvm/3.17.0/a12d684ec0df9541b3869ae60a4a5257fd3613df/okio-jvm-3.17.0.jar
[0.823s][info][class,load] okio.RealBufferedSource source: file:/C:/Users/TONYS/Documents/Codex/2026-09-29/https-github-com-jay3-yy-bilipai/work/toolchain/gradle-home/caches/modules-2/files-2.1/com.squareup.okio/okio-jvm/3.17.0/a12d684ec0df9541b3869ae60a4a5257fd3613df/okio-jvm-3.17.0.jar
[0.823s][info][class,load] okhttp3.internal.Internal source: file:/C:/Users/TONYS/Documents/Codex/2026-09-29/https-github-com-jay3-yy-bilipai/work/toolchain/gradle-home/caches/modules-2/files-2.1/com.squareup.okhttp3/okhttp-jvm/5.3.2/f31e8de27feebe1e56d6c9d354a0986b65be0e1d/okhttp-jvm-5.3.2.jar
[0.824s][info][class,load] okio.internal.-Buffer source: file:/C:/Users/TONYS/Documents/Codex/2026-09-29/https-github-com-jay3-yy-bilipai/work/toolchain/gradle-home/caches/modules-2/files-2.1/com.squareup.okio/okio-jvm/3.17.0/a12d684ec0df9541b3869ae60a4a5257fd3613df/okio-jvm-3.17.0.jar
[0.824s][info][class,load] kotlinx.serialization.json.internal.StringJsonLexerKt source: file:/C:/Users/TONYS/Documents/Codex/2026-09-29/https-github-com-jay3-yy-bilipai/work/toolchain/gradle-home/caches/modules-2/files-2.1/org.jetbrains.kotlinx/kotlinx-serialization-json-jvm/1.11.0/e7e045e99e56f07599bb9ccb708c2190e2af0606/kotlinx-serialization-json-jvm-1.11.0.jar
[0.825s][info][class,load] kotlinx.serialization.json.internal.AbstractJsonLexer source: file:/C:/Users/TONYS/Documents/Codex/2026-09-29/https-github-com-jay3-yy-bilipai/work/toolchain/gradle-home/caches/modules-2/files-2.1/org.jetbrains.kotlinx/kotlinx-serialization-json-jvm/1.11.0/e7e045e99e56f07599bb9ccb708c2190e2af0606/kotlinx-serialization-json-jvm-1.11.0.jar
[0.825s][info][class,load] kotlinx.serialization.json.internal.StringJsonLexer source: file:/C:/Users/TONYS/Documents/Codex/2026-09-29/https-github-com-jay3-yy-bilipai/work/toolchain/gradle-home/caches/modules-2/files-2.1/org.jetbrains.kotlinx/kotlinx-serialization-json-jvm/1.11.0/e7e045e99e56f07599bb9ccb708c2190e2af0606/kotlinx-serialization-json-jvm-1.11.0.jar
[0.825s][info][class,load] kotlinx.serialization.json.JsonException source: file:/C:/Users/TONYS/Documents/Codex/2026-09-29/https-github-com-jay3-yy-bilipai/work/toolchain/gradle-home/caches/modules-2/files-2.1/org.jetbrains.kotlinx/kotlinx-serialization-json-jvm/1.11.0/e7e045e99e56f07599bb9ccb708c2190e2af0606/kotlinx-serialization-json-jvm-1.11.0.jar
[0.825s][info][class,load] kotlinx.serialization.json.JsonDecodingException source: file:/C:/Users/TONYS/Documents/Codex/2026-09-29/https-github-com-jay3-yy-bilipai/work/toolchain/gradle-home/caches/modules-2/files-2.1/org.jetbrains.kotlinx/kotlinx-serialization-json-jvm/1.11.0/e7e045e99e56f07599bb9ccb708c2190e2af0606/kotlinx-serialization-json-jvm-1.11.0.jar
[0.826s][info][class,load] kotlinx.serialization.json.internal.JsonPath source: file:/C:/Users/TONYS/Documents/Codex/2026-09-29/https-github-com-jay3-yy-bilipai/work/toolchain/gradle-home/caches/modules-2/files-2.1/org.jetbrains.kotlinx/kotlinx-serialization-json-jvm/1.11.0/e7e045e99e56f07599bb9ccb708c2190e2af0606/kotlinx-serialization-json-jvm-1.11.0.jar
[0.826s][info][class,load] kotlinx.serialization.encoding.Decoder source: file:/C:/Users/TONYS/Documents/Codex/2026-09-29/https-github-com-jay3-yy-bilipai/work/toolchain/gradle-home/caches/modules-2/files-2.1/org.jetbrains.kotlinx/kotlinx-serialization-core-jvm/1.11.0/c1905c9bf7452b045d5af9248835abe64ddad6bf/kotlinx-serialization-core-jvm-1.11.0.jar
[0.827s][info][class,load] kotlinx.serialization.encoding.CompositeDecoder source: file:/C:/Users/TONYS/Documents/Codex/2026-09-29/https-github-com-jay3-yy-bilipai/work/toolchain/gradle-home/caches/modules-2/files-2.1/org.jetbrains.kotlinx/kotlinx-serialization-core-jvm/1.11.0/c1905c9bf7452b045d5af9248835abe64ddad6bf/kotlinx-serialization-core-jvm-1.11.0.jar
[0.827s][info][class,load] kotlinx.serialization.json.JsonDecoder source: file:/C:/Users/TONYS/Documents/Codex/2026-09-29/https-github-com-jay3-yy-bilipai/work/toolchain/gradle-home/caches/modules-2/files-2.1/org.jetbrains.kotlinx/kotlinx-serialization-json-jvm/1.11.0/e7e045e99e56f07599bb9ccb708c2190e2af0606/kotlinx-serialization-json-jvm-1.11.0.jar
[0.827s][info][class,load] kotlinx.serialization.encoding.ChunkedDecoder source: file:/C:/Users/TONYS/Documents/Codex/2026-09-29/https-github-com-jay3-yy-bilipai/work/toolchain/gradle-home/caches/modules-2/files-2.1/org.jetbrains.kotlinx/kotlinx-serialization-core-jvm/1.11.0/c1905c9bf7452b045d5af9248835abe64ddad6bf/kotlinx-serialization-core-jvm-1.11.0.jar
[0.827s][info][class,load] kotlinx.serialization.encoding.AbstractDecoder source: file:/C:/Users/TONYS/Documents/Codex/2026-09-29/https-github-com-jay3-yy-bilipai/work/toolchain/gradle-home/caches/modules-2/files-2.1/org.jetbrains.kotlinx/kotlinx-serialization-core-jvm/1.11.0/c1905c9bf7452b045d5af9248835abe64ddad6bf/kotlinx-serialization-core-jvm-1.11.0.jar
[0.827s][info][class,load] kotlinx.serialization.json.internal.StreamingJsonDecoder source: file:/C:/Users/TONYS/Documents/Codex/2026-09-29/https-github-com-jay3-yy-bilipai/work/toolchain/gradle-home/caches/modules-2/files-2.1/org.jetbrains.kotlinx/kotlinx-serialization-json-jvm/1.11.0/e7e045e99e56f07599bb9ccb708c2190e2af0606/kotlinx-serialization-json-jvm-1.11.0.jar
[0.827s][info][class,load] kotlinx.serialization.MissingFieldException source: file:/C:/Users/TONYS/Documents/Codex/2026-09-29/https-github-com-jay3-yy-bilipai/work/toolchain/gradle-home/caches/modules-2/files-2.1/org.jetbrains.kotlinx/kotlinx-serialization-core-jvm/1.11.0/c1905c9bf7452b045d5af9248835abe64ddad6bf/kotlinx-serialization-core-jvm-1.11.0.jar
[0.828s][info][class,load] kotlinx.serialization.encoding.CompositeDecoder$Companion source: file:/C:/Users/TONYS/Documents/Codex/2026-09-29/https-github-com-jay3-yy-bilipai/work/toolchain/gradle-home/caches/modules-2/files-2.1/org.jetbrains.kotlinx/kotlinx-serialization-core-jvm/1.11.0/c1905c9bf7452b045d5af9248835abe64ddad6bf/kotlinx-serialization-core-jvm-1.11.0.jar
[0.828s][info][class,load] kotlinx.serialization.json.internal.WriteMode source: file:/C:/Users/TONYS/Documents/Codex/2026-09-29/https-github-com-jay3-yy-bilipai/work/toolchain/gradle-home/caches/modules-2/files-2.1/org.jetbrains.kotlinx/kotlinx-serialization-json-jvm/1.11.0/e7e045e99e56f07599bb9ccb708c2190e2af0606/kotlinx-serialization-json-jvm-1.11.0.jar
[0.828s][info][class,load] kotlinx.serialization.internal.AbstractPolymorphicSerializer source: file:/C:/Users/TONYS/Documents/Codex/2026-09-29/https-github-com-jay3-yy-bilipai/work/toolchain/gradle-home/caches/modules-2/files-2.1/org.jetbrains.kotlinx/kotlinx-serialization-core-jvm/1.11.0/c1905c9bf7452b045d5af9248835abe64ddad6bf/kotlinx-serialization-core-jvm-1.11.0.jar
[0.828s][info][class,load] kotlinx.serialization.json.internal.WriteModeKt source: file:/C:/Users/TONYS/Documents/Codex/2026-09-29/https-github-com-jay3-yy-bilipai/work/toolchain/gradle-home/caches/modules-2/files-2.1/org.jetbrains.kotlinx/kotlinx-serialization-json-jvm/1.11.0/e7e045e99e56f07599bb9ccb708c2190e2af0606/kotlinx-serialization-json-jvm-1.11.0.jar
[0.828s][info][class,load] kotlinx.serialization.json.JsonEncodingException source: file:/C:/Users/TONYS/Documents/Codex/2026-09-29/https-github-com-jay3-yy-bilipai/work/toolchain/gradle-home/caches/modules-2/files-2.1/org.jetbrains.kotlinx/kotlinx-serialization-json-jvm/1.11.0/e7e045e99e56f07599bb9ccb708c2190e2af0606/kotlinx-serialization-json-jvm-1.11.0.jar
[0.829s][info][class,load] kotlinx.serialization.descriptors.SerialKind source: file:/C:/Users/TONYS/Documents/Codex/2026-09-29/https-github-com-jay3-yy-bilipai/work/toolchain/gradle-home/caches/modules-2/files-2.1/org.jetbrains.kotlinx/kotlinx-serialization-core-jvm/1.11.0/c1905c9bf7452b045d5af9248835abe64ddad6bf/kotlinx-serialization-core-jvm-1.11.0.jar
[0.829s][info][class,load] kotlinx.serialization.descriptors.StructureKind source: file:/C:/Users/TONYS/Documents/Codex/2026-09-29/https-github-com-jay3-yy-bilipai/work/toolchain/gradle-home/caches/modules-2/files-2.1/org.jetbrains.kotlinx/kotlinx-serialization-core-jvm/1.11.0/c1905c9bf7452b045d5af9248835abe64ddad6bf/kotlinx-serialization-core-jvm-1.11.0.jar
[0.829s][info][class,load] kotlinx.serialization.descriptors.StructureKind$CLASS source: file:/C:/Users/TONYS/Documents/Codex/2026-09-29/https-github-com-jay3-yy-bilipai/work/toolchain/gradle-home/caches/modules-2/files-2.1/org.jetbrains.kotlinx/kotlinx-serialization-core-jvm/1.11.0/c1905c9bf7452b045d5af9248835abe64ddad6bf/kotlinx-serialization-core-jvm-1.11.0.jar
[0.829s][info][class,load] kotlinx.serialization.descriptors.PolymorphicKind source: file:/C:/Users/TONYS/Documents/Codex/2026-09-29/https-github-com-jay3-yy-bilipai/work/toolchain/gradle-home/caches/modules-2/files-2.1/org.jetbrains.kotlinx/kotlinx-serialization-core-jvm/1.11.0/c1905c9bf7452b045d5af9248835abe64ddad6bf/kotlinx-serialization-core-jvm-1.11.0.jar
[0.829s][info][class,load] kotlinx.serialization.descriptors.StructureKind$LIST source: file:/C:/Users/TONYS/Documents/Codex/2026-09-29/https-github-com-jay3-yy-bilipai/work/toolchain/gradle-home/caches/modules-2/files-2.1/org.jetbrains.kotlinx/kotlinx-serialization-core-jvm/1.11.0/c1905c9bf7452b045d5af9248835abe64ddad6bf/kotlinx-serialization-core-jvm-1.11.0.jar
[0.829s][info][class,load] kotlinx.serialization.descriptors.StructureKind$MAP source: file:/C:/Users/TONYS/Documents/Codex/2026-09-29/https-github-com-jay3-yy-bilipai/work/toolchain/gradle-home/caches/modules-2/files-2.1/org.jetbrains.kotlinx/kotlinx-serialization-core-jvm/1.11.0/c1905c9bf7452b045d5af9248835abe64ddad6bf/kotlinx-serialization-core-jvm-1.11.0.jar
[0.829s][info][class,load] kotlinx.serialization.json.internal.AbstractJsonLexerKt source: file:/C:/Users/TONYS/Documents/Codex/2026-09-29/https-github-com-jay3-yy-bilipai/work/toolchain/gradle-home/caches/modules-2/files-2.1/org.jetbrains.kotlinx/kotlinx-serialization-json-jvm/1.11.0/e7e045e99e56f07599bb9ccb708c2190e2af0606/kotlinx-serialization-json-jvm-1.11.0.jar
[0.829s][info][class,load] kotlinx.serialization.json.internal.CharMappings source: file:/C:/Users/TONYS/Documents/Codex/2026-09-29/https-github-com-jay3-yy-bilipai/work/toolchain/gradle-home/caches/modules-2/files-2.1/org.jetbrains.kotlinx/kotlinx-serialization-json-jvm/1.11.0/e7e045e99e56f07599bb9ccb708c2190e2af0606/kotlinx-serialization-json-jvm-1.11.0.jar
[0.830s][info][class,load] kotlinx.serialization.json.internal.StreamingJsonDecoder$WhenMappings source: file:/C:/Users/TONYS/Documents/Codex/2026-09-29/https-github-com-jay3-yy-bilipai/work/toolchain/gradle-home/caches/modules-2/files-2.1/org.jetbrains.kotlinx/kotlinx-serialization-json-jvm/1.11.0/e7e045e99e56f07599bb9ccb708c2190e2af0606/kotlinx-serialization-json-jvm-1.11.0.jar
[0.830s][info][class,load] kotlinx.serialization.json.internal.JsonNamesMapKt source: file:/C:/Users/TONYS/Documents/Codex/2026-09-29/https-github-com-jay3-yy-bilipai/work/toolchain/gradle-home/caches/modules-2/files-2.1/org.jetbrains.kotlinx/kotlinx-serialization-json-jvm/1.11.0/e7e045e99e56f07599bb9ccb708c2190e2af0606/kotlinx-serialization-json-jvm-1.11.0.jar
[0.830s][info][class,load] kotlinx.serialization.json.internal.DescriptorSchemaCache$Key source: file:/C:/Users/TONYS/Documents/Codex/2026-09-29/https-github-com-jay3-yy-bilipai/work/toolchain/gradle-home/caches/modules-2/files-2.1/org.jetbrains.kotlinx/kotlinx-serialization-json-jvm/1.11.0/e7e045e99e56f07599bb9ccb708c2190e2af0606/kotlinx-serialization-json-jvm-1.11.0.jar
[0.830s][info][class,load] com.android.purebilibili.data.model.response.ReplyCountData$$serializer source: file:/C:/Users/TONYS/Documents/Codex/2026-09-29/https-github-com-jay3-yy-bilipai/work/BiliPai/desktop/.local/dynamic-detail-reply-main-integration/main-product-snapshot-01/main-kotlin.jar
[0.831s][info][class,load] com.android.purebilibili.data.model.response.ReplyCountData$Companion source: file:/C:/Users/TONYS/Documents/Codex/2026-09-29/https-github-com-jay3-yy-bilipai/work/BiliPai/desktop/.local/dynamic-detail-reply-main-integration/main-product-snapshot-01/main-kotlin.jar
[0.831s][info][class,load] kotlinx.coroutines.CompletedContinuation source: file:/C:/Users/TONYS/Documents/Codex/2026-09-29/https-github-com-jay3-yy-bilipai/work/toolchain/gradle-home/caches/modules-2/files-2.1/org.jetbrains.kotlinx/kotlinx-coroutines-core-jvm/1.10.2/4a9f78ef49483748e2c129f3d124b8fa249dafbf/kotlinx-coroutines-core-jvm-1.10.2.jar
[0.831s][info][class,load] kotlin.coroutines.jvm.internal.CompletedContinuation source: file:/C:/Users/TONYS/Documents/Codex/2026-09-29/https-github-com-jay3-yy-bilipai/work/toolchain/gradle-home/caches/modules-2/files-2.1/org.jetbrains.kotlin/kotlin-stdlib/2.4.10/8943c84ddc6d5cc00a10dbc3736c397066eeaab5/kotlin-stdlib-2.4.10.jar
[0.832s][info][class,load] java.util.concurrent.ThreadLocalRandom source: shared objects file
[0.832s][info][class,load] jdk.internal.util.random.RandomSupport source: shared objects file
[0.832s][info][class,load] kotlin.test.AssertionsKt source: file:/C:/Users/TONYS/Documents/Codex/2026-09-29/https-github-com-jay3-yy-bilipai/work/toolchain/gradle-home/caches/modules-2/files-2.1/org.jetbrains.kotlin/kotlin-test/2.4.0/c9a0c254adade886172cb021c0b099d8be1a5fc4/kotlin-test-2.4.0.jar
[0.833s][info][class,load] kotlin.test.AssertionsKt__AssertionsKt source: file:/C:/Users/TONYS/Documents/Codex/2026-09-29/https-github-com-jay3-yy-bilipai/work/toolchain/gradle-home/caches/modules-2/files-2.1/org.jetbrains.kotlin/kotlin-test/2.4.0/c9a0c254adade886172cb021c0b099d8be1a5fc4/kotlin-test-2.4.0.jar
[0.834s][info][class,load] kotlin.test.AsserterLookupKt source: file:/C:/Users/TONYS/Documents/Codex/2026-09-29/https-github-com-jay3-yy-bilipai/work/toolchain/gradle-home/caches/modules-2/files-2.1/org.jetbrains.kotlin/kotlin-test/2.4.0/c9a0c254adade886172cb021c0b099d8be1a5fc4/kotlin-test-2.4.0.jar
[0.834s][info][class,load] kotlin.test.AsserterContributor source: file:/C:/Users/TONYS/Documents/Codex/2026-09-29/https-github-com-jay3-yy-bilipai/work/toolchain/gradle-home/caches/modules-2/files-2.1/org.jetbrains.kotlin/kotlin-test/2.4.0/c9a0c254adade886172cb021c0b099d8be1a5fc4/kotlin-test-2.4.0.jar
[0.834s][info][class,load] kotlin.test.Asserter source: file:/C:/Users/TONYS/Documents/Codex/2026-09-29/https-github-com-jay3-yy-bilipai/work/toolchain/gradle-home/caches/modules-2/files-2.1/org.jetbrains.kotlin/kotlin-test/2.4.0/c9a0c254adade886172cb021c0b099d8be1a5fc4/kotlin-test-2.4.0.jar
[0.834s][info][class,load] kotlin.test.DefaultAsserter source: file:/C:/Users/TONYS/Documents/Codex/2026-09-29/https-github-com-jay3-yy-bilipai/work/toolchain/gradle-home/caches/modules-2/files-2.1/org.jetbrains.kotlin/kotlin-test/2.4.0/c9a0c254adade886172cb021c0b099d8be1a5fc4/kotlin-test-2.4.0.jar
[0.835s][info][class,load] kotlin.test.Asserter$$Lambda/0x000000d532101968 source: kotlin.test.Asserter
[0.836s][info][class,load] com.android.purebilibili.data.repository.DesktopOriginalCommentReadAccessPolicyKt source: file:/C:/Users/TONYS/Documents/Codex/2026-09-29/https-github-com-jay3-yy-bilipai/work/BiliPai/desktop/.local/dynamic-detail-reply-main-integration/main-product-snapshot-01/main-kotlin.jar
[0.837s][info][class,load] kotlinx.coroutines.internal.LockFreeLinkedListHead source: file:/C:/Users/TONYS/Documents/Codex/2026-09-29/https-github-com-jay3-yy-bilipai/work/toolchain/gradle-home/caches/modules-2/files-2.1/org.jetbrains.kotlinx/kotlinx-coroutines-core-jvm/1.10.2/4a9f78ef49483748e2c129f3d124b8fa249dafbf/kotlinx-coroutines-core-jvm-1.10.2.jar
[0.837s][info][class,load] kotlinx.coroutines.NodeList source: file:/C:/Users/TONYS/Documents/Codex/2026-09-29/https-github-com-jay3-yy-bilipai/work/toolchain/gradle-home/caches/modules-2/files-2.1/org.jetbrains.kotlinx/kotlinx-coroutines-core-jvm/1.10.2/4a9f78ef49483748e2c129f3d124b8fa249dafbf/kotlinx-coroutines-core-jvm-1.10.2.jar
[0.837s][info][class,load] kotlinx.coroutines.JobSupport$Finishing source: file:/C:/Users/TONYS/Documents/Codex/2026-09-29/https-github-com-jay3-yy-bilipai/work/toolchain/gradle-home/caches/modules-2/files-2.1/org.jetbrains.kotlinx/kotlinx-coroutines-core-jvm/1.10.2/4a9f78ef49483748e2c129f3d124b8fa249dafbf/kotlinx-coroutines-core-jvm-1.10.2.jar
[0.837s][info][class,load] kotlinx.coroutines.internal.ListClosed source: file:/C:/Users/TONYS/Documents/Codex/2026-09-29/https-github-com-jay3-yy-bilipai/work/toolchain/gradle-home/caches/modules-2/files-2.1/org.jetbrains.kotlinx/kotlinx-coroutines-core-jvm/1.10.2/4a9f78ef49483748e2c129f3d124b8fa249dafbf/kotlinx-coroutines-core-jvm-1.10.2.jar
[0.837s][info][class,load] kotlinx.coroutines.internal.Removed source: file:/C:/Users/TONYS/Documents/Codex/2026-09-29/https-github-com-jay3-yy-bilipai/work/toolchain/gradle-home/caches/modules-2/files-2.1/org.jetbrains.kotlinx/kotlinx-coroutines-core-jvm/1.10.2/4a9f78ef49483748e2c129f3d124b8fa249dafbf/kotlinx-coroutines-core-jvm-1.10.2.jar
[0.838s][info][class,load] kotlin.test.Asserter$$Lambda/0x000000d532102858 source: kotlin.test.Asserter
[0.838s][info][class,load] com.bilipai.desktop.data.RawReplyParserFixtureKt source: file:/C:/Users/TONYS/Documents/Codex/2026-09-29/https-github-com-jay3-yy-bilipai/work/BiliPai/desktop/.local/dynamic-detail-reply-main-integration/protocol-session-proof03/reply-protocol-fixture-only.jar
[0.839s][info][class,load] com.android.purebilibili.core.network.grpc.ProtoWire source: file:/C:/Users/TONYS/Documents/Codex/2026-09-29/https-github-com-jay3-yy-bilipai/work/BiliPai/desktop/.local/dynamic-detail-reply-main-integration/main-product-snapshot-01/main-kotlin.jar
[0.839s][info][class,load] kotlin.io.CloseableKt source: file:/C:/Users/TONYS/Documents/Codex/2026-09-29/https-github-com-jay3-yy-bilipai/work/toolchain/gradle-home/caches/modules-2/files-2.1/org.jetbrains.kotlin/kotlin-stdlib/2.4.10/8943c84ddc6d5cc00a10dbc3736c397066eeaab5/kotlin-stdlib-2.4.10.jar
[0.840s][info][class,load] com.android.purebilibili.data.model.response.ReplyCursor source: file:/C:/Users/TONYS/Documents/Codex/2026-09-29/https-github-com-jay3-yy-bilipai/work/BiliPai/desktop/.local/dynamic-detail-reply-main-integration/main-product-snapshot-01/main-kotlin.jar
[0.840s][info][class,load] com.android.purebilibili.data.model.response.ReplyCursor$Companion source: file:/C:/Users/TONYS/Documents/Codex/2026-09-29/https-github-com-jay3-yy-bilipai/work/BiliPai/desktop/.local/dynamic-detail-reply-main-integration/main-product-snapshot-01/main-kotlin.jar
[0.840s][info][class,load] com.android.purebilibili.data.repository.DesktopDynamicCommentGrpc$GrpcSubjectControl source: file:/C:/Users/TONYS/Documents/Codex/2026-09-29/https-github-com-jay3-yy-bilipai/work/BiliPai/desktop/.local/dynamic-detail-reply-main-integration/main-product-snapshot-01/main-kotlin.jar
[0.841s][info][class,load] com.android.purebilibili.core.network.grpc.ProtoWire$Reader source: file:/C:/Users/TONYS/Documents/Codex/2026-09-29/https-github-com-jay3-yy-bilipai/work/BiliPai/desktop/.local/dynamic-detail-reply-main-integration/main-product-snapshot-01/main-kotlin.jar
[0.841s][info][class,load] com.android.purebilibili.core.network.grpc.ProtoWire$Field source: file:/C:/Users/TONYS/Documents/Codex/2026-09-29/https-github-com-jay3-yy-bilipai/work/BiliPai/desktop/.local/dynamic-detail-reply-main-integration/main-product-snapshot-01/main-kotlin.jar
[0.842s][info][class,load] com.android.purebilibili.data.model.response.ReplyContent source: file:/C:/Users/TONYS/Documents/Codex/2026-09-29/https-github-com-jay3-yy-bilipai/work/BiliPai/desktop/.local/dynamic-detail-reply-main-integration/main-product-snapshot-01/main-kotlin.jar
[0.842s][info][class,load] com.android.purebilibili.data.model.response.ReplyContent$Companion source: file:/C:/Users/TONYS/Documents/Codex/2026-09-29/https-github-com-jay3-yy-bilipai/work/BiliPai/desktop/.local/dynamic-detail-reply-main-integration/main-product-snapshot-01/main-kotlin.jar
[0.842s][info][class,load] com.android.purebilibili.data.model.response.ReplyContent$$Lambda/0x000000d532103ef8 source: com.android.purebilibili.data.model.response.ReplyContent
[0.842s][info][class,load] com.android.purebilibili.data.model.response.ReplyContent$$Lambda/0x000000d532104118 source: com.android.purebilibili.data.model.response.ReplyContent
[0.843s][info][class,load] com.android.purebilibili.data.model.response.ReplyContent$$Lambda/0x000000d532104338 source: com.android.purebilibili.data.model.response.ReplyContent
[0.843s][info][class,load] com.android.purebilibili.data.model.response.ReplyContent$$Lambda/0x000000d532104558 source: com.android.purebilibili.data.model.response.ReplyContent
[0.843s][info][class,load] com.android.purebilibili.data.model.response.ReplyContent$$Lambda/0x000000d532104778 source: com.android.purebilibili.data.model.response.ReplyContent
[0.844s][info][class,load] com.android.purebilibili.data.model.response.ReplyRichText source: file:/C:/Users/TONYS/Documents/Codex/2026-09-29/https-github-com-jay3-yy-bilipai/work/BiliPai/desktop/.local/dynamic-detail-reply-main-integration/main-product-snapshot-01/main-kotlin.jar
[0.844s][info][class,load] com.android.purebilibili.data.model.response.ReplyRichText$Companion source: file:/C:/Users/TONYS/Documents/Codex/2026-09-29/https-github-com-jay3-yy-bilipai/work/BiliPai/desktop/.local/dynamic-detail-reply-main-integration/main-product-snapshot-01/main-kotlin.jar
[0.844s][info][class,load] com.android.purebilibili.data.model.response.ReplyMember source: file:/C:/Users/TONYS/Documents/Codex/2026-09-29/https-github-com-jay3-yy-bilipai/work/BiliPai/desktop/.local/dynamic-detail-reply-main-integration/main-product-snapshot-01/main-kotlin.jar
[0.845s][info][class,load] com.android.purebilibili.data.model.response.ReplyMember$Companion source: file:/C:/Users/TONYS/Documents/Codex/2026-09-29/https-github-com-jay3-yy-bilipai/work/BiliPai/desktop/.local/dynamic-detail-reply-main-integration/main-product-snapshot-01/main-kotlin.jar
[0.845s][info][class,load] com.android.purebilibili.data.model.response.OfficialVerify source: file:/C:/Users/TONYS/Documents/Codex/2026-09-29/https-github-com-jay3-yy-bilipai/work/BiliPai/desktop/.local/dynamic-detail-reply-main-integration/main-product-snapshot-01/main-kotlin.jar
[0.845s][info][class,load] com.android.purebilibili.data.model.response.OfficialVerify$Companion source: file:/C:/Users/TONYS/Documents/Codex/2026-09-29/https-github-com-jay3-yy-bilipai/work/BiliPai/desktop/.local/dynamic-detail-reply-main-integration/main-product-snapshot-01/main-kotlin.jar
[0.845s][info][class,load] com.android.purebilibili.data.model.response.ReplyLevelInfo source: file:/C:/Users/TONYS/Documents/Codex/2026-09-29/https-github-com-jay3-yy-bilipai/work/BiliPai/desktop/.local/dynamic-detail-reply-main-integration/main-product-snapshot-01/main-kotlin.jar
[0.845s][info][class,load] com.android.purebilibili.data.model.response.ReplyLevelInfo$Companion source: file:/C:/Users/TONYS/Documents/Codex/2026-09-29/https-github-com-jay3-yy-bilipai/work/BiliPai/desktop/.local/dynamic-detail-reply-main-integration/main-product-snapshot-01/main-kotlin.jar
[0.845s][info][class,load] com.android.purebilibili.data.repository.DesktopDynamicCommentGrpc$GrpcReplyControl source: file:/C:/Users/TONYS/Documents/Codex/2026-09-29/https-github-com-jay3-yy-bilipai/work/BiliPai/desktop/.local/dynamic-detail-reply-main-integration/main-product-snapshot-01/main-kotlin.jar
[0.846s][info][class,load] com.android.purebilibili.data.model.response.ReplyControl source: file:/C:/Users/TONYS/Documents/Codex/2026-09-29/https-github-com-jay3-yy-bilipai/work/BiliPai/desktop/.local/dynamic-detail-reply-main-integration/main-product-snapshot-01/main-kotlin.jar
[0.846s][info][class,load] com.android.purebilibili.data.model.response.ReplyControl$Companion source: file:/C:/Users/TONYS/Documents/Codex/2026-09-29/https-github-com-jay3-yy-bilipai/work/BiliPai/desktop/.local/dynamic-detail-reply-main-integration/main-product-snapshot-01/main-kotlin.jar
[0.846s][info][class,load] com.android.purebilibili.core.util.HtmlEntityUtils source: file:/C:/Users/TONYS/Documents/Codex/2026-09-29/https-github-com-jay3-yy-bilipai/work/BiliPai/desktop/.local/dynamic-detail-reply-main-integration/main-product-snapshot-01/main-kotlin.jar
[0.847s][info][class,load] com.android.purebilibili.core.util.HtmlEntityUtils$$Lambda/0x000000d532106228 source: com.android.purebilibili.core.util.HtmlEntityUtils
[0.847s][info][class,load] com.android.purebilibili.data.repository.DesktopDynamicCommentGrpc$$Lambda/0x000000d532106448 source: com.android.purebilibili.data.repository.DesktopDynamicCommentGrpc
[0.847s][info][class,load] com.android.purebilibili.data.model.response.ReplyEmote source: file:/C:/Users/TONYS/Documents/Codex/2026-09-29/https-github-com-jay3-yy-bilipai/work/BiliPai/desktop/.local/dynamic-detail-reply-main-integration/main-product-snapshot-01/main-kotlin.jar
[0.848s][info][class,load] com.android.purebilibili.data.model.response.ReplyEmote$Companion source: file:/C:/Users/TONYS/Documents/Codex/2026-09-29/https-github-com-jay3-yy-bilipai/work/BiliPai/desktop/.local/dynamic-detail-reply-main-integration/main-product-snapshot-01/main-kotlin.jar
[0.848s][info][class,load] com.android.purebilibili.data.repository.DesktopDynamicCommentGrpc$$Lambda/0x000000d532106a90 source: com.android.purebilibili.data.repository.DesktopDynamicCommentGrpc
[0.848s][info][class,load] kotlinx.serialization.json.JsonElement source: file:/C:/Users/TONYS/Documents/Codex/2026-09-29/https-github-com-jay3-yy-bilipai/work/toolchain/gradle-home/caches/modules-2/files-2.1/org.jetbrains.kotlinx/kotlinx-serialization-json-jvm/1.11.0/e7e045e99e56f07599bb9ccb708c2190e2af0606/kotlinx-serialization-json-jvm-1.11.0.jar
[0.848s][info][class,load] kotlinx.serialization.json.JsonObject source: file:/C:/Users/TONYS/Documents/Codex/2026-09-29/https-github-com-jay3-yy-bilipai/work/toolchain/gradle-home/caches/modules-2/files-2.1/org.jetbrains.kotlinx/kotlinx-serialization-json-jvm/1.11.0/e7e045e99e56f07599bb9ccb708c2190e2af0606/kotlinx-serialization-json-jvm-1.11.0.jar
[0.848s][info][class,load] kotlinx.serialization.json.JsonElement$Companion source: file:/C:/Users/TONYS/Documents/Codex/2026-09-29/https-github-com-jay3-yy-bilipai/work/toolchain/gradle-home/caches/modules-2/files-2.1/org.jetbrains.kotlinx/kotlinx-serialization-json-jvm/1.11.0/e7e045e99e56f07599bb9ccb708c2190e2af0606/kotlinx-serialization-json-jvm-1.11.0.jar
[0.849s][info][class,load] kotlinx.serialization.json.JsonObject$Companion source: file:/C:/Users/TONYS/Documents/Codex/2026-09-29/https-github-com-jay3-yy-bilipai/work/toolchain/gradle-home/caches/modules-2/files-2.1/org.jetbrains.kotlinx/kotlinx-serialization-json-jvm/1.11.0/e7e045e99e56f07599bb9ccb708c2190e2af0606/kotlinx-serialization-json-jvm-1.11.0.jar
[0.849s][info][class,load] com.android.purebilibili.data.repository.DesktopDynamicCommentGrpc$$Lambda/0x000000d5321075c8 source: com.android.purebilibili.data.repository.DesktopDynamicCommentGrpc
[0.849s][info][class,load] com.android.purebilibili.data.model.response.ReplyContentUrl source: file:/C:/Users/TONYS/Documents/Codex/2026-09-29/https-github-com-jay3-yy-bilipai/work/BiliPai/desktop/.local/dynamic-detail-reply-main-integration/main-product-snapshot-01/main-kotlin.jar
[0.850s][info][class,load] com.android.purebilibili.data.model.response.ReplyContentUrl$Companion source: file:/C:/Users/TONYS/Documents/Codex/2026-09-29/https-github-com-jay3-yy-bilipai/work/BiliPai/desktop/.local/dynamic-detail-reply-main-integration/main-product-snapshot-01/main-kotlin.jar
[0.850s][info][class,load] com.android.purebilibili.data.model.response.ReplyVote source: file:/C:/Users/TONYS/Documents/Codex/2026-09-29/https-github-com-jay3-yy-bilipai/work/BiliPai/desktop/.local/dynamic-detail-reply-main-integration/main-product-snapshot-01/main-kotlin.jar
[0.850s][info][class,load] com.android.purebilibili.data.model.response.ReplyVote$Companion source: file:/C:/Users/TONYS/Documents/Codex/2026-09-29/https-github-com-jay3-yy-bilipai/work/BiliPai/desktop/.local/dynamic-detail-reply-main-integration/main-product-snapshot-01/main-kotlin.jar
[0.851s][info][class,load] java.lang.invoke.LambdaForm$DMH/0x000000d53210c000 source: __JVM_LookupDefineClass__
[0.851s][info][class,load] com.android.purebilibili.data.repository.DesktopDynamicCommentGrpc$$Lambda/0x000000d532108208 source: com.android.purebilibili.data.repository.DesktopDynamicCommentGrpc
[0.851s][info][class,load] com.android.purebilibili.data.model.response.ReplyRichTextNote source: file:/C:/Users/TONYS/Documents/Codex/2026-09-29/https-github-com-jay3-yy-bilipai/work/BiliPai/desktop/.local/dynamic-detail-reply-main-integration/main-product-snapshot-01/main-kotlin.jar
[0.851s][info][class,load] com.android.purebilibili.data.model.response.ReplyRichTextNote$Companion source: file:/C:/Users/TONYS/Documents/Codex/2026-09-29/https-github-com-jay3-yy-bilipai/work/BiliPai/desktop/.local/dynamic-detail-reply-main-integration/main-product-snapshot-01/main-kotlin.jar
[0.852s][info][class,load] com.android.purebilibili.data.model.response.ReplyRichTextNote$$Lambda/0x000000d532108848 source: com.android.purebilibili.data.model.response.ReplyRichTextNote
[0.852s][info][class,load] com.android.purebilibili.data.model.response.ReplyRichTextOpus source: file:/C:/Users/TONYS/Documents/Codex/2026-09-29/https-github-com-jay3-yy-bilipai/work/BiliPai/desktop/.local/dynamic-detail-reply-main-integration/main-product-snapshot-01/main-kotlin.jar
[0.852s][info][class,load] com.android.purebilibili.data.model.response.ReplyRichTextOpus$Companion source: file:/C:/Users/TONYS/Documents/Codex/2026-09-29/https-github-com-jay3-yy-bilipai/work/BiliPai/desktop/.local/dynamic-detail-reply-main-integration/main-product-snapshot-01/main-kotlin.jar
[0.852s][info][class,load] com.android.purebilibili.data.model.response.ReplyPicture source: file:/C:/Users/TONYS/Documents/Codex/2026-09-29/https-github-com-jay3-yy-bilipai/work/BiliPai/desktop/.local/dynamic-detail-reply-main-integration/main-product-snapshot-01/main-kotlin.jar
[0.853s][info][class,load] com.android.purebilibili.data.model.response.ReplyPicture$Companion source: file:/C:/Users/TONYS/Documents/Codex/2026-09-29/https-github-com-jay3-yy-bilipai/work/BiliPai/desktop/.local/dynamic-detail-reply-main-integration/main-product-snapshot-01/main-kotlin.jar
[0.853s][info][class,load] com.android.purebilibili.data.model.response.ReplyVipInfo source: file:/C:/Users/TONYS/Documents/Codex/2026-09-29/https-github-com-jay3-yy-bilipai/work/BiliPai/desktop/.local/dynamic-detail-reply-main-integration/main-product-snapshot-01/main-kotlin.jar
[0.853s][info][class,load] com.android.purebilibili.data.model.response.ReplyVipInfo$Companion source: file:/C:/Users/TONYS/Documents/Codex/2026-09-29/https-github-com-jay3-yy-bilipai/work/BiliPai/desktop/.local/dynamic-detail-reply-main-integration/main-product-snapshot-01/main-kotlin.jar
[0.853s][info][class,load] com.android.purebilibili.data.model.response.ReplySailingPendant source: file:/C:/Users/TONYS/Documents/Codex/2026-09-29/https-github-com-jay3-yy-bilipai/work/BiliPai/desktop/.local/dynamic-detail-reply-main-integration/main-product-snapshot-01/main-kotlin.jar
[0.853s][info][class,load] com.android.purebilibili.data.model.response.ReplySailingPendant$Companion source: file:/C:/Users/TONYS/Documents/Codex/2026-09-29/https-github-com-jay3-yy-bilipai/work/BiliPai/desktop/.local/dynamic-detail-reply-main-integration/main-product-snapshot-01/main-kotlin.jar
[0.854s][info][class,load] com.android.purebilibili.data.model.response.ReplyFansDetail source: file:/C:/Users/TONYS/Documents/Codex/2026-09-29/https-github-com-jay3-yy-bilipai/work/BiliPai/desktop/.local/dynamic-detail-reply-main-integration/main-product-snapshot-01/main-kotlin.jar
[0.854s][info][class,load] com.android.purebilibili.data.model.response.ReplyFansDetail$Companion source: file:/C:/Users/TONYS/Documents/Codex/2026-09-29/https-github-com-jay3-yy-bilipai/work/BiliPai/desktop/.local/dynamic-detail-reply-main-integration/main-product-snapshot-01/main-kotlin.jar
[0.854s][info][class,load] com.android.purebilibili.data.model.response.ReplyCardLabel source: file:/C:/Users/TONYS/Documents/Codex/2026-09-29/https-github-com-jay3-yy-bilipai/work/BiliPai/desktop/.local/dynamic-detail-reply-main-integration/main-product-snapshot-01/main-kotlin.jar
[0.856s][info][class,load] com.android.purebilibili.data.model.response.ReplyCardLabel$Companion source: file:/C:/Users/TONYS/Documents/Codex/2026-09-29/https-github-com-jay3-yy-bilipai/work/BiliPai/desktop/.local/dynamic-detail-reply-main-integration/main-product-snapshot-01/main-kotlin.jar
[0.856s][info][class,load] com.android.purebilibili.data.model.response.ReplyItem source: file:/C:/Users/TONYS/Documents/Codex/2026-09-29/https-github-com-jay3-yy-bilipai/work/BiliPai/desktop/.local/dynamic-detail-reply-main-integration/main-product-snapshot-01/main-kotlin.jar
[0.857s][info][class,load] com.android.purebilibili.data.model.response.ReplyItem$Companion source: file:/C:/Users/TONYS/Documents/Codex/2026-09-29/https-github-com-jay3-yy-bilipai/work/BiliPai/desktop/.local/dynamic-detail-reply-main-integration/main-product-snapshot-01/main-kotlin.jar
[0.857s][info][class,load] com.android.purebilibili.data.model.response.ReplyItem$$Lambda/0x000000d53210a708 source: com.android.purebilibili.data.model.response.ReplyItem
[0.857s][info][class,load] com.android.purebilibili.data.model.response.ReplyItem$$Lambda/0x000000d53210a928 source: com.android.purebilibili.data.model.response.ReplyItem
[0.859s][info][class,load] com.android.purebilibili.data.model.response.ReplyData source: file:/C:/Users/TONYS/Documents/Codex/2026-09-29/https-github-com-jay3-yy-bilipai/work/BiliPai/desktop/.local/dynamic-detail-reply-main-integration/main-product-snapshot-01/main-kotlin.jar
[0.860s][info][class,load] com.android.purebilibili.data.model.response.ReplyData$Companion source: file:/C:/Users/TONYS/Documents/Codex/2026-09-29/https-github-com-jay3-yy-bilipai/work/BiliPai/desktop/.local/dynamic-detail-reply-main-integration/main-product-snapshot-01/main-kotlin.jar
[0.860s][info][class,load] com.android.purebilibili.data.model.response.ReplyData$$Lambda/0x000000d53210af60 source: com.android.purebilibili.data.model.response.ReplyData
[0.860s][info][class,load] com.android.purebilibili.data.model.response.ReplyData$$Lambda/0x000000d53210b180 source: com.android.purebilibili.data.model.response.ReplyData
[0.860s][info][class,load] com.android.purebilibili.data.model.response.ReplyData$$Lambda/0x000000d53210b3a0 source: com.android.purebilibili.data.model.response.ReplyData
[0.860s][info][class,load] com.android.purebilibili.data.model.response.ReplyConfig source: file:/C:/Users/TONYS/Documents/Codex/2026-09-29/https-github-com-jay3-yy-bilipai/work/BiliPai/desktop/.local/dynamic-detail-reply-main-integration/main-product-snapshot-01/main-kotlin.jar
[0.860s][info][class,load] com.android.purebilibili.data.model.response.ReplyConfig$Companion source: file:/C:/Users/TONYS/Documents/Codex/2026-09-29/https-github-com-jay3-yy-bilipai/work/BiliPai/desktop/.local/dynamic-detail-reply-main-integration/main-product-snapshot-01/main-kotlin.jar
[0.861s][info][class,load] com.android.purebilibili.data.model.response.ReplyTop source: file:/C:/Users/TONYS/Documents/Codex/2026-09-29/https-github-com-jay3-yy-bilipai/work/BiliPai/desktop/.local/dynamic-detail-reply-main-integration/main-product-snapshot-01/main-kotlin.jar
[0.861s][info][class,load] com.android.purebilibili.data.model.response.ReplyTop$Companion source: file:/C:/Users/TONYS/Documents/Codex/2026-09-29/https-github-com-jay3-yy-bilipai/work/BiliPai/desktop/.local/dynamic-detail-reply-main-integration/main-product-snapshot-01/main-kotlin.jar
[0.861s][info][class,load] com.android.purebilibili.data.model.response.ReplyUpper source: file:/C:/Users/TONYS/Documents/Codex/2026-09-29/https-github-com-jay3-yy-bilipai/work/BiliPai/desktop/.local/dynamic-detail-reply-main-integration/main-product-snapshot-01/main-kotlin.jar
[0.861s][info][class,load] com.android.purebilibili.data.model.response.ReplyUpper$Companion source: file:/C:/Users/TONYS/Documents/Codex/2026-09-29/https-github-com-jay3-yy-bilipai/work/BiliPai/desktop/.local/dynamic-detail-reply-main-integration/main-product-snapshot-01/main-kotlin.jar
[0.861s][info][class,load] com.android.purebilibili.data.model.response.ReplyPageControl source: file:/C:/Users/TONYS/Documents/Codex/2026-09-29/https-github-com-jay3-yy-bilipai/work/BiliPai/desktop/.local/dynamic-detail-reply-main-integration/main-product-snapshot-01/main-kotlin.jar
[0.861s][info][class,load] com.android.purebilibili.data.model.response.ReplyPageControl$Companion source: file:/C:/Users/TONYS/Documents/Codex/2026-09-29/https-github-com-jay3-yy-bilipai/work/BiliPai/desktop/.local/dynamic-detail-reply-main-integration/main-product-snapshot-01/main-kotlin.jar
[0.865s][info][class,load] com.android.purebilibili.data.model.response.ReplyPage source: file:/C:/Users/TONYS/Documents/Codex/2026-09-29/https-github-com-jay3-yy-bilipai/work/BiliPai/desktop/.local/dynamic-detail-reply-main-integration/main-product-snapshot-01/main-kotlin.jar
[0.865s][info][class,load] com.android.purebilibili.data.model.response.ReplyPage$Companion source: file:/C:/Users/TONYS/Documents/Codex/2026-09-29/https-github-com-jay3-yy-bilipai/work/BiliPai/desktop/.local/dynamic-detail-reply-main-integration/main-product-snapshot-01/main-kotlin.jar
[0.865s][info][class,load] kotlin.collections.MapWithDefault source: file:/C:/Users/TONYS/Documents/Codex/2026-09-29/https-github-com-jay3-yy-bilipai/work/toolchain/gradle-home/caches/modules-2/files-2.1/org.jetbrains.kotlin/kotlin-stdlib/2.4.10/8943c84ddc6d5cc00a10dbc3736c397066eeaab5/kotlin-stdlib-2.4.10.jar
[0.865s][info][class,load] com.android.purebilibili.data.repository.DesktopDynamicCommentGrpc$getMainList$1 source: file:/C:/Users/TONYS/Documents/Codex/2026-09-29/https-github-com-jay3-yy-bilipai/work/BiliPai/desktop/.local/dynamic-detail-reply-main-integration/main-product-snapshot-01/main-kotlin.jar
[0.866s][info][class,load] com.android.purebilibili.data.repository.DesktopDynamicCommentGrpc$request$1 source: file:/C:/Users/TONYS/Documents/Codex/2026-09-29/https-github-com-jay3-yy-bilipai/work/BiliPai/desktop/.local/dynamic-detail-reply-main-integration/main-product-snapshot-01/main-kotlin.jar
[0.866s][info][class,load] okhttp3.RequestBody$Companion source: file:/C:/Users/TONYS/Documents/Codex/2026-09-29/https-github-com-jay3-yy-bilipai/work/toolchain/gradle-home/caches/modules-2/files-2.1/com.squareup.okhttp3/okhttp-jvm/5.3.2/f31e8de27feebe1e56d6c9d354a0986b65be0e1d/okhttp-jvm-5.3.2.jar
[0.867s][info][class,load] okhttp3.RequestBody$Companion$toRequestBody$1 source: file:/C:/Users/TONYS/Documents/Codex/2026-09-29/https-github-com-jay3-yy-bilipai/work/toolchain/gradle-home/caches/modules-2/files-2.1/com.squareup.okhttp3/okhttp-jvm/5.3.2/f31e8de27feebe1e56d6c9d354a0986b65be0e1d/okhttp-jvm-5.3.2.jar
[0.867s][info][class,load] okhttp3.RequestBody$Companion$toRequestBody$3 source: file:/C:/Users/TONYS/Documents/Codex/2026-09-29/https-github-com-jay3-yy-bilipai/work/toolchain/gradle-home/caches/modules-2/files-2.1/com.squareup.okhttp3/okhttp-jvm/5.3.2/f31e8de27feebe1e56d6c9d354a0986b65be0e1d/okhttp-jvm-5.3.2.jar
[0.868s][info][class,load] java.lang.invoke.LambdaForm$MH/0x000000d53210c400 source: __JVM_LookupDefineClass__
[0.868s][info][class,load] java.lang.invoke.LambdaForm$MH/0x000000d53210c800 source: __JVM_LookupDefineClass__
[0.868s][info][class,load] java.lang.invoke.LambdaForm$MH/0x000000d53210cc00 source: __JVM_LookupDefineClass__
[0.869s][info][class,load] java.lang.invoke.LambdaForm$MH/0x000000d53210d000 source: __JVM_LookupDefineClass__
[0.869s][info][class,load] java.lang.invoke.MethodHandles$1 source: shared objects file
[0.869s][info][class,load] java.lang.invoke.BoundMethodHandle$Species_LJ source: shared objects file
[0.869s][info][class,load] java.lang.invoke.LambdaForm$MH/0x000000d53210d400 source: __JVM_LookupDefineClass__
[0.869s][info][class,load] java.lang.invoke.BoundMethodHandle$Species_LLLL source: shared objects file
[0.869s][info][class,load] java.lang.invoke.LambdaForm$MH/0x000000d53210d800 source: __JVM_LookupDefineClass__
[0.870s][info][class,load] java.util.Base64 source: jrt:/java.base
[0.870s][info][class,load] java.util.Base64$Encoder source: jrt:/java.base
[0.870s][info][class,load] java.util.UUID source: jrt:/java.base
[0.870s][info][class,load] java.util.UUID$Holder source: jrt:/java.base
[0.871s][info][class,load] com.bilipai.desktop.data.DesktopDynamicGrpcCalls source: file:/C:/Users/TONYS/Documents/Codex/2026-09-29/https-github-com-jay3-yy-bilipai/work/BiliPai/desktop/.local/dynamic-detail-reply-main-integration/main-product-snapshot-01/main-kotlin.jar
[0.872s][info][class,load] com.android.purebilibili.core.network.grpc.DesktopDynamicBiliGrpcClient$$Lambda/0x000000d53210f9d0 source: com.android.purebilibili.core.network.grpc.DesktopDynamicBiliGrpcClient
[0.872s][info][class,load] com.bilipai.desktop.data.DesktopDynamicGrpcCalls$execute$2$1 source: file:/C:/Users/TONYS/Documents/Codex/2026-09-29/https-github-com-jay3-yy-bilipai/work/BiliPai/desktop/.local/dynamic-detail-reply-main-integration/main-product-snapshot-01/main-kotlin.jar
[0.872s][info][class,load] com.bilipai.desktop.data.DesktopDynamicGrpcCalls$execute$2$2 source: file:/C:/Users/TONYS/Documents/Codex/2026-09-29/https-github-com-jay3-yy-bilipai/work/BiliPai/desktop/.local/dynamic-detail-reply-main-integration/main-product-snapshot-01/main-kotlin.jar
[0.873s][info][class,load] java.util.zip.DeflaterOutputStream source: jrt:/java.base
[0.873s][info][class,load] java.util.zip.GZIPOutputStream source: jrt:/java.base
[0.873s][info][class,load] java.util.zip.Deflater source: jrt:/java.base
[0.874s][info][class,load] java.util.zip.Deflater$DeflaterZStreamRef source: jrt:/java.base
[0.874s][info][class,load] okio.Buffer$inputStream$1 source: file:/C:/Users/TONYS/Documents/Codex/2026-09-29/https-github-com-jay3-yy-bilipai/work/toolchain/gradle-home/caches/modules-2/files-2.1/com.squareup.okio/okio-jvm/3.17.0/a12d684ec0df9541b3869ae60a4a5257fd3613df/okio-jvm-3.17.0.jar
[0.874s][info][class,load] java.util.zip.GZIPInputStream source: jrt:/java.base
[0.875s][info][class,load] java.util.zip.CheckedInputStream source: jrt:/java.base
[0.875s][info][class,load] kotlin.io.ByteStreamsKt source: file:/C:/Users/TONYS/Documents/Codex/2026-09-29/https-github-com-jay3-yy-bilipai/work/toolchain/gradle-home/caches/modules-2/files-2.1/org.jetbrains.kotlin/kotlin-stdlib/2.4.10/8943c84ddc6d5cc00a10dbc3736c397066eeaab5/kotlin-stdlib-2.4.10.jar
[0.875s][info][class,load] java.io.SequenceInputStream source: jrt:/java.base
[0.875s][info][class,load] java.util.zip.GZIPInputStream$1 source: jrt:/java.base
[0.876s][info][class,load] com.bilipai.desktop.data.DesktopDynamicCardOperations$getCommentsForSubject$1 source: file:/C:/Users/TONYS/Documents/Codex/2026-09-29/https-github-com-jay3-yy-bilipai/work/BiliPai/desktop/.local/dynamic-detail-reply-main-integration/main-product-snapshot-01/main-kotlin.jar
[0.877s][info][class,load] com.bilipai.desktop.data.DesktopDynamicCardOperations$getCommentsForSubject$2 source: file:/C:/Users/TONYS/Documents/Codex/2026-09-29/https-github-com-jay3-yy-bilipai/work/BiliPai/desktop/.local/dynamic-detail-reply-main-integration/main-product-snapshot-01/main-kotlin.jar
[0.877s][info][class,load] com.bilipai.desktop.data.DesktopDynamicCardOperations$getCommentsForSubject$2$1 source: file:/C:/Users/TONYS/Documents/Codex/2026-09-29/https-github-com-jay3-yy-bilipai/work/BiliPai/desktop/.local/dynamic-detail-reply-main-integration/main-product-snapshot-01/main-kotlin.jar
[0.877s][info][class,load] com.android.purebilibili.data.repository.DesktopDynamicCommentProtocol$getCommentsForSubject$1 source: file:/C:/Users/TONYS/Documents/Codex/2026-09-29/https-github-com-jay3-yy-bilipai/work/BiliPai/desktop/.local/dynamic-detail-reply-main-integration/main-product-snapshot-01/main-kotlin.jar
[0.877s][info][class,load] com.android.purebilibili.data.repository.DesktopDynamicCommentProtocol$getCommentsForSubject$2 source: file:/C:/Users/TONYS/Documents/Codex/2026-09-29/https-github-com-jay3-yy-bilipai/work/BiliPai/desktop/.local/dynamic-detail-reply-main-integration/main-product-snapshot-01/main-kotlin.jar
[0.880s][info][class,load] com.bilipai.desktop.data.DesktopDynamicCardOperations$getSortedSubCommentsForSubject$1 source: file:/C:/Users/TONYS/Documents/Codex/2026-09-29/https-github-com-jay3-yy-bilipai/work/BiliPai/desktop/.local/dynamic-detail-reply-main-integration/main-product-snapshot-01/main-kotlin.jar
[0.880s][info][class,load] com.bilipai.desktop.data.DesktopDynamicCardOperations$getSortedSubCommentsForSubject$2 source: file:/C:/Users/TONYS/Documents/Codex/2026-09-29/https-github-com-jay3-yy-bilipai/work/BiliPai/desktop/.local/dynamic-detail-reply-main-integration/main-product-snapshot-01/main-kotlin.jar
[0.880s][info][class,load] com.bilipai.desktop.data.DesktopDynamicCardOperations$getSortedSubCommentsForSubject$2$1 source: file:/C:/Users/TONYS/Documents/Codex/2026-09-29/https-github-com-jay3-yy-bilipai/work/BiliPai/desktop/.local/dynamic-detail-reply-main-integration/main-product-snapshot-01/main-kotlin.jar
[0.881s][info][class,load] com.android.purebilibili.data.repository.DesktopDynamicCommentProtocol$getSortedSubCommentsForSubject$1 source: file:/C:/Users/TONYS/Documents/Codex/2026-09-29/https-github-com-jay3-yy-bilipai/work/BiliPai/desktop/.local/dynamic-detail-reply-main-integration/main-product-snapshot-01/main-kotlin.jar
[0.881s][info][class,load] com.android.purebilibili.data.repository.DesktopDynamicCommentProtocol$getSortedSubCommentsForSubject$2 source: file:/C:/Users/TONYS/Documents/Codex/2026-09-29/https-github-com-jay3-yy-bilipai/work/BiliPai/desktop/.local/dynamic-detail-reply-main-integration/main-product-snapshot-01/main-kotlin.jar
[0.881s][info][class,load] com.android.purebilibili.data.repository.DesktopDynamicCommentGrpc$getDetailList$1 source: file:/C:/Users/TONYS/Documents/Codex/2026-09-29/https-github-com-jay3-yy-bilipai/work/BiliPai/desktop/.local/dynamic-detail-reply-main-integration/main-product-snapshot-01/main-kotlin.jar
[0.883s][info][class,load] kotlinx.coroutines.IncompleteStateBox source: file:/C:/Users/TONYS/Documents/Codex/2026-09-29/https-github-com-jay3-yy-bilipai/work/toolchain/gradle-home/caches/modules-2/files-2.1/org.jetbrains.kotlinx/kotlinx-coroutines-core-jvm/1.10.2/4a9f78ef49483748e2c129f3d124b8fa249dafbf/kotlinx-coroutines-core-jvm-1.10.2.jar
[0.883s][info][class,load] com.bilipai.desktop.data.DesktopDynamicCardOperations$getDialogCommentsForSubject$1 source: file:/C:/Users/TONYS/Documents/Codex/2026-09-29/https-github-com-jay3-yy-bilipai/work/BiliPai/desktop/.local/dynamic-detail-reply-main-integration/main-product-snapshot-01/main-kotlin.jar
[0.884s][info][class,load] com.bilipai.desktop.data.DesktopDynamicCardOperations$getDialogCommentsForSubject$2 source: file:/C:/Users/TONYS/Documents/Codex/2026-09-29/https-github-com-jay3-yy-bilipai/work/BiliPai/desktop/.local/dynamic-detail-reply-main-integration/main-product-snapshot-01/main-kotlin.jar
[0.884s][info][class,load] com.bilipai.desktop.data.DesktopDynamicCardOperations$getDialogCommentsForSubject$2$1 source: file:/C:/Users/TONYS/Documents/Codex/2026-09-29/https-github-com-jay3-yy-bilipai/work/BiliPai/desktop/.local/dynamic-detail-reply-main-integration/main-product-snapshot-01/main-kotlin.jar
[0.884s][info][class,load] com.android.purebilibili.data.repository.DesktopDynamicCommentProtocol$getDialogCommentsForSubject$1 source: file:/C:/Users/TONYS/Documents/Codex/2026-09-29/https-github-com-jay3-yy-bilipai/work/BiliPai/desktop/.local/dynamic-detail-reply-main-integration/main-product-snapshot-01/main-kotlin.jar
[0.884s][info][class,load] com.android.purebilibili.data.repository.DesktopDynamicCommentProtocol$getDialogCommentsForSubject$2 source: file:/C:/Users/TONYS/Documents/Codex/2026-09-29/https-github-com-jay3-yy-bilipai/work/BiliPai/desktop/.local/dynamic-detail-reply-main-integration/main-product-snapshot-01/main-kotlin.jar
[0.885s][info][class,load] com.android.purebilibili.data.repository.DesktopDynamicCommentGrpc$getDialogList$1 source: file:/C:/Users/TONYS/Documents/Codex/2026-09-29/https-github-com-jay3-yy-bilipai/work/BiliPai/desktop/.local/dynamic-detail-reply-main-integration/main-product-snapshot-01/main-kotlin.jar
[0.886s][info][class,load] com.bilipai.desktop.data.DesktopDynamicCardOperations$translateReply$1 source: file:/C:/Users/TONYS/Documents/Codex/2026-09-29/https-github-com-jay3-yy-bilipai/work/BiliPai/desktop/.local/dynamic-detail-reply-main-integration/main-product-snapshot-01/main-kotlin.jar
[0.886s][info][class,load] com.bilipai.desktop.data.DesktopDynamicCardOperations$translateReply$2 source: file:/C:/Users/TONYS/Documents/Codex/2026-09-29/https-github-com-jay3-yy-bilipai/work/BiliPai/desktop/.local/dynamic-detail-reply-main-integration/main-product-snapshot-01/main-kotlin.jar
[0.887s][info][class,load] com.bilipai.desktop.data.DesktopDynamicCardOperations$translateReply$2$1 source: file:/C:/Users/TONYS/Documents/Codex/2026-09-29/https-github-com-jay3-yy-bilipai/work/BiliPai/desktop/.local/dynamic-detail-reply-main-integration/main-product-snapshot-01/main-kotlin.jar
[0.887s][info][class,load] com.android.purebilibili.data.repository.DesktopDynamicCommentGrpc$translateReply$1 source: file:/C:/Users/TONYS/Documents/Codex/2026-09-29/https-github-com-jay3-yy-bilipai/work/BiliPai/desktop/.local/dynamic-detail-reply-main-integration/main-product-snapshot-01/main-kotlin.jar
[0.887s][info][class,load] com.android.purebilibili.data.repository.DesktopDynamicCommentGrpc$translateReply$2 source: file:/C:/Users/TONYS/Documents/Codex/2026-09-29/https-github-com-jay3-yy-bilipai/work/BiliPai/desktop/.local/dynamic-detail-reply-main-integration/main-product-snapshot-01/main-kotlin.jar
[0.890s][info][class,load] kotlin.test.AssertionsKt__AssertionsKt$$Lambda/0x000000d5321141c8 source: kotlin.test.AssertionsKt__AssertionsKt
[0.891s][info][class,load] kotlin.test.AssertionsKt__AssertionsKt$assertContentEquals$8 source: file:/C:/Users/TONYS/Documents/Codex/2026-09-29/https-github-com-jay3-yy-bilipai/work/toolchain/gradle-home/caches/modules-2/files-2.1/org.jetbrains.kotlin/kotlin-test/2.4.0/c9a0c254adade886172cb021c0b099d8be1a5fc4/kotlin-test-2.4.0.jar
[0.891s][info][class,load] kotlin.test.AssertionsKt__AssertionsKt$assertContentEquals$9 source: file:/C:/Users/TONYS/Documents/Codex/2026-09-29/https-github-com-jay3-yy-bilipai/work/toolchain/gradle-home/caches/modules-2/files-2.1/org.jetbrains.kotlin/kotlin-test/2.4.0/c9a0c254adade886172cb021c0b099d8be1a5fc4/kotlin-test-2.4.0.jar
[0.892s][info][class,load] kotlin.test.AssertionsKt__AssertionsKt$assertContentEquals$10 source: file:/C:/Users/TONYS/Documents/Codex/2026-09-29/https-github-com-jay3-yy-bilipai/work/toolchain/gradle-home/caches/modules-2/files-2.1/org.jetbrains.kotlin/kotlin-test/2.4.0/c9a0c254adade886172cb021c0b099d8be1a5fc4/kotlin-test-2.4.0.jar
[0.892s][info][class,load] kotlin.test.AssertContentEqualsImplKt source: file:/C:/Users/TONYS/Documents/Codex/2026-09-29/https-github-com-jay3-yy-bilipai/work/toolchain/gradle-home/caches/modules-2/files-2.1/org.jetbrains.kotlin/kotlin-test/2.4.0/c9a0c254adade886172cb021c0b099d8be1a5fc4/kotlin-test-2.4.0.jar
[0.893s][info][class,load] com.android.purebilibili.data.repository.CommentReadPlan source: file:/C:/Users/TONYS/Documents/Codex/2026-09-29/https-github-com-jay3-yy-bilipai/work/BiliPai/desktop/.local/dynamic-detail-reply-main-integration/main-product-snapshot-01/main-kotlin.jar
[0.893s][info][class,load] com.android.purebilibili.data.repository.CommentReadApiMode source: file:/C:/Users/TONYS/Documents/Codex/2026-09-29/https-github-com-jay3-yy-bilipai/work/BiliPai/desktop/.local/dynamic-detail-reply-main-integration/main-product-snapshot-01/main-kotlin.jar
[0.893s][info][class,load] com.android.purebilibili.data.repository.DesktopDynamicCommentProtocol$WhenMappings source: file:/C:/Users/TONYS/Documents/Codex/2026-09-29/https-github-com-jay3-yy-bilipai/work/BiliPai/desktop/.local/dynamic-detail-reply-main-integration/main-product-snapshot-01/main-kotlin.jar
[0.894s][info][class,load] com.android.purebilibili.data.repository.DesktopDynamicCommentProtocol$fetchCommentsByApi$1 source: file:/C:/Users/TONYS/Documents/Codex/2026-09-29/https-github-com-jay3-yy-bilipai/work/BiliPai/desktop/.local/dynamic-detail-reply-main-integration/main-product-snapshot-01/main-kotlin.jar
[0.894s][info][class,load] kotlinx.serialization.internal.AbstractCollectionSerializer source: file:/C:/Users/TONYS/Documents/Codex/2026-09-29/https-github-com-jay3-yy-bilipai/work/toolchain/gradle-home/caches/modules-2/files-2.1/org.jetbrains.kotlinx/kotlinx-serialization-core-jvm/1.11.0/c1905c9bf7452b045d5af9248835abe64ddad6bf/kotlinx-serialization-core-jvm-1.11.0.jar
[0.894s][info][class,load] kotlinx.serialization.internal.MapLikeSerializer source: file:/C:/Users/TONYS/Documents/Codex/2026-09-29/https-github-com-jay3-yy-bilipai/work/toolchain/gradle-home/caches/modules-2/files-2.1/org.jetbrains.kotlinx/kotlinx-serialization-core-jvm/1.11.0/c1905c9bf7452b045d5af9248835abe64ddad6bf/kotlinx-serialization-core-jvm-1.11.0.jar
[0.894s][info][class,load] kotlinx.serialization.internal.LinkedHashMapSerializer source: file:/C:/Users/TONYS/Documents/Codex/2026-09-29/https-github-com-jay3-yy-bilipai/work/toolchain/gradle-home/caches/modules-2/files-2.1/org.jetbrains.kotlinx/kotlinx-serialization-core-jvm/1.11.0/c1905c9bf7452b045d5af9248835abe64ddad6bf/kotlinx-serialization-core-jvm-1.11.0.jar
[0.895s][info][class,load] kotlinx.serialization.internal.StringSerializer source: file:/C:/Users/TONYS/Documents/Codex/2026-09-29/https-github-com-jay3-yy-bilipai/work/toolchain/gradle-home/caches/modules-2/files-2.1/org.jetbrains.kotlinx/kotlinx-serialization-core-jvm/1.11.0/c1905c9bf7452b045d5af9248835abe64ddad6bf/kotlinx-serialization-core-jvm-1.11.0.jar
[0.895s][info][class,load] kotlinx.serialization.internal.PrimitiveSerialDescriptor source: file:/C:/Users/TONYS/Documents/Codex/2026-09-29/https-github-com-jay3-yy-bilipai/work/toolchain/gradle-home/caches/modules-2/files-2.1/org.jetbrains.kotlinx/kotlinx-serialization-core-jvm/1.11.0/c1905c9bf7452b045d5af9248835abe64ddad6bf/kotlinx-serialization-core-jvm-1.11.0.jar
[0.895s][info][class,load] kotlinx.serialization.descriptors.PrimitiveKind source: file:/C:/Users/TONYS/Documents/Codex/2026-09-29/https-github-com-jay3-yy-bilipai/work/toolchain/gradle-home/caches/modules-2/files-2.1/org.jetbrains.kotlinx/kotlinx-serialization-core-jvm/1.11.0/c1905c9bf7452b045d5af9248835abe64ddad6bf/kotlinx-serialization-core-jvm-1.11.0.jar
[0.895s][info][class,load] kotlinx.serialization.descriptors.PrimitiveKind$STRING source: file:/C:/Users/TONYS/Documents/Codex/2026-09-29/https-github-com-jay3-yy-bilipai/work/toolchain/gradle-home/caches/modules-2/files-2.1/org.jetbrains.kotlinx/kotlinx-serialization-core-jvm/1.11.0/c1905c9bf7452b045d5af9248835abe64ddad6bf/kotlinx-serialization-core-jvm-1.11.0.jar
[0.896s][info][class,load] kotlinx.serialization.internal.MapLikeDescriptor source: file:/C:/Users/TONYS/Documents/Codex/2026-09-29/https-github-com-jay3-yy-bilipai/work/toolchain/gradle-home/caches/modules-2/files-2.1/org.jetbrains.kotlinx/kotlinx-serialization-core-jvm/1.11.0/c1905c9bf7452b045d5af9248835abe64ddad6bf/kotlinx-serialization-core-jvm-1.11.0.jar
[0.896s][info][class,load] kotlinx.serialization.internal.LinkedHashMapClassDesc source: file:/C:/Users/TONYS/Documents/Codex/2026-09-29/https-github-com-jay3-yy-bilipai/work/toolchain/gradle-home/caches/modules-2/files-2.1/org.jetbrains.kotlinx/kotlinx-serialization-core-jvm/1.11.0/c1905c9bf7452b045d5af9248835abe64ddad6bf/kotlinx-serialization-core-jvm-1.11.0.jar
[0.896s][info][class,load] kotlinx.serialization.json.internal.InternalJsonWriter source: file:/C:/Users/TONYS/Documents/Codex/2026-09-29/https-github-com-jay3-yy-bilipai/work/toolchain/gradle-home/caches/modules-2/files-2.1/org.jetbrains.kotlinx/kotlinx-serialization-json-jvm/1.11.0/e7e045e99e56f07599bb9ccb708c2190e2af0606/kotlinx-serialization-json-jvm-1.11.0.jar
[0.896s][info][class,load] kotlinx.serialization.json.internal.JsonToStringWriter source: file:/C:/Users/TONYS/Documents/Codex/2026-09-29/https-github-com-jay3-yy-bilipai/work/toolchain/gradle-home/caches/modules-2/files-2.1/org.jetbrains.kotlinx/kotlinx-serialization-json-jvm/1.11.0/e7e045e99e56f07599bb9ccb708c2190e2af0606/kotlinx-serialization-json-jvm-1.11.0.jar
[0.896s][info][class,load] kotlinx.serialization.json.internal.CharArrayPoolBase source: file:/C:/Users/TONYS/Documents/Codex/2026-09-29/https-github-com-jay3-yy-bilipai/work/toolchain/gradle-home/caches/modules-2/files-2.1/org.jetbrains.kotlinx/kotlinx-serialization-json-jvm/1.11.0/e7e045e99e56f07599bb9ccb708c2190e2af0606/kotlinx-serialization-json-jvm-1.11.0.jar
[0.896s][info][class,load] kotlinx.serialization.json.internal.CharArrayPool source: file:/C:/Users/TONYS/Documents/Codex/2026-09-29/https-github-com-jay3-yy-bilipai/work/toolchain/gradle-home/caches/modules-2/files-2.1/org.jetbrains.kotlinx/kotlinx-serialization-json-jvm/1.11.0/e7e045e99e56f07599bb9ccb708c2190e2af0606/kotlinx-serialization-json-jvm-1.11.0.jar
[0.897s][info][class,load] kotlin.jvm.internal.markers.KMutableIterable source: file:/C:/Users/TONYS/Documents/Codex/2026-09-29/https-github-com-jay3-yy-bilipai/work/toolchain/gradle-home/caches/modules-2/files-2.1/org.jetbrains.kotlin/kotlin-stdlib/2.4.10/8943c84ddc6d5cc00a10dbc3736c397066eeaab5/kotlin-stdlib-2.4.10.jar
[0.897s][info][class,load] kotlin.jvm.internal.markers.KMutableCollection source: file:/C:/Users/TONYS/Documents/Codex/2026-09-29/https-github-com-jay3-yy-bilipai/work/toolchain/gradle-home/caches/modules-2/files-2.1/org.jetbrains.kotlin/kotlin-stdlib/2.4.10/8943c84ddc6d5cc00a10dbc3736c397066eeaab5/kotlin-stdlib-2.4.10.jar
[0.897s][info][class,load] kotlin.jvm.internal.markers.KMutableList source: file:/C:/Users/TONYS/Documents/Codex/2026-09-29/https-github-com-jay3-yy-bilipai/work/toolchain/gradle-home/caches/modules-2/files-2.1/org.jetbrains.kotlin/kotlin-stdlib/2.4.10/8943c84ddc6d5cc00a10dbc3736c397066eeaab5/kotlin-stdlib-2.4.10.jar
[0.897s][info][class,load] kotlin.collections.AbstractMutableList source: file:/C:/Users/TONYS/Documents/Codex/2026-09-29/https-github-com-jay3-yy-bilipai/work/toolchain/gradle-home/caches/modules-2/files-2.1/org.jetbrains.kotlin/kotlin-stdlib/2.4.10/8943c84ddc6d5cc00a10dbc3736c397066eeaab5/kotlin-stdlib-2.4.10.jar
[0.897s][info][class,load] kotlin.collections.ArrayDeque source: file:/C:/Users/TONYS/Documents/Codex/2026-09-29/https-github-com-jay3-yy-bilipai/work/toolchain/gradle-home/caches/modules-2/files-2.1/org.jetbrains.kotlin/kotlin-stdlib/2.4.10/8943c84ddc6d5cc00a10dbc3736c397066eeaab5/kotlin-stdlib-2.4.10.jar
[0.898s][info][class,load] kotlin.collections.ArrayDeque$Companion source: file:/C:/Users/TONYS/Documents/Codex/2026-09-29/https-github-com-jay3-yy-bilipai/work/toolchain/gradle-home/caches/modules-2/files-2.1/org.jetbrains.kotlin/kotlin-stdlib/2.4.10/8943c84ddc6d5cc00a10dbc3736c397066eeaab5/kotlin-stdlib-2.4.10.jar
[0.898s][info][class,load] kotlinx.serialization.json.internal.JsonStreamsKt source: file:/C:/Users/TONYS/Documents/Codex/2026-09-29/https-github-com-jay3-yy-bilipai/work/toolchain/gradle-home/caches/modules-2/files-2.1/org.jetbrains.kotlinx/kotlinx-serialization-json-jvm/1.11.0/e7e045e99e56f07599bb9ccb708c2190e2af0606/kotlinx-serialization-json-jvm-1.11.0.jar
[0.898s][info][class,load] kotlinx.serialization.encoding.Encoder source: file:/C:/Users/TONYS/Documents/Codex/2026-09-29/https-github-com-jay3-yy-bilipai/work/toolchain/gradle-home/caches/modules-2/files-2.1/org.jetbrains.kotlinx/kotlinx-serialization-core-jvm/1.11.0/c1905c9bf7452b045d5af9248835abe64ddad6bf/kotlinx-serialization-core-jvm-1.11.0.jar
[0.899s][info][class,load] kotlinx.serialization.encoding.CompositeEncoder source: file:/C:/Users/TONYS/Documents/Codex/2026-09-29/https-github-com-jay3-yy-bilipai/work/toolchain/gradle-home/caches/modules-2/files-2.1/org.jetbrains.kotlinx/kotlinx-serialization-core-jvm/1.11.0/c1905c9bf7452b045d5af9248835abe64ddad6bf/kotlinx-serialization-core-jvm-1.11.0.jar
[0.899s][info][class,load] kotlinx.serialization.json.JsonEncoder source: file:/C:/Users/TONYS/Documents/Codex/2026-09-29/https-github-com-jay3-yy-bilipai/work/toolchain/gradle-home/caches/modules-2/files-2.1/org.jetbrains.kotlinx/kotlinx-serialization-json-jvm/1.11.0/e7e045e99e56f07599bb9ccb708c2190e2af0606/kotlinx-serialization-json-jvm-1.11.0.jar
[0.900s][info][class,load] kotlinx.serialization.encoding.AbstractEncoder source: file:/C:/Users/TONYS/Documents/Codex/2026-09-29/https-github-com-jay3-yy-bilipai/work/toolchain/gradle-home/caches/modules-2/files-2.1/org.jetbrains.kotlinx/kotlinx-serialization-core-jvm/1.11.0/c1905c9bf7452b045d5af9248835abe64ddad6bf/kotlinx-serialization-core-jvm-1.11.0.jar
[0.900s][info][class,load] kotlinx.serialization.json.internal.StreamingJsonEncoder source: file:/C:/Users/TONYS/Documents/Codex/2026-09-29/https-github-com-jay3-yy-bilipai/work/toolchain/gradle-home/caches/modules-2/files-2.1/org.jetbrains.kotlinx/kotlinx-serialization-json-jvm/1.11.0/e7e045e99e56f07599bb9ccb708c2190e2af0606/kotlinx-serialization-json-jvm-1.11.0.jar
[0.900s][info][class,load] kotlinx.serialization.json.internal.ComposersKt source: file:/C:/Users/TONYS/Documents/Codex/2026-09-29/https-github-com-jay3-yy-bilipai/work/toolchain/gradle-home/caches/modules-2/files-2.1/org.jetbrains.kotlinx/kotlinx-serialization-json-jvm/1.11.0/e7e045e99e56f07599bb9ccb708c2190e2af0606/kotlinx-serialization-json-jvm-1.11.0.jar
[0.900s][info][class,load] kotlinx.serialization.json.internal.Composer source: file:/C:/Users/TONYS/Documents/Codex/2026-09-29/https-github-com-jay3-yy-bilipai/work/toolchain/gradle-home/caches/modules-2/files-2.1/org.jetbrains.kotlinx/kotlinx-serialization-json-jvm/1.11.0/e7e045e99e56f07599bb9ccb708c2190e2af0606/kotlinx-serialization-json-jvm-1.11.0.jar
[0.900s][info][class,load] kotlinx.serialization.json.internal.PolymorphicKt$WhenMappings source: file:/C:/Users/TONYS/Documents/Codex/2026-09-29/https-github-com-jay3-yy-bilipai/work/toolchain/gradle-home/caches/modules-2/files-2.1/org.jetbrains.kotlinx/kotlinx-serialization-json-jvm/1.11.0/e7e045e99e56f07599bb9ccb708c2190e2af0606/kotlinx-serialization-json-jvm-1.11.0.jar
[0.900s][info][class,load] kotlinx.serialization.descriptors.SerialKind$CONTEXTUAL source: file:/C:/Users/TONYS/Documents/Codex/2026-09-29/https-github-com-jay3-yy-bilipai/work/toolchain/gradle-home/caches/modules-2/files-2.1/org.jetbrains.kotlinx/kotlinx-serialization-core-jvm/1.11.0/c1905c9bf7452b045d5af9248835abe64ddad6bf/kotlinx-serialization-core-jvm-1.11.0.jar
[0.901s][info][class,load] kotlinx.serialization.json.internal.StreamingJsonEncoder$WhenMappings source: file:/C:/Users/TONYS/Documents/Codex/2026-09-29/https-github-com-jay3-yy-bilipai/work/toolchain/gradle-home/caches/modules-2/files-2.1/org.jetbrains.kotlinx/kotlinx-serialization-json-jvm/1.11.0/e7e045e99e56f07599bb9ccb708c2190e2af0606/kotlinx-serialization-json-jvm-1.11.0.jar
[0.901s][info][class,load] kotlinx.serialization.json.internal.StringOpsKt source: file:/C:/Users/TONYS/Documents/Codex/2026-09-29/https-github-com-jay3-yy-bilipai/work/toolchain/gradle-home/caches/modules-2/files-2.1/org.jetbrains.kotlinx/kotlinx-serialization-json-jvm/1.11.0/e7e045e99e56f07599bb9ccb708c2190e2af0606/kotlinx-serialization-json-jvm-1.11.0.jar
[0.901s][info][class,load] kotlinx.serialization.json.internal.ArrayPoolsKt source: file:/C:/Users/TONYS/Documents/Codex/2026-09-29/https-github-com-jay3-yy-bilipai/work/toolchain/gradle-home/caches/modules-2/files-2.1/org.jetbrains.kotlinx/kotlinx-serialization-json-jvm/1.11.0/e7e045e99e56f07599bb9ccb708c2190e2af0606/kotlinx-serialization-json-jvm-1.11.0.jar
[0.901s][info][class,load] com.bilipai.desktop.data.DesktopRepository$sign$1 source: file:/C:/Users/TONYS/Documents/Codex/2026-09-29/https-github-com-jay3-yy-bilipai/work/BiliPai/desktop/.local/dynamic-detail-reply-main-integration/main-product-snapshot-01/main-kotlin.jar
[0.901s][info][class,load] com.android.purebilibili.data.model.response.NavResponse source: file:/C:/Users/TONYS/Documents/Codex/2026-09-29/https-github-com-jay3-yy-bilipai/work/BiliPai/desktop/.local/dynamic-detail-reply-main-integration/main-product-snapshot-01/main-kotlin.jar
[0.902s][info][class,load] com.android.purebilibili.data.model.response.NavResponse$Companion source: file:/C:/Users/TONYS/Documents/Codex/2026-09-29/https-github-com-jay3-yy-bilipai/work/BiliPai/desktop/.local/dynamic-detail-reply-main-integration/main-product-snapshot-01/main-kotlin.jar
[0.902s][info][class,load] com.android.purebilibili.data.model.response.NavData source: file:/C:/Users/TONYS/Documents/Codex/2026-09-29/https-github-com-jay3-yy-bilipai/work/BiliPai/desktop/.local/dynamic-detail-reply-main-integration/main-product-snapshot-01/main-kotlin.jar
[0.902s][info][class,load] com.android.purebilibili.data.model.response.NavResponse$$serializer source: file:/C:/Users/TONYS/Documents/Codex/2026-09-29/https-github-com-jay3-yy-bilipai/work/BiliPai/desktop/.local/dynamic-detail-reply-main-integration/main-product-snapshot-01/main-kotlin.jar
[0.903s][info][class,load] com.android.purebilibili.data.model.response.NavData$$serializer source: file:/C:/Users/TONYS/Documents/Codex/2026-09-29/https-github-com-jay3-yy-bilipai/work/BiliPai/desktop/.local/dynamic-detail-reply-main-integration/main-product-snapshot-01/main-kotlin.jar
[0.903s][info][class,load] com.android.purebilibili.data.model.response.WbiImg$$serializer source: file:/C:/Users/TONYS/Documents/Codex/2026-09-29/https-github-com-jay3-yy-bilipai/work/BiliPai/desktop/.local/dynamic-detail-reply-main-integration/main-product-snapshot-01/main-kotlin.jar
[0.903s][info][class,load] com.android.purebilibili.data.model.response.WbiImg source: file:/C:/Users/TONYS/Documents/Codex/2026-09-29/https-github-com-jay3-yy-bilipai/work/BiliPai/desktop/.local/dynamic-detail-reply-main-integration/main-product-snapshot-01/main-kotlin.jar
[0.903s][info][class,load] com.android.purebilibili.data.model.response.WbiImg$Companion source: file:/C:/Users/TONYS/Documents/Codex/2026-09-29/https-github-com-jay3-yy-bilipai/work/BiliPai/desktop/.local/dynamic-detail-reply-main-integration/main-product-snapshot-01/main-kotlin.jar
[0.904s][info][class,load] com.android.purebilibili.data.model.response.NavData$Companion source: file:/C:/Users/TONYS/Documents/Codex/2026-09-29/https-github-com-jay3-yy-bilipai/work/BiliPai/desktop/.local/dynamic-detail-reply-main-integration/main-product-snapshot-01/main-kotlin.jar
[0.904s][info][class,load] com.android.purebilibili.data.model.response.LevelInfo source: file:/C:/Users/TONYS/Documents/Codex/2026-09-29/https-github-com-jay3-yy-bilipai/work/BiliPai/desktop/.local/dynamic-detail-reply-main-integration/main-product-snapshot-01/main-kotlin.jar
[0.904s][info][class,load] com.android.purebilibili.data.model.response.LevelInfo$Companion source: file:/C:/Users/TONYS/Documents/Codex/2026-09-29/https-github-com-jay3-yy-bilipai/work/BiliPai/desktop/.local/dynamic-detail-reply-main-integration/main-product-snapshot-01/main-kotlin.jar
[0.904s][info][class,load] com.android.purebilibili.data.model.response.Wallet source: file:/C:/Users/TONYS/Documents/Codex/2026-09-29/https-github-com-jay3-yy-bilipai/work/BiliPai/desktop/.local/dynamic-detail-reply-main-integration/main-product-snapshot-01/main-kotlin.jar
[0.904s][info][class,load] com.android.purebilibili.data.model.response.Wallet$Companion source: file:/C:/Users/TONYS/Documents/Codex/2026-09-29/https-github-com-jay3-yy-bilipai/work/BiliPai/desktop/.local/dynamic-detail-reply-main-integration/main-product-snapshot-01/main-kotlin.jar
[0.904s][info][class,load] com.android.purebilibili.data.model.response.VipInfo source: file:/C:/Users/TONYS/Documents/Codex/2026-09-29/https-github-com-jay3-yy-bilipai/work/BiliPai/desktop/.local/dynamic-detail-reply-main-integration/main-product-snapshot-01/main-kotlin.jar
[0.905s][info][class,load] com.android.purebilibili.data.model.response.VipInfo$Companion source: file:/C:/Users/TONYS/Documents/Codex/2026-09-29/https-github-com-jay3-yy-bilipai/work/BiliPai/desktop/.local/dynamic-detail-reply-main-integration/main-product-snapshot-01/main-kotlin.jar
[0.905s][info][class,load] com.android.purebilibili.data.model.response.VipLabel source: file:/C:/Users/TONYS/Documents/Codex/2026-09-29/https-github-com-jay3-yy-bilipai/work/BiliPai/desktop/.local/dynamic-detail-reply-main-integration/main-product-snapshot-01/main-kotlin.jar
[0.905s][info][class,load] com.android.purebilibili.data.model.response.VipLabel$Companion source: file:/C:/Users/TONYS/Documents/Codex/2026-09-29/https-github-com-jay3-yy-bilipai/work/BiliPai/desktop/.local/dynamic-detail-reply-main-integration/main-product-snapshot-01/main-kotlin.jar
[0.905s][info][class,load] com.android.purebilibili.core.network.WbiUtils source: file:/C:/Users/TONYS/Documents/Codex/2026-09-29/https-github-com-jay3-yy-bilipai/work/BiliPai/desktop/.local/dynamic-detail-reply-main-integration/main-product-snapshot-01/main-kotlin.jar
[0.906s][info][class,load] java.util.TreeMap$EntrySet source: shared objects file
[0.906s][info][class,load] java.util.TreeMap$EntryIterator source: shared objects file
[0.906s][info][class,load] java.net.URLEncoder source: jrt:/java.base
[0.906s][info][class,load] java.util.BitSet source: jrt:/java.base
[0.906s][info][class,load] java.io.CharArrayWriter source: jrt:/java.base
[0.906s][info][class,load] sun.security.provider.MD5 source: jrt:/java.base
[0.906s][info][class,load] sun.security.provider.ByteArrayAccess$LE source: jrt:/java.base
[0.907s][info][class,load] com.android.purebilibili.core.network.WbiUtils$$Lambda/0x000000d53211df08 source: com.android.purebilibili.core.network.WbiUtils
[0.907s][info][class,load] java.util.Formatter source: shared objects file
[0.907s][info][class,load] java.util.Locale$Category source: shared objects file
[0.907s][info][class,load] java.util.Formatter$Conversion source: shared objects file
[0.907s][info][class,load] java.util.Formatter$FormatString source: shared objects file
[0.907s][info][class,load] java.util.Formatter$FormatSpecifier source: shared objects file
[0.907s][info][class,load] java.util.Formatter$Flags source: shared objects file
[0.908s][info][class,load] com.android.purebilibili.core.util.Logger source: file:/C:/Users/TONYS/Documents/Codex/2026-09-29/https-github-com-jay3-yy-bilipai/work/BiliPai/desktop/.local/dynamic-detail-reply-main-integration/main-product-snapshot-01/main-kotlin.jar
[0.908s][info][class,load] java.lang.invoke.LambdaForm$MH/0x000000d532120000 source: __JVM_LookupDefineClass__
[0.908s][info][class,load] java.lang.invoke.LambdaForm$MH/0x000000d532120400 source: __JVM_LookupDefineClass__
[0.908s][info][class,load] java.lang.invoke.LambdaForm$MH/0x000000d532120800 source: __JVM_LookupDefineClass__
[0.909s][info][class,load] java.lang.invoke.LambdaForm$MH/0x000000d532120c00 source: __JVM_LookupDefineClass__
[0.909s][info][class,load] java.lang.invoke.LambdaForm$MH/0x000000d532121000 source: __JVM_LookupDefineClass__
[0.909s][info][class,load] java.lang.invoke.LambdaForm$MH/0x000000d532121400 source: __JVM_LookupDefineClass__
[0.909s][info][class,load] java.lang.invoke.LambdaForm$MH/0x000000d532121800 source: __JVM_LookupDefineClass__
[0.909s][info][class,load] java.lang.invoke.LambdaForm$MH/0x000000d532121c00 source: __JVM_LookupDefineClass__
[0.910s][info][class,load] java.lang.invoke.LambdaForm$MH/0x000000d532122000 source: __JVM_LookupDefineClass__
[0.910s][info][class,load] java.lang.invoke.LambdaForm$MH/0x000000d532122400 source: __JVM_LookupDefineClass__
[0.910s][info][class,load] java.lang.invoke.LambdaForm$MH/0x000000d532122800 source: __JVM_LookupDefineClass__
[0.910s][info][class,load] java.lang.invoke.BoundMethodHandle$Species_LLJ source: shared objects file
[0.910s][info][class,load] java.lang.invoke.LambdaForm$MH/0x000000d532122c00 source: __JVM_LookupDefineClass__
[0.911s][info][class,load] java.lang.invoke.LambdaForm$MH/0x000000d532123000 source: __JVM_LookupDefineClass__
[0.911s][info][class,load] java.lang.invoke.BoundMethodHandle$Species_LLLLL source: shared objects file
[0.911s][info][class,load] java.lang.invoke.LambdaForm$MH/0x000000d532123400 source: __JVM_LookupDefineClass__
[0.911s][info][class,load] android.util.Log source: file:/C:/Users/TONYS/Documents/Codex/2026-09-29/https-github-com-jay3-yy-bilipai/work/BiliPai/desktop/.local/dynamic-detail-reply-main-integration/main-product-snapshot-01/main-kotlin.jar
[0.911s][info][class,load] com.bilipai.desktop.diagnostics.DesktopDiagnosticsBridge source: file:/C:/Users/TONYS/Documents/Codex/2026-09-29/https-github-com-jay3-yy-bilipai/work/BiliPai/desktop/.local/dynamic-detail-reply-main-integration/main-product-snapshot-01/main-kotlin.jar
[0.912s][info][class,load] retrofit2.http.QueryMap source: file:/C:/Users/TONYS/Documents/Codex/2026-09-29/https-github-com-jay3-yy-bilipai/work/toolchain/gradle-home/caches/modules-2/files-2.1/com.squareup.retrofit2/retrofit/3.0.0/c0cdf6d243c5187732134129fda05a74f9197874/retrofit-3.0.0.jar
[0.912s][info][class,load] jdk.proxy1.$Proxy10 source: __dynamic_proxy__
[0.913s][info][class,load] retrofit2.http.QueryName source: file:/C:/Users/TONYS/Documents/Codex/2026-09-29/https-github-com-jay3-yy-bilipai/work/toolchain/gradle-home/caches/modules-2/files-2.1/com.squareup.retrofit2/retrofit/3.0.0/c0cdf6d243c5187732134129fda05a74f9197874/retrofit-3.0.0.jar
[0.913s][info][class,load] com.android.purebilibili.data.model.response.ReplyResponse source: file:/C:/Users/TONYS/Documents/Codex/2026-09-29/https-github-com-jay3-yy-bilipai/work/BiliPai/desktop/.local/dynamic-detail-reply-main-integration/main-product-snapshot-01/main-kotlin.jar
[0.913s][info][class,load] com.android.purebilibili.data.model.response.ReplyResponse$Companion source: file:/C:/Users/TONYS/Documents/Codex/2026-09-29/https-github-com-jay3-yy-bilipai/work/BiliPai/desktop/.local/dynamic-detail-reply-main-integration/main-product-snapshot-01/main-kotlin.jar
[0.913s][info][class,load] com.android.purebilibili.data.model.response.ReplyResponse$$serializer source: file:/C:/Users/TONYS/Documents/Codex/2026-09-29/https-github-com-jay3-yy-bilipai/work/BiliPai/desktop/.local/dynamic-detail-reply-main-integration/main-product-snapshot-01/main-kotlin.jar
[0.914s][info][class,load] com.android.purebilibili.data.model.response.ReplyData$$serializer source: file:/C:/Users/TONYS/Documents/Codex/2026-09-29/https-github-com-jay3-yy-bilipai/work/BiliPai/desktop/.local/dynamic-detail-reply-main-integration/main-product-snapshot-01/main-kotlin.jar
[0.915s][info][class,load] com.android.purebilibili.data.model.response.ReplyCursor$$serializer source: file:/C:/Users/TONYS/Documents/Codex/2026-09-29/https-github-com-jay3-yy-bilipai/work/BiliPai/desktop/.local/dynamic-detail-reply-main-integration/main-product-snapshot-01/main-kotlin.jar
[0.915s][info][class,load] com.android.purebilibili.data.model.response.ReplyPaginationReply$$serializer source: file:/C:/Users/TONYS/Documents/Codex/2026-09-29/https-github-com-jay3-yy-bilipai/work/BiliPai/desktop/.local/dynamic-detail-reply-main-integration/main-product-snapshot-01/main-kotlin.jar
[0.915s][info][class,load] com.android.purebilibili.data.model.response.ReplyPaginationReply source: file:/C:/Users/TONYS/Documents/Codex/2026-09-29/https-github-com-jay3-yy-bilipai/work/BiliPai/desktop/.local/dynamic-detail-reply-main-integration/main-product-snapshot-01/main-kotlin.jar
[0.915s][info][class,load] com.android.purebilibili.data.model.response.ReplyPaginationReply$Companion source: file:/C:/Users/TONYS/Documents/Codex/2026-09-29/https-github-com-jay3-yy-bilipai/work/BiliPai/desktop/.local/dynamic-detail-reply-main-integration/main-product-snapshot-01/main-kotlin.jar
[0.916s][info][class,load] kotlinx.serialization.internal.CollectionLikeSerializer source: file:/C:/Users/TONYS/Documents/Codex/2026-09-29/https-github-com-jay3-yy-bilipai/work/toolchain/gradle-home/caches/modules-2/files-2.1/org.jetbrains.kotlinx/kotlinx-serialization-core-jvm/1.11.0/c1905c9bf7452b045d5af9248835abe64ddad6bf/kotlinx-serialization-core-jvm-1.11.0.jar
[0.916s][info][class,load] kotlinx.serialization.internal.CollectionSerializer source: file:/C:/Users/TONYS/Documents/Codex/2026-09-29/https-github-com-jay3-yy-bilipai/work/toolchain/gradle-home/caches/modules-2/files-2.1/org.jetbrains.kotlinx/kotlinx-serialization-core-jvm/1.11.0/c1905c9bf7452b045d5af9248835abe64ddad6bf/kotlinx-serialization-core-jvm-1.11.0.jar
[0.916s][info][class,load] kotlinx.serialization.internal.ArrayListSerializer source: file:/C:/Users/TONYS/Documents/Codex/2026-09-29/https-github-com-jay3-yy-bilipai/work/toolchain/gradle-home/caches/modules-2/files-2.1/org.jetbrains.kotlinx/kotlinx-serialization-core-jvm/1.11.0/c1905c9bf7452b045d5af9248835abe64ddad6bf/kotlinx-serialization-core-jvm-1.11.0.jar
[0.916s][info][class,load] com.android.purebilibili.data.model.response.ReplyItem$$serializer source: file:/C:/Users/TONYS/Documents/Codex/2026-09-29/https-github-com-jay3-yy-bilipai/work/BiliPai/desktop/.local/dynamic-detail-reply-main-integration/main-product-snapshot-01/main-kotlin.jar
[0.917s][info][class,load] kotlinx.serialization.internal.ListLikeDescriptor source: file:/C:/Users/TONYS/Documents/Codex/2026-09-29/https-github-com-jay3-yy-bilipai/work/toolchain/gradle-home/caches/modules-2/files-2.1/org.jetbrains.kotlinx/kotlinx-serialization-core-jvm/1.11.0/c1905c9bf7452b045d5af9248835abe64ddad6bf/kotlinx-serialization-core-jvm-1.11.0.jar
[0.917s][info][class,load] kotlinx.serialization.internal.ArrayListClassDesc source: file:/C:/Users/TONYS/Documents/Codex/2026-09-29/https-github-com-jay3-yy-bilipai/work/toolchain/gradle-home/caches/modules-2/files-2.1/org.jetbrains.kotlinx/kotlinx-serialization-core-jvm/1.11.0/c1905c9bf7452b045d5af9248835abe64ddad6bf/kotlinx-serialization-core-jvm-1.11.0.jar
[0.917s][info][class,load] com.android.purebilibili.data.model.response.FlexibleIntSerializer source: file:/C:/Users/TONYS/Documents/Codex/2026-09-29/https-github-com-jay3-yy-bilipai/work/BiliPai/desktop/.local/dynamic-detail-reply-main-integration/main-product-snapshot-01/main-kotlin.jar
[0.917s][info][class,load] kotlinx.serialization.descriptors.PrimitiveKind$INT source: file:/C:/Users/TONYS/Documents/Codex/2026-09-29/https-github-com-jay3-yy-bilipai/work/toolchain/gradle-home/caches/modules-2/files-2.1/org.jetbrains.kotlinx/kotlinx-serialization-core-jvm/1.11.0/c1905c9bf7452b045d5af9248835abe64ddad6bf/kotlinx-serialization-core-jvm-1.11.0.jar
[0.917s][info][class,load] kotlinx.serialization.descriptors.SerialDescriptorsKt source: file:/C:/Users/TONYS/Documents/Codex/2026-09-29/https-github-com-jay3-yy-bilipai/work/toolchain/gradle-home/caches/modules-2/files-2.1/org.jetbrains.kotlinx/kotlinx-serialization-core-jvm/1.11.0/c1905c9bf7452b045d5af9248835abe64ddad6bf/kotlinx-serialization-core-jvm-1.11.0.jar
[0.918s][info][class,load] kotlinx.serialization.internal.PrimitivesKt source: file:/C:/Users/TONYS/Documents/Codex/2026-09-29/https-github-com-jay3-yy-bilipai/work/toolchain/gradle-home/caches/modules-2/files-2.1/org.jetbrains.kotlinx/kotlinx-serialization-core-jvm/1.11.0/c1905c9bf7452b045d5af9248835abe64ddad6bf/kotlinx-serialization-core-jvm-1.11.0.jar
[0.918s][info][class,load] kotlin.jvm.internal.markers.KMutableMap source: file:/C:/Users/TONYS/Documents/Codex/2026-09-29/https-github-com-jay3-yy-bilipai/work/toolchain/gradle-home/caches/modules-2/files-2.1/org.jetbrains.kotlin/kotlin-stdlib/2.4.10/8943c84ddc6d5cc00a10dbc3736c397066eeaab5/kotlin-stdlib-2.4.10.jar
[0.918s][info][class,load] kotlin.collections.builders.MapBuilder source: file:/C:/Users/TONYS/Documents/Codex/2026-09-29/https-github-com-jay3-yy-bilipai/work/toolchain/gradle-home/caches/modules-2/files-2.1/org.jetbrains.kotlin/kotlin-stdlib/2.4.10/8943c84ddc6d5cc00a10dbc3736c397066eeaab5/kotlin-stdlib-2.4.10.jar
[0.918s][info][class,load] java.io.NotSerializableException source: jrt:/java.base
[0.918s][info][class,load] kotlin.collections.builders.MapBuilder$Companion source: file:/C:/Users/TONYS/Documents/Codex/2026-09-29/https-github-com-jay3-yy-bilipai/work/toolchain/gradle-home/caches/modules-2/files-2.1/org.jetbrains.kotlin/kotlin-stdlib/2.4.10/8943c84ddc6d5cc00a10dbc3736c397066eeaab5/kotlin-stdlib-2.4.10.jar
[0.919s][info][class,load] kotlin.collections.builders.ListBuilderKt source: file:/C:/Users/TONYS/Documents/Codex/2026-09-29/https-github-com-jay3-yy-bilipai/work/toolchain/gradle-home/caches/modules-2/files-2.1/org.jetbrains.kotlin/kotlin-stdlib/2.4.10/8943c84ddc6d5cc00a10dbc3736c397066eeaab5/kotlin-stdlib-2.4.10.jar
[0.919s][info][class,load] kotlin.jvm.internal.StringCompanionObject source: file:/C:/Users/TONYS/Documents/Codex/2026-09-29/https-github-com-jay3-yy-bilipai/work/toolchain/gradle-home/caches/modules-2/files-2.1/org.jetbrains.kotlin/kotlin-stdlib/2.4.10/8943c84ddc6d5cc00a10dbc3736c397066eeaab5/kotlin-stdlib-2.4.10.jar
[0.919s][info][class,load] kotlinx.serialization.builtins.BuiltinSerializersKt source: file:/C:/Users/TONYS/Documents/Codex/2026-09-29/https-github-com-jay3-yy-bilipai/work/toolchain/gradle-home/caches/modules-2/files-2.1/org.jetbrains.kotlinx/kotlinx-serialization-core-jvm/1.11.0/c1905c9bf7452b045d5af9248835abe64ddad6bf/kotlinx-serialization-core-jvm-1.11.0.jar
[0.919s][info][class,load] kotlin.jvm.internal.CharCompanionObject source: file:/C:/Users/TONYS/Documents/Codex/2026-09-29/https-github-com-jay3-yy-bilipai/work/toolchain/gradle-home/caches/modules-2/files-2.1/org.jetbrains.kotlin/kotlin-stdlib/2.4.10/8943c84ddc6d5cc00a10dbc3736c397066eeaab5/kotlin-stdlib-2.4.10.jar
[0.919s][info][class,load] kotlinx.serialization.internal.CharSerializer source: file:/C:/Users/TONYS/Documents/Codex/2026-09-29/https-github-com-jay3-yy-bilipai/work/toolchain/gradle-home/caches/modules-2/files-2.1/org.jetbrains.kotlinx/kotlinx-serialization-core-jvm/1.11.0/c1905c9bf7452b045d5af9248835abe64ddad6bf/kotlinx-serialization-core-jvm-1.11.0.jar
[0.919s][info][class,load] kotlinx.serialization.descriptors.PrimitiveKind$CHAR source: file:/C:/Users/TONYS/Documents/Codex/2026-09-29/https-github-com-jay3-yy-bilipai/work/toolchain/gradle-home/caches/modules-2/files-2.1/org.jetbrains.kotlinx/kotlinx-serialization-core-jvm/1.11.0/c1905c9bf7452b045d5af9248835abe64ddad6bf/kotlinx-serialization-core-jvm-1.11.0.jar
[0.919s][info][class,load] kotlinx.serialization.internal.PrimitiveArraySerializer source: file:/C:/Users/TONYS/Documents/Codex/2026-09-29/https-github-com-jay3-yy-bilipai/work/toolchain/gradle-home/caches/modules-2/files-2.1/org.jetbrains.kotlinx/kotlinx-serialization-core-jvm/1.11.0/c1905c9bf7452b045d5af9248835abe64ddad6bf/kotlinx-serialization-core-jvm-1.11.0.jar
[0.919s][info][class,load] kotlinx.serialization.internal.CharArraySerializer source: file:/C:/Users/TONYS/Documents/Codex/2026-09-29/https-github-com-jay3-yy-bilipai/work/toolchain/gradle-home/caches/modules-2/files-2.1/org.jetbrains.kotlinx/kotlinx-serialization-core-jvm/1.11.0/c1905c9bf7452b045d5af9248835abe64ddad6bf/kotlinx-serialization-core-jvm-1.11.0.jar
[0.920s][info][class,load] kotlinx.serialization.internal.PrimitiveArrayDescriptor source: file:/C:/Users/TONYS/Documents/Codex/2026-09-29/https-github-com-jay3-yy-bilipai/work/toolchain/gradle-home/caches/modules-2/files-2.1/org.jetbrains.kotlinx/kotlinx-serialization-core-jvm/1.11.0/c1905c9bf7452b045d5af9248835abe64ddad6bf/kotlinx-serialization-core-jvm-1.11.0.jar
[0.920s][info][class,load] kotlin.jvm.internal.DoubleCompanionObject source: file:/C:/Users/TONYS/Documents/Codex/2026-09-29/https-github-com-jay3-yy-bilipai/work/toolchain/gradle-home/caches/modules-2/files-2.1/org.jetbrains.kotlin/kotlin-stdlib/2.4.10/8943c84ddc6d5cc00a10dbc3736c397066eeaab5/kotlin-stdlib-2.4.10.jar
[0.920s][info][class,load] kotlinx.serialization.internal.DoubleSerializer source: file:/C:/Users/TONYS/Documents/Codex/2026-09-29/https-github-com-jay3-yy-bilipai/work/toolchain/gradle-home/caches/modules-2/files-2.1/org.jetbrains.kotlinx/kotlinx-serialization-core-jvm/1.11.0/c1905c9bf7452b045d5af9248835abe64ddad6bf/kotlinx-serialization-core-jvm-1.11.0.jar
[0.920s][info][class,load] kotlinx.serialization.descriptors.PrimitiveKind$DOUBLE source: file:/C:/Users/TONYS/Documents/Codex/2026-09-29/https-github-com-jay3-yy-bilipai/work/toolchain/gradle-home/caches/modules-2/files-2.1/org.jetbrains.kotlinx/kotlinx-serialization-core-jvm/1.11.0/c1905c9bf7452b045d5af9248835abe64ddad6bf/kotlinx-serialization-core-jvm-1.11.0.jar
[0.920s][info][class,load] kotlinx.serialization.internal.DoubleArraySerializer source: file:/C:/Users/TONYS/Documents/Codex/2026-09-29/https-github-com-jay3-yy-bilipai/work/toolchain/gradle-home/caches/modules-2/files-2.1/org.jetbrains.kotlinx/kotlinx-serialization-core-jvm/1.11.0/c1905c9bf7452b045d5af9248835abe64ddad6bf/kotlinx-serialization-core-jvm-1.11.0.jar
[0.920s][info][class,load] kotlin.jvm.internal.FloatCompanionObject source: file:/C:/Users/TONYS/Documents/Codex/2026-09-29/https-github-com-jay3-yy-bilipai/work/toolchain/gradle-home/caches/modules-2/files-2.1/org.jetbrains.kotlin/kotlin-stdlib/2.4.10/8943c84ddc6d5cc00a10dbc3736c397066eeaab5/kotlin-stdlib-2.4.10.jar
[0.920s][info][class,load] kotlinx.serialization.internal.FloatSerializer source: file:/C:/Users/TONYS/Documents/Codex/2026-09-29/https-github-com-jay3-yy-bilipai/work/toolchain/gradle-home/caches/modules-2/files-2.1/org.jetbrains.kotlinx/kotlinx-serialization-core-jvm/1.11.0/c1905c9bf7452b045d5af9248835abe64ddad6bf/kotlinx-serialization-core-jvm-1.11.0.jar
[0.920s][info][class,load] kotlinx.serialization.descriptors.PrimitiveKind$FLOAT source: file:/C:/Users/TONYS/Documents/Codex/2026-09-29/https-github-com-jay3-yy-bilipai/work/toolchain/gradle-home/caches/modules-2/files-2.1/org.jetbrains.kotlinx/kotlinx-serialization-core-jvm/1.11.0/c1905c9bf7452b045d5af9248835abe64ddad6bf/kotlinx-serialization-core-jvm-1.11.0.jar
[0.920s][info][class,load] kotlinx.serialization.internal.FloatArraySerializer source: file:/C:/Users/TONYS/Documents/Codex/2026-09-29/https-github-com-jay3-yy-bilipai/work/toolchain/gradle-home/caches/modules-2/files-2.1/org.jetbrains.kotlinx/kotlinx-serialization-core-jvm/1.11.0/c1905c9bf7452b045d5af9248835abe64ddad6bf/kotlinx-serialization-core-jvm-1.11.0.jar
[0.920s][info][class,load] kotlin.jvm.internal.LongCompanionObject source: file:/C:/Users/TONYS/Documents/Codex/2026-09-29/https-github-com-jay3-yy-bilipai/work/toolchain/gradle-home/caches/modules-2/files-2.1/org.jetbrains.kotlin/kotlin-stdlib/2.4.10/8943c84ddc6d5cc00a10dbc3736c397066eeaab5/kotlin-stdlib-2.4.10.jar
[0.920s][info][class,load] kotlinx.serialization.internal.LongSerializer source: file:/C:/Users/TONYS/Documents/Codex/2026-09-29/https-github-com-jay3-yy-bilipai/work/toolchain/gradle-home/caches/modules-2/files-2.1/org.jetbrains.kotlinx/kotlinx-serialization-core-jvm/1.11.0/c1905c9bf7452b045d5af9248835abe64ddad6bf/kotlinx-serialization-core-jvm-1.11.0.jar
[0.920s][info][class,load] kotlinx.serialization.descriptors.PrimitiveKind$LONG source: file:/C:/Users/TONYS/Documents/Codex/2026-09-29/https-github-com-jay3-yy-bilipai/work/toolchain/gradle-home/caches/modules-2/files-2.1/org.jetbrains.kotlinx/kotlinx-serialization-core-jvm/1.11.0/c1905c9bf7452b045d5af9248835abe64ddad6bf/kotlinx-serialization-core-jvm-1.11.0.jar
[0.921s][info][class,load] kotlinx.serialization.internal.LongArraySerializer source: file:/C:/Users/TONYS/Documents/Codex/2026-09-29/https-github-com-jay3-yy-bilipai/work/toolchain/gradle-home/caches/modules-2/files-2.1/org.jetbrains.kotlinx/kotlinx-serialization-core-jvm/1.11.0/c1905c9bf7452b045d5af9248835abe64ddad6bf/kotlinx-serialization-core-jvm-1.11.0.jar
[0.921s][info][class,load] kotlin.ULong source: file:/C:/Users/TONYS/Documents/Codex/2026-09-29/https-github-com-jay3-yy-bilipai/work/toolchain/gradle-home/caches/modules-2/files-2.1/org.jetbrains.kotlin/kotlin-stdlib/2.4.10/8943c84ddc6d5cc00a10dbc3736c397066eeaab5/kotlin-stdlib-2.4.10.jar
[0.921s][info][class,load] kotlin.ULong$Companion source: file:/C:/Users/TONYS/Documents/Codex/2026-09-29/https-github-com-jay3-yy-bilipai/work/toolchain/gradle-home/caches/modules-2/files-2.1/org.jetbrains.kotlin/kotlin-stdlib/2.4.10/8943c84ddc6d5cc00a10dbc3736c397066eeaab5/kotlin-stdlib-2.4.10.jar
[0.921s][info][class,load] kotlinx.serialization.internal.ULongSerializer source: file:/C:/Users/TONYS/Documents/Codex/2026-09-29/https-github-com-jay3-yy-bilipai/work/toolchain/gradle-home/caches/modules-2/files-2.1/org.jetbrains.kotlinx/kotlinx-serialization-core-jvm/1.11.0/c1905c9bf7452b045d5af9248835abe64ddad6bf/kotlinx-serialization-core-jvm-1.11.0.jar
[0.922s][info][class,load] kotlinx.serialization.internal.InlineClassDescriptorKt source: file:/C:/Users/TONYS/Documents/Codex/2026-09-29/https-github-com-jay3-yy-bilipai/work/toolchain/gradle-home/caches/modules-2/files-2.1/org.jetbrains.kotlinx/kotlinx-serialization-core-jvm/1.11.0/c1905c9bf7452b045d5af9248835abe64ddad6bf/kotlinx-serialization-core-jvm-1.11.0.jar
[0.922s][info][class,load] kotlinx.serialization.internal.InlineClassDescriptor source: file:/C:/Users/TONYS/Documents/Codex/2026-09-29/https-github-com-jay3-yy-bilipai/work/toolchain/gradle-home/caches/modules-2/files-2.1/org.jetbrains.kotlinx/kotlinx-serialization-core-jvm/1.11.0/c1905c9bf7452b045d5af9248835abe64ddad6bf/kotlinx-serialization-core-jvm-1.11.0.jar
[0.922s][info][class,load] kotlinx.serialization.internal.InlineClassDescriptorKt$InlinePrimitiveDescriptor$1 source: file:/C:/Users/TONYS/Documents/Codex/2026-09-29/https-github-com-jay3-yy-bilipai/work/toolchain/gradle-home/caches/modules-2/files-2.1/org.jetbrains.kotlinx/kotlinx-serialization-core-jvm/1.11.0/c1905c9bf7452b045d5af9248835abe64ddad6bf/kotlinx-serialization-core-jvm-1.11.0.jar
[0.922s][info][class,load] kotlin.jvm.internal.IntCompanionObject source: file:/C:/Users/TONYS/Documents/Codex/2026-09-29/https-github-com-jay3-yy-bilipai/work/toolchain/gradle-home/caches/modules-2/files-2.1/org.jetbrains.kotlin/kotlin-stdlib/2.4.10/8943c84ddc6d5cc00a10dbc3736c397066eeaab5/kotlin-stdlib-2.4.10.jar
[0.923s][info][class,load] kotlinx.serialization.internal.IntSerializer source: file:/C:/Users/TONYS/Documents/Codex/2026-09-29/https-github-com-jay3-yy-bilipai/work/toolchain/gradle-home/caches/modules-2/files-2.1/org.jetbrains.kotlinx/kotlinx-serialization-core-jvm/1.11.0/c1905c9bf7452b045d5af9248835abe64ddad6bf/kotlinx-serialization-core-jvm-1.11.0.jar
[0.923s][info][class,load] kotlinx.serialization.internal.IntArraySerializer source: file:/C:/Users/TONYS/Documents/Codex/2026-09-29/https-github-com-jay3-yy-bilipai/work/toolchain/gradle-home/caches/modules-2/files-2.1/org.jetbrains.kotlinx/kotlinx-serialization-core-jvm/1.11.0/c1905c9bf7452b045d5af9248835abe64ddad6bf/kotlinx-serialization-core-jvm-1.11.0.jar
[0.923s][info][class,load] kotlin.UInt source: file:/C:/Users/TONYS/Documents/Codex/2026-09-29/https-github-com-jay3-yy-bilipai/work/toolchain/gradle-home/caches/modules-2/files-2.1/org.jetbrains.kotlin/kotlin-stdlib/2.4.10/8943c84ddc6d5cc00a10dbc3736c397066eeaab5/kotlin-stdlib-2.4.10.jar
[0.924s][info][class,load] kotlin.UInt$Companion source: file:/C:/Users/TONYS/Documents/Codex/2026-09-29/https-github-com-jay3-yy-bilipai/work/toolchain/gradle-home/caches/modules-2/files-2.1/org.jetbrains.kotlin/kotlin-stdlib/2.4.10/8943c84ddc6d5cc00a10dbc3736c397066eeaab5/kotlin-stdlib-2.4.10.jar
[0.924s][info][class,load] kotlinx.serialization.internal.UIntSerializer source: file:/C:/Users/TONYS/Documents/Codex/2026-09-29/https-github-com-jay3-yy-bilipai/work/toolchain/gradle-home/caches/modules-2/files-2.1/org.jetbrains.kotlinx/kotlinx-serialization-core-jvm/1.11.0/c1905c9bf7452b045d5af9248835abe64ddad6bf/kotlinx-serialization-core-jvm-1.11.0.jar
[0.924s][info][class,load] kotlin.jvm.internal.ShortCompanionObject source: file:/C:/Users/TONYS/Documents/Codex/2026-09-29/https-github-com-jay3-yy-bilipai/work/toolchain/gradle-home/caches/modules-2/files-2.1/org.jetbrains.kotlin/kotlin-stdlib/2.4.10/8943c84ddc6d5cc00a10dbc3736c397066eeaab5/kotlin-stdlib-2.4.10.jar
[0.924s][info][class,load] kotlinx.serialization.internal.ShortSerializer source: file:/C:/Users/TONYS/Documents/Codex/2026-09-29/https-github-com-jay3-yy-bilipai/work/toolchain/gradle-home/caches/modules-2/files-2.1/org.jetbrains.kotlinx/kotlinx-serialization-core-jvm/1.11.0/c1905c9bf7452b045d5af9248835abe64ddad6bf/kotlinx-serialization-core-jvm-1.11.0.jar
[0.924s][info][class,load] kotlinx.serialization.descriptors.PrimitiveKind$SHORT source: file:/C:/Users/TONYS/Documents/Codex/2026-09-29/https-github-com-jay3-yy-bilipai/work/toolchain/gradle-home/caches/modules-2/files-2.1/org.jetbrains.kotlinx/kotlinx-serialization-core-jvm/1.11.0/c1905c9bf7452b045d5af9248835abe64ddad6bf/kotlinx-serialization-core-jvm-1.11.0.jar
[0.924s][info][class,load] kotlinx.serialization.internal.ShortArraySerializer source: file:/C:/Users/TONYS/Documents/Codex/2026-09-29/https-github-com-jay3-yy-bilipai/work/toolchain/gradle-home/caches/modules-2/files-2.1/org.jetbrains.kotlinx/kotlinx-serialization-core-jvm/1.11.0/c1905c9bf7452b045d5af9248835abe64ddad6bf/kotlinx-serialization-core-jvm-1.11.0.jar
[0.925s][info][class,load] kotlin.UShort source: file:/C:/Users/TONYS/Documents/Codex/2026-09-29/https-github-com-jay3-yy-bilipai/work/toolchain/gradle-home/caches/modules-2/files-2.1/org.jetbrains.kotlin/kotlin-stdlib/2.4.10/8943c84ddc6d5cc00a10dbc3736c397066eeaab5/kotlin-stdlib-2.4.10.jar
[0.925s][info][class,load] kotlin.UShort$Companion source: file:/C:/Users/TONYS/Documents/Codex/2026-09-29/https-github-com-jay3-yy-bilipai/work/toolchain/gradle-home/caches/modules-2/files-2.1/org.jetbrains.kotlin/kotlin-stdlib/2.4.10/8943c84ddc6d5cc00a10dbc3736c397066eeaab5/kotlin-stdlib-2.4.10.jar
[0.925s][info][class,load] kotlinx.serialization.internal.UShortSerializer source: file:/C:/Users/TONYS/Documents/Codex/2026-09-29/https-github-com-jay3-yy-bilipai/work/toolchain/gradle-home/caches/modules-2/files-2.1/org.jetbrains.kotlinx/kotlinx-serialization-core-jvm/1.11.0/c1905c9bf7452b045d5af9248835abe64ddad6bf/kotlinx-serialization-core-jvm-1.11.0.jar
[0.925s][info][class,load] kotlin.jvm.internal.ByteCompanionObject source: file:/C:/Users/TONYS/Documents/Codex/2026-09-29/https-github-com-jay3-yy-bilipai/work/toolchain/gradle-home/caches/modules-2/files-2.1/org.jetbrains.kotlin/kotlin-stdlib/2.4.10/8943c84ddc6d5cc00a10dbc3736c397066eeaab5/kotlin-stdlib-2.4.10.jar
[0.925s][info][class,load] kotlinx.serialization.internal.ByteSerializer source: file:/C:/Users/TONYS/Documents/Codex/2026-09-29/https-github-com-jay3-yy-bilipai/work/toolchain/gradle-home/caches/modules-2/files-2.1/org.jetbrains.kotlinx/kotlinx-serialization-core-jvm/1.11.0/c1905c9bf7452b045d5af9248835abe64ddad6bf/kotlinx-serialization-core-jvm-1.11.0.jar
[0.925s][info][class,load] kotlinx.serialization.descriptors.PrimitiveKind$BYTE source: file:/C:/Users/TONYS/Documents/Codex/2026-09-29/https-github-com-jay3-yy-bilipai/work/toolchain/gradle-home/caches/modules-2/files-2.1/org.jetbrains.kotlinx/kotlinx-serialization-core-jvm/1.11.0/c1905c9bf7452b045d5af9248835abe64ddad6bf/kotlinx-serialization-core-jvm-1.11.0.jar
[0.926s][info][class,load] kotlinx.serialization.internal.ByteArraySerializer source: file:/C:/Users/TONYS/Documents/Codex/2026-09-29/https-github-com-jay3-yy-bilipai/work/toolchain/gradle-home/caches/modules-2/files-2.1/org.jetbrains.kotlinx/kotlinx-serialization-core-jvm/1.11.0/c1905c9bf7452b045d5af9248835abe64ddad6bf/kotlinx-serialization-core-jvm-1.11.0.jar
[0.926s][info][class,load] kotlin.UByte source: file:/C:/Users/TONYS/Documents/Codex/2026-09-29/https-github-com-jay3-yy-bilipai/work/toolchain/gradle-home/caches/modules-2/files-2.1/org.jetbrains.kotlin/kotlin-stdlib/2.4.10/8943c84ddc6d5cc00a10dbc3736c397066eeaab5/kotlin-stdlib-2.4.10.jar
[0.926s][info][class,load] kotlin.UByte$Companion source: file:/C:/Users/TONYS/Documents/Codex/2026-09-29/https-github-com-jay3-yy-bilipai/work/toolchain/gradle-home/caches/modules-2/files-2.1/org.jetbrains.kotlin/kotlin-stdlib/2.4.10/8943c84ddc6d5cc00a10dbc3736c397066eeaab5/kotlin-stdlib-2.4.10.jar
[0.926s][info][class,load] kotlinx.serialization.internal.UByteSerializer source: file:/C:/Users/TONYS/Documents/Codex/2026-09-29/https-github-com-jay3-yy-bilipai/work/toolchain/gradle-home/caches/modules-2/files-2.1/org.jetbrains.kotlinx/kotlinx-serialization-core-jvm/1.11.0/c1905c9bf7452b045d5af9248835abe64ddad6bf/kotlinx-serialization-core-jvm-1.11.0.jar
[0.926s][info][class,load] kotlin.jvm.internal.BooleanCompanionObject source: file:/C:/Users/TONYS/Documents/Codex/2026-09-29/https-github-com-jay3-yy-bilipai/work/toolchain/gradle-home/caches/modules-2/files-2.1/org.jetbrains.kotlin/kotlin-stdlib/2.4.10/8943c84ddc6d5cc00a10dbc3736c397066eeaab5/kotlin-stdlib-2.4.10.jar
[0.926s][info][class,load] kotlinx.serialization.internal.BooleanSerializer source: file:/C:/Users/TONYS/Documents/Codex/2026-09-29/https-github-com-jay3-yy-bilipai/work/toolchain/gradle-home/caches/modules-2/files-2.1/org.jetbrains.kotlinx/kotlinx-serialization-core-jvm/1.11.0/c1905c9bf7452b045d5af9248835abe64ddad6bf/kotlinx-serialization-core-jvm-1.11.0.jar
[0.926s][info][class,load] kotlinx.serialization.descriptors.PrimitiveKind$BOOLEAN source: file:/C:/Users/TONYS/Documents/Codex/2026-09-29/https-github-com-jay3-yy-bilipai/work/toolchain/gradle-home/caches/modules-2/files-2.1/org.jetbrains.kotlinx/kotlinx-serialization-core-jvm/1.11.0/c1905c9bf7452b045d5af9248835abe64ddad6bf/kotlinx-serialization-core-jvm-1.11.0.jar
[0.927s][info][class,load] kotlinx.serialization.internal.BooleanArraySerializer source: file:/C:/Users/TONYS/Documents/Codex/2026-09-29/https-github-com-jay3-yy-bilipai/work/toolchain/gradle-home/caches/modules-2/files-2.1/org.jetbrains.kotlinx/kotlinx-serialization-core-jvm/1.11.0/c1905c9bf7452b045d5af9248835abe64ddad6bf/kotlinx-serialization-core-jvm-1.11.0.jar
[0.927s][info][class,load] kotlinx.serialization.internal.UnitSerializer source: file:/C:/Users/TONYS/Documents/Codex/2026-09-29/https-github-com-jay3-yy-bilipai/work/toolchain/gradle-home/caches/modules-2/files-2.1/org.jetbrains.kotlinx/kotlinx-serialization-core-jvm/1.11.0/c1905c9bf7452b045d5af9248835abe64ddad6bf/kotlinx-serialization-core-jvm-1.11.0.jar
[0.927s][info][class,load] kotlinx.serialization.internal.ObjectSerializer source: file:/C:/Users/TONYS/Documents/Codex/2026-09-29/https-github-com-jay3-yy-bilipai/work/toolchain/gradle-home/caches/modules-2/files-2.1/org.jetbrains.kotlinx/kotlinx-serialization-core-jvm/1.11.0/c1905c9bf7452b045d5af9248835abe64ddad6bf/kotlinx-serialization-core-jvm-1.11.0.jar
[0.927s][info][class,load] kotlinx.serialization.internal.ObjectSerializer$$Lambda/0x000000d53212d820 source: kotlinx.serialization.internal.ObjectSerializer
[0.928s][info][class,load] kotlinx.serialization.internal.NothingSerializer source: file:/C:/Users/TONYS/Documents/Codex/2026-09-29/https-github-com-jay3-yy-bilipai/work/toolchain/gradle-home/caches/modules-2/files-2.1/org.jetbrains.kotlinx/kotlinx-serialization-core-jvm/1.11.0/c1905c9bf7452b045d5af9248835abe64ddad6bf/kotlinx-serialization-core-jvm-1.11.0.jar
[0.928s][info][class,load] kotlinx.serialization.internal.NothingSerialDescriptor source: file:/C:/Users/TONYS/Documents/Codex/2026-09-29/https-github-com-jay3-yy-bilipai/work/toolchain/gradle-home/caches/modules-2/files-2.1/org.jetbrains.kotlinx/kotlinx-serialization-core-jvm/1.11.0/c1905c9bf7452b045d5af9248835abe64ddad6bf/kotlinx-serialization-core-jvm-1.11.0.jar
[0.928s][info][class,load] kotlinx.serialization.descriptors.StructureKind$OBJECT source: file:/C:/Users/TONYS/Documents/Codex/2026-09-29/https-github-com-jay3-yy-bilipai/work/toolchain/gradle-home/caches/modules-2/files-2.1/org.jetbrains.kotlinx/kotlinx-serialization-core-jvm/1.11.0/c1905c9bf7452b045d5af9248835abe64ddad6bf/kotlinx-serialization-core-jvm-1.11.0.jar
[0.928s][info][class,load] kotlin.time.Duration source: file:/C:/Users/TONYS/Documents/Codex/2026-09-29/https-github-com-jay3-yy-bilipai/work/toolchain/gradle-home/caches/modules-2/files-2.1/org.jetbrains.kotlin/kotlin-stdlib/2.4.10/8943c84ddc6d5cc00a10dbc3736c397066eeaab5/kotlin-stdlib-2.4.10.jar
[0.929s][info][class,load] kotlin.time.Duration$Companion source: file:/C:/Users/TONYS/Documents/Codex/2026-09-29/https-github-com-jay3-yy-bilipai/work/toolchain/gradle-home/caches/modules-2/files-2.1/org.jetbrains.kotlin/kotlin-stdlib/2.4.10/8943c84ddc6d5cc00a10dbc3736c397066eeaab5/kotlin-stdlib-2.4.10.jar
[0.930s][info][class,load] kotlin.time.DurationKt source: file:/C:/Users/TONYS/Documents/Codex/2026-09-29/https-github-com-jay3-yy-bilipai/work/toolchain/gradle-home/caches/modules-2/files-2.1/org.jetbrains.kotlin/kotlin-stdlib/2.4.10/8943c84ddc6d5cc00a10dbc3736c397066eeaab5/kotlin-stdlib-2.4.10.jar
[0.930s][info][class,load] kotlin.time.DurationJvmKt source: file:/C:/Users/TONYS/Documents/Codex/2026-09-29/https-github-com-jay3-yy-bilipai/work/toolchain/gradle-home/caches/modules-2/files-2.1/org.jetbrains.kotlin/kotlin-stdlib/2.4.10/8943c84ddc6d5cc00a10dbc3736c397066eeaab5/kotlin-stdlib-2.4.10.jar
[0.930s][info][class,load] kotlinx.serialization.internal.DurationSerializer source: file:/C:/Users/TONYS/Documents/Codex/2026-09-29/https-github-com-jay3-yy-bilipai/work/toolchain/gradle-home/caches/modules-2/files-2.1/org.jetbrains.kotlinx/kotlinx-serialization-core-jvm/1.11.0/c1905c9bf7452b045d5af9248835abe64ddad6bf/kotlinx-serialization-core-jvm-1.11.0.jar
[0.930s][info][class,load] kotlin.ULongArray source: file:/C:/Users/TONYS/Documents/Codex/2026-09-29/https-github-com-jay3-yy-bilipai/work/toolchain/gradle-home/caches/modules-2/files-2.1/org.jetbrains.kotlin/kotlin-stdlib/2.4.10/8943c84ddc6d5cc00a10dbc3736c397066eeaab5/kotlin-stdlib-2.4.10.jar
[0.930s][info][class,load] kotlinx.serialization.internal.ULongArraySerializer source: file:/C:/Users/TONYS/Documents/Codex/2026-09-29/https-github-com-jay3-yy-bilipai/work/toolchain/gradle-home/caches/modules-2/files-2.1/org.jetbrains.kotlinx/kotlinx-serialization-core-jvm/1.11.0/c1905c9bf7452b045d5af9248835abe64ddad6bf/kotlinx-serialization-core-jvm-1.11.0.jar
[0.931s][info][class,load] kotlin.UIntArray source: file:/C:/Users/TONYS/Documents/Codex/2026-09-29/https-github-com-jay3-yy-bilipai/work/toolchain/gradle-home/caches/modules-2/files-2.1/org.jetbrains.kotlin/kotlin-stdlib/2.4.10/8943c84ddc6d5cc00a10dbc3736c397066eeaab5/kotlin-stdlib-2.4.10.jar
[0.931s][info][class,load] kotlinx.serialization.internal.UIntArraySerializer source: file:/C:/Users/TONYS/Documents/Codex/2026-09-29/https-github-com-jay3-yy-bilipai/work/toolchain/gradle-home/caches/modules-2/files-2.1/org.jetbrains.kotlinx/kotlinx-serialization-core-jvm/1.11.0/c1905c9bf7452b045d5af9248835abe64ddad6bf/kotlinx-serialization-core-jvm-1.11.0.jar
[0.931s][info][class,load] kotlin.UShortArray source: file:/C:/Users/TONYS/Documents/Codex/2026-09-29/https-github-com-jay3-yy-bilipai/work/toolchain/gradle-home/caches/modules-2/files-2.1/org.jetbrains.kotlin/kotlin-stdlib/2.4.10/8943c84ddc6d5cc00a10dbc3736c397066eeaab5/kotlin-stdlib-2.4.10.jar
[0.931s][info][class,load] kotlinx.serialization.internal.UShortArraySerializer source: file:/C:/Users/TONYS/Documents/Codex/2026-09-29/https-github-com-jay3-yy-bilipai/work/toolchain/gradle-home/caches/modules-2/files-2.1/org.jetbrains.kotlinx/kotlinx-serialization-core-jvm/1.11.0/c1905c9bf7452b045d5af9248835abe64ddad6bf/kotlinx-serialization-core-jvm-1.11.0.jar
[0.932s][info][class,load] kotlin.UByteArray source: file:/C:/Users/TONYS/Documents/Codex/2026-09-29/https-github-com-jay3-yy-bilipai/work/toolchain/gradle-home/caches/modules-2/files-2.1/org.jetbrains.kotlin/kotlin-stdlib/2.4.10/8943c84ddc6d5cc00a10dbc3736c397066eeaab5/kotlin-stdlib-2.4.10.jar
[0.932s][info][class,load] kotlinx.serialization.internal.UByteArraySerializer source: file:/C:/Users/TONYS/Documents/Codex/2026-09-29/https-github-com-jay3-yy-bilipai/work/toolchain/gradle-home/caches/modules-2/files-2.1/org.jetbrains.kotlinx/kotlinx-serialization-core-jvm/1.11.0/c1905c9bf7452b045d5af9248835abe64ddad6bf/kotlinx-serialization-core-jvm-1.11.0.jar
[0.932s][info][class,load] kotlin.uuid.Uuid source: file:/C:/Users/TONYS/Documents/Codex/2026-09-29/https-github-com-jay3-yy-bilipai/work/toolchain/gradle-home/caches/modules-2/files-2.1/org.jetbrains.kotlin/kotlin-stdlib/2.4.10/8943c84ddc6d5cc00a10dbc3736c397066eeaab5/kotlin-stdlib-2.4.10.jar
[0.932s][info][class,load] kotlin.uuid.Uuid$Companion source: file:/C:/Users/TONYS/Documents/Codex/2026-09-29/https-github-com-jay3-yy-bilipai/work/toolchain/gradle-home/caches/modules-2/files-2.1/org.jetbrains.kotlin/kotlin-stdlib/2.4.10/8943c84ddc6d5cc00a10dbc3736c397066eeaab5/kotlin-stdlib-2.4.10.jar
[0.932s][info][class,load] kotlinx.serialization.internal.UuidSerializer source: file:/C:/Users/TONYS/Documents/Codex/2026-09-29/https-github-com-jay3-yy-bilipai/work/toolchain/gradle-home/caches/modules-2/files-2.1/org.jetbrains.kotlinx/kotlinx-serialization-core-jvm/1.11.0/c1905c9bf7452b045d5af9248835abe64ddad6bf/kotlinx-serialization-core-jvm-1.11.0.jar
[0.933s][info][class,load] kotlin.time.Instant source: file:/C:/Users/TONYS/Documents/Codex/2026-09-29/https-github-com-jay3-yy-bilipai/work/toolchain/gradle-home/caches/modules-2/files-2.1/org.jetbrains.kotlin/kotlin-stdlib/2.4.10/8943c84ddc6d5cc00a10dbc3736c397066eeaab5/kotlin-stdlib-2.4.10.jar
[0.933s][info][class,load] kotlin.time.Instant$Companion source: file:/C:/Users/TONYS/Documents/Codex/2026-09-29/https-github-com-jay3-yy-bilipai/work/toolchain/gradle-home/caches/modules-2/files-2.1/org.jetbrains.kotlin/kotlin-stdlib/2.4.10/8943c84ddc6d5cc00a10dbc3736c397066eeaab5/kotlin-stdlib-2.4.10.jar
[0.933s][info][class,load] kotlinx.serialization.internal.InstantSerializer source: file:/C:/Users/TONYS/Documents/Codex/2026-09-29/https-github-com-jay3-yy-bilipai/work/toolchain/gradle-home/caches/modules-2/files-2.1/org.jetbrains.kotlinx/kotlinx-serialization-core-jvm/1.11.0/c1905c9bf7452b045d5af9248835abe64ddad6bf/kotlinx-serialization-core-jvm-1.11.0.jar
[0.933s][info][class,load] kotlin.collections.AbstractMutableCollection source: file:/C:/Users/TONYS/Documents/Codex/2026-09-29/https-github-com-jay3-yy-bilipai/work/toolchain/gradle-home/caches/modules-2/files-2.1/org.jetbrains.kotlin/kotlin-stdlib/2.4.10/8943c84ddc6d5cc00a10dbc3736c397066eeaab5/kotlin-stdlib-2.4.10.jar
[0.933s][info][class,load] kotlin.collections.builders.MapBuilderValues source: file:/C:/Users/TONYS/Documents/Codex/2026-09-29/https-github-com-jay3-yy-bilipai/work/toolchain/gradle-home/caches/modules-2/files-2.1/org.jetbrains.kotlin/kotlin-stdlib/2.4.10/8943c84ddc6d5cc00a10dbc3736c397066eeaab5/kotlin-stdlib-2.4.10.jar
[0.934s][info][class,load] kotlin.jvm.internal.markers.KMutableIterator source: file:/C:/Users/TONYS/Documents/Codex/2026-09-29/https-github-com-jay3-yy-bilipai/work/toolchain/gradle-home/caches/modules-2/files-2.1/org.jetbrains.kotlin/kotlin-stdlib/2.4.10/8943c84ddc6d5cc00a10dbc3736c397066eeaab5/kotlin-stdlib-2.4.10.jar
[0.934s][info][class,load] kotlin.collections.builders.MapBuilder$Itr source: file:/C:/Users/TONYS/Documents/Codex/2026-09-29/https-github-com-jay3-yy-bilipai/work/toolchain/gradle-home/caches/modules-2/files-2.1/org.jetbrains.kotlin/kotlin-stdlib/2.4.10/8943c84ddc6d5cc00a10dbc3736c397066eeaab5/kotlin-stdlib-2.4.10.jar
[0.934s][info][class,load] kotlin.collections.builders.MapBuilder$ValuesItr source: file:/C:/Users/TONYS/Documents/Codex/2026-09-29/https-github-com-jay3-yy-bilipai/work/toolchain/gradle-home/caches/modules-2/files-2.1/org.jetbrains.kotlin/kotlin-stdlib/2.4.10/8943c84ddc6d5cc00a10dbc3736c397066eeaab5/kotlin-stdlib-2.4.10.jar
[0.934s][info][class,load] java.util.ConcurrentModificationException source: jrt:/java.base
[0.934s][info][class,load] kotlinx.serialization.descriptors.ClassSerialDescriptorBuilder source: file:/C:/Users/TONYS/Documents/Codex/2026-09-29/https-github-com-jay3-yy-bilipai/work/toolchain/gradle-home/caches/modules-2/files-2.1/org.jetbrains.kotlinx/kotlinx-serialization-core-jvm/1.11.0/c1905c9bf7452b045d5af9248835abe64ddad6bf/kotlinx-serialization-core-jvm-1.11.0.jar
[0.934s][info][class,load] kotlinx.serialization.internal.ObjectSerializer$$Lambda/0x000000d5321320b0 source: kotlinx.serialization.internal.ObjectSerializer
[0.935s][info][class,load] kotlinx.serialization.descriptors.SerialDescriptorImpl source: file:/C:/Users/TONYS/Documents/Codex/2026-09-29/https-github-com-jay3-yy-bilipai/work/toolchain/gradle-home/caches/modules-2/files-2.1/org.jetbrains.kotlinx/kotlinx-serialization-core-jvm/1.11.0/c1905c9bf7452b045d5af9248835abe64ddad6bf/kotlinx-serialization-core-jvm-1.11.0.jar
[0.935s][info][class,load] kotlinx.serialization.internal.Platform_commonKt source: file:/C:/Users/TONYS/Documents/Codex/2026-09-29/https-github-com-jay3-yy-bilipai/work/toolchain/gradle-home/caches/modules-2/files-2.1/org.jetbrains.kotlinx/kotlinx-serialization-core-jvm/1.11.0/c1905c9bf7452b045d5af9248835abe64ddad6bf/kotlinx-serialization-core-jvm-1.11.0.jar
[0.935s][info][class,load] kotlin.collections.IndexingIterable source: file:/C:/Users/TONYS/Documents/Codex/2026-09-29/https-github-com-jay3-yy-bilipai/work/toolchain/gradle-home/caches/modules-2/files-2.1/org.jetbrains.kotlin/kotlin-stdlib/2.4.10/8943c84ddc6d5cc00a10dbc3736c397066eeaab5/kotlin-stdlib-2.4.10.jar
[0.936s][info][class,load] kotlin.collections.ArraysKt___ArraysKt$$Lambda/0x000000d5321329b8 source: kotlin.collections.ArraysKt___ArraysKt
[0.936s][info][class,load] kotlin.collections.IndexingIterator source: file:/C:/Users/TONYS/Documents/Codex/2026-09-29/https-github-com-jay3-yy-bilipai/work/toolchain/gradle-home/caches/modules-2/files-2.1/org.jetbrains.kotlin/kotlin-stdlib/2.4.10/8943c84ddc6d5cc00a10dbc3736c397066eeaab5/kotlin-stdlib-2.4.10.jar
[0.936s][info][class,load] kotlin.jvm.internal.ArrayIteratorKt source: file:/C:/Users/TONYS/Documents/Codex/2026-09-29/https-github-com-jay3-yy-bilipai/work/toolchain/gradle-home/caches/modules-2/files-2.1/org.jetbrains.kotlin/kotlin-stdlib/2.4.10/8943c84ddc6d5cc00a10dbc3736c397066eeaab5/kotlin-stdlib-2.4.10.jar
[0.936s][info][class,load] kotlin.jvm.internal.ArrayIterator source: file:/C:/Users/TONYS/Documents/Codex/2026-09-29/https-github-com-jay3-yy-bilipai/work/toolchain/gradle-home/caches/modules-2/files-2.1/org.jetbrains.kotlin/kotlin-stdlib/2.4.10/8943c84ddc6d5cc00a10dbc3736c397066eeaab5/kotlin-stdlib-2.4.10.jar
[0.936s][info][class,load] kotlinx.serialization.descriptors.SerialDescriptorImpl$$Lambda/0x000000d532133278 source: kotlinx.serialization.descriptors.SerialDescriptorImpl
[0.937s][info][class,load] kotlinx.serialization.json.internal.JsonTreeReader source: file:/C:/Users/TONYS/Documents/Codex/2026-09-29/https-github-com-jay3-yy-bilipai/work/toolchain/gradle-home/caches/modules-2/files-2.1/org.jetbrains.kotlinx/kotlinx-serialization-json-jvm/1.11.0/e7e045e99e56f07599bb9ccb708c2190e2af0606/kotlinx-serialization-json-jvm-1.11.0.jar
[0.937s][info][class,load] kotlinx.serialization.json.JsonPrimitive source: file:/C:/Users/TONYS/Documents/Codex/2026-09-29/https-github-com-jay3-yy-bilipai/work/toolchain/gradle-home/caches/modules-2/files-2.1/org.jetbrains.kotlinx/kotlinx-serialization-json-jvm/1.11.0/e7e045e99e56f07599bb9ccb708c2190e2af0606/kotlinx-serialization-json-jvm-1.11.0.jar
[0.937s][info][class,load] kotlinx.serialization.json.JsonLiteral source: file:/C:/Users/TONYS/Documents/Codex/2026-09-29/https-github-com-jay3-yy-bilipai/work/toolchain/gradle-home/caches/modules-2/files-2.1/org.jetbrains.kotlinx/kotlinx-serialization-json-jvm/1.11.0/e7e045e99e56f07599bb9ccb708c2190e2af0606/kotlinx-serialization-json-jvm-1.11.0.jar
[0.937s][info][class,load] kotlinx.serialization.json.JsonPrimitive$Companion source: file:/C:/Users/TONYS/Documents/Codex/2026-09-29/https-github-com-jay3-yy-bilipai/work/toolchain/gradle-home/caches/modules-2/files-2.1/org.jetbrains.kotlinx/kotlinx-serialization-json-jvm/1.11.0/e7e045e99e56f07599bb9ccb708c2190e2af0606/kotlinx-serialization-json-jvm-1.11.0.jar
[0.937s][info][class,load] com.android.purebilibili.data.model.response.SearchModelsKt source: file:/C:/Users/TONYS/Documents/Codex/2026-09-29/https-github-com-jay3-yy-bilipai/work/BiliPai/desktop/.local/dynamic-detail-reply-main-integration/main-product-snapshot-01/main-kotlin.jar
[0.938s][info][class,load] com.android.purebilibili.data.model.response.ReplyMemberOrDefaultSerializer source: file:/C:/Users/TONYS/Documents/Codex/2026-09-29/https-github-com-jay3-yy-bilipai/work/BiliPai/desktop/.local/dynamic-detail-reply-main-integration/main-product-snapshot-01/main-kotlin.jar
[0.938s][info][class,load] com.android.purebilibili.data.model.response.ReplyMember$$serializer source: file:/C:/Users/TONYS/Documents/Codex/2026-09-29/https-github-com-jay3-yy-bilipai/work/BiliPai/desktop/.local/dynamic-detail-reply-main-integration/main-product-snapshot-01/main-kotlin.jar
[0.939s][info][class,load] kotlinx.serialization.json.JsonNull source: file:/C:/Users/TONYS/Documents/Codex/2026-09-29/https-github-com-jay3-yy-bilipai/work/toolchain/gradle-home/caches/modules-2/files-2.1/org.jetbrains.kotlinx/kotlinx-serialization-json-jvm/1.11.0/e7e045e99e56f07599bb9ccb708c2190e2af0606/kotlinx-serialization-json-jvm-1.11.0.jar
[0.939s][info][class,load] kotlinx.serialization.json.internal.TreeJsonDecoderKt source: file:/C:/Users/TONYS/Documents/Codex/2026-09-29/https-github-com-jay3-yy-bilipai/work/toolchain/gradle-home/caches/modules-2/files-2.1/org.jetbrains.kotlinx/kotlinx-serialization-json-jvm/1.11.0/e7e045e99e56f07599bb9ccb708c2190e2af0606/kotlinx-serialization-json-jvm-1.11.0.jar
[0.940s][info][class,load] kotlinx.serialization.internal.TaggedDecoder source: file:/C:/Users/TONYS/Documents/Codex/2026-09-29/https-github-com-jay3-yy-bilipai/work/toolchain/gradle-home/caches/modules-2/files-2.1/org.jetbrains.kotlinx/kotlinx-serialization-core-jvm/1.11.0/c1905c9bf7452b045d5af9248835abe64ddad6bf/kotlinx-serialization-core-jvm-1.11.0.jar
[0.940s][info][class,load] kotlinx.serialization.internal.NamedValueDecoder source: file:/C:/Users/TONYS/Documents/Codex/2026-09-29/https-github-com-jay3-yy-bilipai/work/toolchain/gradle-home/caches/modules-2/files-2.1/org.jetbrains.kotlinx/kotlinx-serialization-core-jvm/1.11.0/c1905c9bf7452b045d5af9248835abe64ddad6bf/kotlinx-serialization-core-jvm-1.11.0.jar
[0.940s][info][class,load] kotlinx.serialization.json.internal.AbstractJsonTreeDecoder source: file:/C:/Users/TONYS/Documents/Codex/2026-09-29/https-github-com-jay3-yy-bilipai/work/toolchain/gradle-home/caches/modules-2/files-2.1/org.jetbrains.kotlinx/kotlinx-serialization-json-jvm/1.11.0/e7e045e99e56f07599bb9ccb708c2190e2af0606/kotlinx-serialization-json-jvm-1.11.0.jar
[0.940s][info][class,load] kotlinx.serialization.json.internal.JsonTreeDecoder source: file:/C:/Users/TONYS/Documents/Codex/2026-09-29/https-github-com-jay3-yy-bilipai/work/toolchain/gradle-home/caches/modules-2/files-2.1/org.jetbrains.kotlinx/kotlinx-serialization-json-jvm/1.11.0/e7e045e99e56f07599bb9ccb708c2190e2af0606/kotlinx-serialization-json-jvm-1.11.0.jar
[0.941s][info][class,load] com.android.purebilibili.data.model.response.FlexibleStringSerializer source: file:/C:/Users/TONYS/Documents/Codex/2026-09-29/https-github-com-jay3-yy-bilipai/work/BiliPai/desktop/.local/dynamic-detail-reply-main-integration/main-product-snapshot-01/main-kotlin.jar
[0.941s][info][class,load] kotlinx.serialization.internal.TaggedDecoder$$Lambda/0x000000d532135e10 source: kotlinx.serialization.internal.TaggedDecoder
[0.941s][info][class,load] kotlinx.serialization.json.JsonSchemaCacheKt source: file:/C:/Users/TONYS/Documents/Codex/2026-09-29/https-github-com-jay3-yy-bilipai/work/toolchain/gradle-home/caches/modules-2/files-2.1/org.jetbrains.kotlinx/kotlinx-serialization-json-jvm/1.11.0/e7e045e99e56f07599bb9ccb708c2190e2af0606/kotlinx-serialization-json-jvm-1.11.0.jar
[0.941s][info][class,load] kotlinx.serialization.json.internal.JsonNamesMapKt$$Lambda/0x000000d532136240 source: kotlinx.serialization.json.internal.JsonNamesMapKt
[0.941s][info][class,load] kotlinx.serialization.internal.PluginHelperInterfacesKt source: file:/C:/Users/TONYS/Documents/Codex/2026-09-29/https-github-com-jay3-yy-bilipai/work/toolchain/gradle-home/caches/modules-2/files-2.1/org.jetbrains.kotlinx/kotlinx-serialization-core-jvm/1.11.0/c1905c9bf7452b045d5af9248835abe64ddad6bf/kotlinx-serialization-core-jvm-1.11.0.jar
[0.942s][info][class,load] kotlinx.serialization.internal.PluginGeneratedSerialDescriptorKt source: file:/C:/Users/TONYS/Documents/Codex/2026-09-29/https-github-com-jay3-yy-bilipai/work/toolchain/gradle-home/caches/modules-2/files-2.1/org.jetbrains.kotlinx/kotlinx-serialization-core-jvm/1.11.0/c1905c9bf7452b045d5af9248835abe64ddad6bf/kotlinx-serialization-core-jvm-1.11.0.jar
[0.942s][info][class,load] kotlinx.serialization.descriptors.SerialDescriptorKt source: file:/C:/Users/TONYS/Documents/Codex/2026-09-29/https-github-com-jay3-yy-bilipai/work/toolchain/gradle-home/caches/modules-2/files-2.1/org.jetbrains.kotlinx/kotlinx-serialization-core-jvm/1.11.0/c1905c9bf7452b045d5af9248835abe64ddad6bf/kotlinx-serialization-core-jvm-1.11.0.jar
[0.942s][info][class,load] kotlinx.serialization.descriptors.SerialDescriptorKt$special$$inlined$Iterable$1 source: file:/C:/Users/TONYS/Documents/Codex/2026-09-29/https-github-com-jay3-yy-bilipai/work/toolchain/gradle-home/caches/modules-2/files-2.1/org.jetbrains.kotlinx/kotlinx-serialization-core-jvm/1.11.0/c1905c9bf7452b045d5af9248835abe64ddad6bf/kotlinx-serialization-core-jvm-1.11.0.jar
[0.942s][info][class,load] kotlinx.serialization.descriptors.SerialDescriptorKt$elementDescriptors$1$1 source: file:/C:/Users/TONYS/Documents/Codex/2026-09-29/https-github-com-jay3-yy-bilipai/work/toolchain/gradle-home/caches/modules-2/files-2.1/org.jetbrains.kotlinx/kotlinx-serialization-core-jvm/1.11.0/c1905c9bf7452b045d5af9248835abe64ddad6bf/kotlinx-serialization-core-jvm-1.11.0.jar
[0.942s][info][class,load] com.android.purebilibili.data.model.response.ReplyLevelInfo$$serializer source: file:/C:/Users/TONYS/Documents/Codex/2026-09-29/https-github-com-jay3-yy-bilipai/work/BiliPai/desktop/.local/dynamic-detail-reply-main-integration/main-product-snapshot-01/main-kotlin.jar
[0.943s][info][class,load] com.android.purebilibili.data.model.response.ReplyVipInfo$$serializer source: file:/C:/Users/TONYS/Documents/Codex/2026-09-29/https-github-com-jay3-yy-bilipai/work/BiliPai/desktop/.local/dynamic-detail-reply-main-integration/main-product-snapshot-01/main-kotlin.jar
[0.943s][info][class,load] kotlinx.serialization.internal.NullableSerializer source: file:/C:/Users/TONYS/Documents/Codex/2026-09-29/https-github-com-jay3-yy-bilipai/work/toolchain/gradle-home/caches/modules-2/files-2.1/org.jetbrains.kotlinx/kotlinx-serialization-core-jvm/1.11.0/c1905c9bf7452b045d5af9248835abe64ddad6bf/kotlinx-serialization-core-jvm-1.11.0.jar
[0.943s][info][class,load] kotlinx.serialization.internal.SerialDescriptorForNullable source: file:/C:/Users/TONYS/Documents/Codex/2026-09-29/https-github-com-jay3-yy-bilipai/work/toolchain/gradle-home/caches/modules-2/files-2.1/org.jetbrains.kotlinx/kotlinx-serialization-core-jvm/1.11.0/c1905c9bf7452b045d5af9248835abe64ddad6bf/kotlinx-serialization-core-jvm-1.11.0.jar
[0.943s][info][class,load] com.android.purebilibili.data.model.response.OfficialVerify$$serializer source: file:/C:/Users/TONYS/Documents/Codex/2026-09-29/https-github-com-jay3-yy-bilipai/work/BiliPai/desktop/.local/dynamic-detail-reply-main-integration/main-product-snapshot-01/main-kotlin.jar
[0.943s][info][class,load] com.android.purebilibili.data.model.response.ReplyFansDetail$$serializer source: file:/C:/Users/TONYS/Documents/Codex/2026-09-29/https-github-com-jay3-yy-bilipai/work/BiliPai/desktop/.local/dynamic-detail-reply-main-integration/main-product-snapshot-01/main-kotlin.jar
[0.944s][info][class,load] com.android.purebilibili.data.model.response.ReplySailingPendant$$serializer source: file:/C:/Users/TONYS/Documents/Codex/2026-09-29/https-github-com-jay3-yy-bilipai/work/BiliPai/desktop/.local/dynamic-detail-reply-main-integration/main-product-snapshot-01/main-kotlin.jar
[0.944s][info][class,load] com.android.purebilibili.data.model.response.ReplyNameplate$$serializer source: file:/C:/Users/TONYS/Documents/Codex/2026-09-29/https-github-com-jay3-yy-bilipai/work/BiliPai/desktop/.local/dynamic-detail-reply-main-integration/main-product-snapshot-01/main-kotlin.jar
[0.944s][info][class,load] com.android.purebilibili.data.model.response.FlexibleImageUrlSerializer source: file:/C:/Users/TONYS/Documents/Codex/2026-09-29/https-github-com-jay3-yy-bilipai/work/BiliPai/desktop/.local/dynamic-detail-reply-main-integration/main-product-snapshot-01/main-kotlin.jar
[0.944s][info][class,load] com.android.purebilibili.data.model.response.FlexibleFlagIntSerializer source: file:/C:/Users/TONYS/Documents/Codex/2026-09-29/https-github-com-jay3-yy-bilipai/work/BiliPai/desktop/.local/dynamic-detail-reply-main-integration/main-product-snapshot-01/main-kotlin.jar
[0.944s][info][class,load] com.android.purebilibili.data.model.response.ReplyUserSailingOrNullSerializer source: file:/C:/Users/TONYS/Documents/Codex/2026-09-29/https-github-com-jay3-yy-bilipai/work/BiliPai/desktop/.local/dynamic-detail-reply-main-integration/main-product-snapshot-01/main-kotlin.jar
[0.945s][info][class,load] com.android.purebilibili.data.model.response.ReplyUserSailing source: file:/C:/Users/TONYS/Documents/Codex/2026-09-29/https-github-com-jay3-yy-bilipai/work/BiliPai/desktop/.local/dynamic-detail-reply-main-integration/main-product-snapshot-01/main-kotlin.jar
[0.945s][info][class,load] com.android.purebilibili.data.model.response.ReplyUserSailing$Companion source: file:/C:/Users/TONYS/Documents/Codex/2026-09-29/https-github-com-jay3-yy-bilipai/work/BiliPai/desktop/.local/dynamic-detail-reply-main-integration/main-product-snapshot-01/main-kotlin.jar
[0.945s][info][class,load] com.android.purebilibili.data.model.response.ReplyUserSailing$$serializer source: file:/C:/Users/TONYS/Documents/Codex/2026-09-29/https-github-com-jay3-yy-bilipai/work/BiliPai/desktop/.local/dynamic-detail-reply-main-integration/main-product-snapshot-01/main-kotlin.jar
[0.945s][info][class,load] com.android.purebilibili.data.model.response.ReplyContent$$serializer source: file:/C:/Users/TONYS/Documents/Codex/2026-09-29/https-github-com-jay3-yy-bilipai/work/BiliPai/desktop/.local/dynamic-detail-reply-main-integration/main-product-snapshot-01/main-kotlin.jar
[0.946s][info][class,load] kotlinx.serialization.json.JsonNames source: file:/C:/Users/TONYS/Documents/Codex/2026-09-29/https-github-com-jay3-yy-bilipai/work/toolchain/gradle-home/caches/modules-2/files-2.1/org.jetbrains.kotlinx/kotlinx-serialization-json-jvm/1.11.0/e7e045e99e56f07599bb9ccb708c2190e2af0606/kotlinx-serialization-json-jvm-1.11.0.jar
[0.946s][info][class,load] com.android.purebilibili.data.model.response.ReplyContent$$serializer$annotationImpl$kotlinx_serialization_json_JsonNames$0 source: file:/C:/Users/TONYS/Documents/Codex/2026-09-29/https-github-com-jay3-yy-bilipai/work/BiliPai/desktop/.local/dynamic-detail-reply-main-integration/main-product-snapshot-01/main-kotlin.jar
[0.946s][info][class,load] com.android.purebilibili.data.model.response.UnescapedStringSerializer source: file:/C:/Users/TONYS/Documents/Codex/2026-09-29/https-github-com-jay3-yy-bilipai/work/BiliPai/desktop/.local/dynamic-detail-reply-main-integration/main-product-snapshot-01/main-kotlin.jar
[0.946s][info][class,load] com.android.purebilibili.data.model.response.FlexibleLongSerializer source: file:/C:/Users/TONYS/Documents/Codex/2026-09-29/https-github-com-jay3-yy-bilipai/work/BiliPai/desktop/.local/dynamic-detail-reply-main-integration/main-product-snapshot-01/main-kotlin.jar
[0.946s][info][class,load] com.android.purebilibili.data.model.response.ReplyPicture$$serializer source: file:/C:/Users/TONYS/Documents/Codex/2026-09-29/https-github-com-jay3-yy-bilipai/work/BiliPai/desktop/.local/dynamic-detail-reply-main-integration/main-product-snapshot-01/main-kotlin.jar
[0.947s][info][class,load] com.android.purebilibili.data.model.response.ReplyControl$$serializer source: file:/C:/Users/TONYS/Documents/Codex/2026-09-29/https-github-com-jay3-yy-bilipai/work/BiliPai/desktop/.local/dynamic-detail-reply-main-integration/main-product-snapshot-01/main-kotlin.jar
[0.947s][info][class,load] com.android.purebilibili.data.model.response.FlexibleBooleanSerializer source: file:/C:/Users/TONYS/Documents/Codex/2026-09-29/https-github-com-jay3-yy-bilipai/work/BiliPai/desktop/.local/dynamic-detail-reply-main-integration/main-product-snapshot-01/main-kotlin.jar
[0.947s][info][class,load] kotlinx.serialization.json.JsonElementKt source: file:/C:/Users/TONYS/Documents/Codex/2026-09-29/https-github-com-jay3-yy-bilipai/work/toolchain/gradle-home/caches/modules-2/files-2.1/org.jetbrains.kotlinx/kotlinx-serialization-json-jvm/1.11.0/e7e045e99e56f07599bb9ccb708c2190e2af0606/kotlinx-serialization-json-jvm-1.11.0.jar
[0.948s][info][class,load] kotlin.test.Asserter$$Lambda/0x000000d53213a848 source: kotlin.test.Asserter
[0.951s][info][class,load] com.android.purebilibili.data.repository.DesktopDynamicCommentProtocol$fetchNonWbiCommentFallback$1 source: file:/C:/Users/TONYS/Documents/Codex/2026-09-29/https-github-com-jay3-yy-bilipai/work/BiliPai/desktop/.local/dynamic-detail-reply-main-integration/main-product-snapshot-01/main-kotlin.jar
[0.962s][info][class,load] com.android.purebilibili.data.repository.DesktopDynamicCommentProtocol$fetchCommentEmptySuccessFallback$1 source: file:/C:/Users/TONYS/Documents/Codex/2026-09-29/https-github-com-jay3-yy-bilipai/work/BiliPai/desktop/.local/dynamic-detail-reply-main-integration/main-product-snapshot-01/main-kotlin.jar
[0.963s][info][class,load] com.android.purebilibili.data.repository.DesktopDynamicCommentProtocol$fetchGuestHotCommentsCompat$1 source: file:/C:/Users/TONYS/Documents/Codex/2026-09-29/https-github-com-jay3-yy-bilipai/work/BiliPai/desktop/.local/dynamic-detail-reply-main-integration/main-product-snapshot-01/main-kotlin.jar
[0.965s][info][class,load] com.android.purebilibili.data.repository.DesktopDynamicCommentProtocol$fetchLegacyHotCommentsCompat$1 source: file:/C:/Users/TONYS/Documents/Codex/2026-09-29/https-github-com-jay3-yy-bilipai/work/BiliPai/desktop/.local/dynamic-detail-reply-main-integration/main-product-snapshot-01/main-kotlin.jar
[0.967s][info][class,load] kotlin.sequences.Sequence source: file:/C:/Users/TONYS/Documents/Codex/2026-09-29/https-github-com-jay3-yy-bilipai/work/toolchain/gradle-home/caches/modules-2/files-2.1/org.jetbrains.kotlin/kotlin-stdlib/2.4.10/8943c84ddc6d5cc00a10dbc3736c397066eeaab5/kotlin-stdlib-2.4.10.jar
[0.967s][info][class,load] kotlin.collections.CollectionsKt___CollectionsKt$asSequence$$inlined$Sequence$1 source: file:/C:/Users/TONYS/Documents/Codex/2026-09-29/https-github-com-jay3-yy-bilipai/work/toolchain/gradle-home/caches/modules-2/files-2.1/org.jetbrains.kotlin/kotlin-stdlib/2.4.10/8943c84ddc6d5cc00a10dbc3736c397066eeaab5/kotlin-stdlib-2.4.10.jar
[0.969s][info][class,load] kotlin.sequences.SequencesKt__SequenceBuilderKt source: file:/C:/Users/TONYS/Documents/Codex/2026-09-29/https-github-com-jay3-yy-bilipai/work/toolchain/gradle-home/caches/modules-2/files-2.1/org.jetbrains.kotlin/kotlin-stdlib/2.4.10/8943c84ddc6d5cc00a10dbc3736c397066eeaab5/kotlin-stdlib-2.4.10.jar
[0.969s][info][class,load] kotlin.sequences.SequencesKt__SequencesJVMKt source: file:/C:/Users/TONYS/Documents/Codex/2026-09-29/https-github-com-jay3-yy-bilipai/work/toolchain/gradle-home/caches/modules-2/files-2.1/org.jetbrains.kotlin/kotlin-stdlib/2.4.10/8943c84ddc6d5cc00a10dbc3736c397066eeaab5/kotlin-stdlib-2.4.10.jar
[0.969s][info][class,load] kotlin.sequences.SequencesKt__SequencesKt source: file:/C:/Users/TONYS/Documents/Codex/2026-09-29/https-github-com-jay3-yy-bilipai/work/toolchain/gradle-home/caches/modules-2/files-2.1/org.jetbrains.kotlin/kotlin-stdlib/2.4.10/8943c84ddc6d5cc00a10dbc3736c397066eeaab5/kotlin-stdlib-2.4.10.jar
[0.969s][info][class,load] kotlin.sequences.SequencesKt___SequencesJvmKt source: file:/C:/Users/TONYS/Documents/Codex/2026-09-29/https-github-com-jay3-yy-bilipai/work/toolchain/gradle-home/caches/modules-2/files-2.1/org.jetbrains.kotlin/kotlin-stdlib/2.4.10/8943c84ddc6d5cc00a10dbc3736c397066eeaab5/kotlin-stdlib-2.4.10.jar
[0.969s][info][class,load] kotlin.sequences.SequencesKt___SequencesKt source: file:/C:/Users/TONYS/Documents/Codex/2026-09-29/https-github-com-jay3-yy-bilipai/work/toolchain/gradle-home/caches/modules-2/files-2.1/org.jetbrains.kotlin/kotlin-stdlib/2.4.10/8943c84ddc6d5cc00a10dbc3736c397066eeaab5/kotlin-stdlib-2.4.10.jar
[0.969s][info][class,load] kotlin.sequences.SequencesKt source: file:/C:/Users/TONYS/Documents/Codex/2026-09-29/https-github-com-jay3-yy-bilipai/work/toolchain/gradle-home/caches/modules-2/files-2.1/org.jetbrains.kotlin/kotlin-stdlib/2.4.10/8943c84ddc6d5cc00a10dbc3736c397066eeaab5/kotlin-stdlib-2.4.10.jar
[0.970s][info][class,load] kotlin.collections.ArraysKt___ArraysKt$asSequence$$inlined$Sequence$1 source: file:/C:/Users/TONYS/Documents/Codex/2026-09-29/https-github-com-jay3-yy-bilipai/work/toolchain/gradle-home/caches/modules-2/files-2.1/org.jetbrains.kotlin/kotlin-stdlib/2.4.10/8943c84ddc6d5cc00a10dbc3736c397066eeaab5/kotlin-stdlib-2.4.10.jar
[0.970s][info][class,load] kotlin.sequences.SequencesKt__SequencesKt$$Lambda/0x000000d53213c928 source: kotlin.sequences.SequencesKt__SequencesKt
[0.970s][info][class,load] kotlin.sequences.TransformingSequence source: file:/C:/Users/TONYS/Documents/Codex/2026-09-29/https-github-com-jay3-yy-bilipai/work/toolchain/gradle-home/caches/modules-2/files-2.1/org.jetbrains.kotlin/kotlin-stdlib/2.4.10/8943c84ddc6d5cc00a10dbc3736c397066eeaab5/kotlin-stdlib-2.4.10.jar
[0.970s][info][class,load] kotlin.sequences.FlatteningSequence source: file:/C:/Users/TONYS/Documents/Codex/2026-09-29/https-github-com-jay3-yy-bilipai/work/toolchain/gradle-home/caches/modules-2/files-2.1/org.jetbrains.kotlin/kotlin-stdlib/2.4.10/8943c84ddc6d5cc00a10dbc3736c397066eeaab5/kotlin-stdlib-2.4.10.jar
[0.970s][info][class,load] kotlin.sequences.SequencesKt__SequencesKt$$Lambda/0x000000d53213cf98 source: kotlin.sequences.SequencesKt__SequencesKt
[0.970s][info][class,load] kotlin.sequences.FlatteningSequence$iterator$1 source: file:/C:/Users/TONYS/Documents/Codex/2026-09-29/https-github-com-jay3-yy-bilipai/work/toolchain/gradle-home/caches/modules-2/files-2.1/org.jetbrains.kotlin/kotlin-stdlib/2.4.10/8943c84ddc6d5cc00a10dbc3736c397066eeaab5/kotlin-stdlib-2.4.10.jar
[0.973s][info][class,load] com.bilipai.desktop.data.DesktopDynamicCardOperations$addCommentForSubject$1 source: file:/C:/Users/TONYS/Documents/Codex/2026-09-29/https-github-com-jay3-yy-bilipai/work/BiliPai/desktop/.local/dynamic-detail-reply-main-integration/main-product-snapshot-01/main-kotlin.jar
[0.973s][info][class,load] com.bilipai.desktop.data.DesktopDynamicCardOperations$addCommentForSubject$2 source: file:/C:/Users/TONYS/Documents/Codex/2026-09-29/https-github-com-jay3-yy-bilipai/work/BiliPai/desktop/.local/dynamic-detail-reply-main-integration/main-product-snapshot-01/main-kotlin.jar
[0.973s][info][class,load] com.bilipai.desktop.data.DesktopDynamicCardOperations$addCommentForSubject$2$1 source: file:/C:/Users/TONYS/Documents/Codex/2026-09-29/https-github-com-jay3-yy-bilipai/work/BiliPai/desktop/.local/dynamic-detail-reply-main-integration/main-product-snapshot-01/main-kotlin.jar
[0.973s][info][class,load] com.bilipai.desktop.data.DesktopDynamicCardOperations$mutate$1 source: file:/C:/Users/TONYS/Documents/Codex/2026-09-29/https-github-com-jay3-yy-bilipai/work/BiliPai/desktop/.local/dynamic-detail-reply-main-integration/main-product-snapshot-01/main-kotlin.jar
[0.973s][info][class,load] com.bilipai.desktop.data.DesktopDynamicCardOperations$mutate$2$1 source: file:/C:/Users/TONYS/Documents/Codex/2026-09-29/https-github-com-jay3-yy-bilipai/work/BiliPai/desktop/.local/dynamic-detail-reply-main-integration/main-product-snapshot-01/main-kotlin.jar
[0.974s][info][class,load] retrofit2.http.FormUrlEncoded source: file:/C:/Users/TONYS/Documents/Codex/2026-09-29/https-github-com-jay3-yy-bilipai/work/toolchain/gradle-home/caches/modules-2/files-2.1/com.squareup.retrofit2/retrofit/3.0.0/c0cdf6d243c5187732134129fda05a74f9197874/retrofit-3.0.0.jar
[0.974s][info][class,load] jdk.proxy1.$Proxy11 source: __dynamic_proxy__
[0.975s][info][class,load] retrofit2.http.POST source: file:/C:/Users/TONYS/Documents/Codex/2026-09-29/https-github-com-jay3-yy-bilipai/work/toolchain/gradle-home/caches/modules-2/files-2.1/com.squareup.retrofit2/retrofit/3.0.0/c0cdf6d243c5187732134129fda05a74f9197874/retrofit-3.0.0.jar
[0.975s][info][class,load] jdk.proxy1.$Proxy12 source: __dynamic_proxy__
[0.975s][info][class,load] retrofit2.http.Field source: file:/C:/Users/TONYS/Documents/Codex/2026-09-29/https-github-com-jay3-yy-bilipai/work/toolchain/gradle-home/caches/modules-2/files-2.1/com.squareup.retrofit2/retrofit/3.0.0/c0cdf6d243c5187732134129fda05a74f9197874/retrofit-3.0.0.jar
[0.976s][info][class,load] jdk.proxy1.$Proxy13 source: __dynamic_proxy__
[0.976s][info][class,load] retrofit2.http.HEAD source: file:/C:/Users/TONYS/Documents/Codex/2026-09-29/https-github-com-jay3-yy-bilipai/work/toolchain/gradle-home/caches/modules-2/files-2.1/com.squareup.retrofit2/retrofit/3.0.0/c0cdf6d243c5187732134129fda05a74f9197874/retrofit-3.0.0.jar
[0.976s][info][class,load] retrofit2.http.PATCH source: file:/C:/Users/TONYS/Documents/Codex/2026-09-29/https-github-com-jay3-yy-bilipai/work/toolchain/gradle-home/caches/modules-2/files-2.1/com.squareup.retrofit2/retrofit/3.0.0/c0cdf6d243c5187732134129fda05a74f9197874/retrofit-3.0.0.jar
[0.976s][info][class,load] retrofit2.http.PUT source: file:/C:/Users/TONYS/Documents/Codex/2026-09-29/https-github-com-jay3-yy-bilipai/work/toolchain/gradle-home/caches/modules-2/files-2.1/com.squareup.retrofit2/retrofit/3.0.0/c0cdf6d243c5187732134129fda05a74f9197874/retrofit-3.0.0.jar
[0.976s][info][class,load] retrofit2.http.OPTIONS source: file:/C:/Users/TONYS/Documents/Codex/2026-09-29/https-github-com-jay3-yy-bilipai/work/toolchain/gradle-home/caches/modules-2/files-2.1/com.squareup.retrofit2/retrofit/3.0.0/c0cdf6d243c5187732134129fda05a74f9197874/retrofit-3.0.0.jar
[0.976s][info][class,load] retrofit2.http.HTTP source: file:/C:/Users/TONYS/Documents/Codex/2026-09-29/https-github-com-jay3-yy-bilipai/work/toolchain/gradle-home/caches/modules-2/files-2.1/com.squareup.retrofit2/retrofit/3.0.0/c0cdf6d243c5187732134129fda05a74f9197874/retrofit-3.0.0.jar
[0.976s][info][class,load] retrofit2.http.Headers source: file:/C:/Users/TONYS/Documents/Codex/2026-09-29/https-github-com-jay3-yy-bilipai/work/toolchain/gradle-home/caches/modules-2/files-2.1/com.squareup.retrofit2/retrofit/3.0.0/c0cdf6d243c5187732134129fda05a74f9197874/retrofit-3.0.0.jar
[0.977s][info][class,load] retrofit2.http.Multipart source: file:/C:/Users/TONYS/Documents/Codex/2026-09-29/https-github-com-jay3-yy-bilipai/work/toolchain/gradle-home/caches/modules-2/files-2.1/com.squareup.retrofit2/retrofit/3.0.0/c0cdf6d243c5187732134129fda05a74f9197874/retrofit-3.0.0.jar
[0.977s][info][class,load] retrofit2.http.Header source: file:/C:/Users/TONYS/Documents/Codex/2026-09-29/https-github-com-jay3-yy-bilipai/work/toolchain/gradle-home/caches/modules-2/files-2.1/com.squareup.retrofit2/retrofit/3.0.0/c0cdf6d243c5187732134129fda05a74f9197874/retrofit-3.0.0.jar
[0.977s][info][class,load] retrofit2.http.HeaderMap source: file:/C:/Users/TONYS/Documents/Codex/2026-09-29/https-github-com-jay3-yy-bilipai/work/toolchain/gradle-home/caches/modules-2/files-2.1/com.squareup.retrofit2/retrofit/3.0.0/c0cdf6d243c5187732134129fda05a74f9197874/retrofit-3.0.0.jar
[0.977s][info][class,load] com.android.purebilibili.data.model.response.AddReplyResponse source: file:/C:/Users/TONYS/Documents/Codex/2026-09-29/https-github-com-jay3-yy-bilipai/work/BiliPai/desktop/.local/dynamic-detail-reply-main-integration/main-product-snapshot-01/main-kotlin.jar
[0.977s][info][class,load] com.android.purebilibili.data.model.response.AddReplyResponse$Companion source: file:/C:/Users/TONYS/Documents/Codex/2026-09-29/https-github-com-jay3-yy-bilipai/work/BiliPai/desktop/.local/dynamic-detail-reply-main-integration/main-product-snapshot-01/main-kotlin.jar
[0.978s][info][class,load] com.android.purebilibili.data.model.response.AddReplyData source: file:/C:/Users/TONYS/Documents/Codex/2026-09-29/https-github-com-jay3-yy-bilipai/work/BiliPai/desktop/.local/dynamic-detail-reply-main-integration/main-product-snapshot-01/main-kotlin.jar
[0.978s][info][class,load] com.android.purebilibili.data.model.response.AddReplyResponse$$serializer source: file:/C:/Users/TONYS/Documents/Codex/2026-09-29/https-github-com-jay3-yy-bilipai/work/BiliPai/desktop/.local/dynamic-detail-reply-main-integration/main-product-snapshot-01/main-kotlin.jar
[0.978s][info][class,load] okhttp3.FormBody$Builder source: file:/C:/Users/TONYS/Documents/Codex/2026-09-29/https-github-com-jay3-yy-bilipai/work/toolchain/gradle-home/caches/modules-2/files-2.1/com.squareup.okhttp3/okhttp-jvm/5.3.2/f31e8de27feebe1e56d6c9d354a0986b65be0e1d/okhttp-jvm-5.3.2.jar
[0.978s][info][class,load] okhttp3.FormBody$Companion source: file:/C:/Users/TONYS/Documents/Codex/2026-09-29/https-github-com-jay3-yy-bilipai/work/toolchain/gradle-home/caches/modules-2/files-2.1/com.squareup.okhttp3/okhttp-jvm/5.3.2/f31e8de27feebe1e56d6c9d354a0986b65be0e1d/okhttp-jvm-5.3.2.jar
[0.979s][info][class,load] com.android.purebilibili.data.model.response.AddReplyData$$serializer source: file:/C:/Users/TONYS/Documents/Codex/2026-09-29/https-github-com-jay3-yy-bilipai/work/BiliPai/desktop/.local/dynamic-detail-reply-main-integration/main-product-snapshot-01/main-kotlin.jar
[0.979s][info][class,load] kotlinx.serialization.descriptors.SerialKind$ENUM source: file:/C:/Users/TONYS/Documents/Codex/2026-09-29/https-github-com-jay3-yy-bilipai/work/toolchain/gradle-home/caches/modules-2/files-2.1/org.jetbrains.kotlinx/kotlinx-serialization-core-jvm/1.11.0/c1905c9bf7452b045d5af9248835abe64ddad6bf/kotlinx-serialization-core-jvm-1.11.0.jar
[0.979s][info][class,load] com.android.purebilibili.data.model.response.ReplyCardLabel$$serializer source: file:/C:/Users/TONYS/Documents/Codex/2026-09-29/https-github-com-jay3-yy-bilipai/work/BiliPai/desktop/.local/dynamic-detail-reply-main-integration/main-product-snapshot-01/main-kotlin.jar
[0.980s][info][class,load] com.android.purebilibili.data.model.response.ReplyUpAction$$serializer source: file:/C:/Users/TONYS/Documents/Codex/2026-09-29/https-github-com-jay3-yy-bilipai/work/BiliPai/desktop/.local/dynamic-detail-reply-main-integration/main-product-snapshot-01/main-kotlin.jar
[0.980s][info][class,load] com.android.purebilibili.data.model.response.ReplyEmote$$serializer source: file:/C:/Users/TONYS/Documents/Codex/2026-09-29/https-github-com-jay3-yy-bilipai/work/BiliPai/desktop/.local/dynamic-detail-reply-main-integration/main-product-snapshot-01/main-kotlin.jar
[0.980s][info][class,load] com.android.purebilibili.data.model.response.ReplyVote$$serializer source: file:/C:/Users/TONYS/Documents/Codex/2026-09-29/https-github-com-jay3-yy-bilipai/work/BiliPai/desktop/.local/dynamic-detail-reply-main-integration/main-product-snapshot-01/main-kotlin.jar
[0.980s][info][class,load] com.android.purebilibili.data.model.response.ReplyRichText$$serializer source: file:/C:/Users/TONYS/Documents/Codex/2026-09-29/https-github-com-jay3-yy-bilipai/work/BiliPai/desktop/.local/dynamic-detail-reply-main-integration/main-product-snapshot-01/main-kotlin.jar
[0.981s][info][class,load] com.android.purebilibili.data.model.response.ReplyContentUrl$$serializer source: file:/C:/Users/TONYS/Documents/Codex/2026-09-29/https-github-com-jay3-yy-bilipai/work/BiliPai/desktop/.local/dynamic-detail-reply-main-integration/main-product-snapshot-01/main-kotlin.jar
[0.981s][info][class,load] kotlinx.serialization.json.JsonElementSerializer source: file:/C:/Users/TONYS/Documents/Codex/2026-09-29/https-github-com-jay3-yy-bilipai/work/toolchain/gradle-home/caches/modules-2/files-2.1/org.jetbrains.kotlinx/kotlinx-serialization-json-jvm/1.11.0/e7e045e99e56f07599bb9ccb708c2190e2af0606/kotlinx-serialization-json-jvm-1.11.0.jar
[0.981s][info][class,load] kotlinx.serialization.descriptors.PolymorphicKind$SEALED source: file:/C:/Users/TONYS/Documents/Codex/2026-09-29/https-github-com-jay3-yy-bilipai/work/toolchain/gradle-home/caches/modules-2/files-2.1/org.jetbrains.kotlinx/kotlinx-serialization-core-jvm/1.11.0/c1905c9bf7452b045d5af9248835abe64ddad6bf/kotlinx-serialization-core-jvm-1.11.0.jar
[0.981s][info][class,load] kotlinx.serialization.json.JsonElementSerializer$$Lambda/0x000000d532142778 source: kotlinx.serialization.json.JsonElementSerializer
[0.982s][info][class,load] kotlinx.serialization.json.JsonElementSerializer$$Lambda/0x000000d532142998 source: kotlinx.serialization.json.JsonElementSerializer
[0.982s][info][class,load] kotlinx.serialization.json.JsonElementSerializersKt source: file:/C:/Users/TONYS/Documents/Codex/2026-09-29/https-github-com-jay3-yy-bilipai/work/toolchain/gradle-home/caches/modules-2/files-2.1/org.jetbrains.kotlinx/kotlinx-serialization-json-jvm/1.11.0/e7e045e99e56f07599bb9ccb708c2190e2af0606/kotlinx-serialization-json-jvm-1.11.0.jar
[0.982s][info][class,load] kotlinx.serialization.json.JsonElementSerializersKt$defer$1 source: file:/C:/Users/TONYS/Documents/Codex/2026-09-29/https-github-com-jay3-yy-bilipai/work/toolchain/gradle-home/caches/modules-2/files-2.1/org.jetbrains.kotlinx/kotlinx-serialization-json-jvm/1.11.0/e7e045e99e56f07599bb9ccb708c2190e2af0606/kotlinx-serialization-json-jvm-1.11.0.jar
[0.982s][info][class,load] kotlinx.serialization.json.JsonElementSerializer$$Lambda/0x000000d532143038 source: kotlinx.serialization.json.JsonElementSerializer
[0.982s][info][class,load] kotlinx.serialization.json.JsonElementSerializer$$Lambda/0x000000d532143258 source: kotlinx.serialization.json.JsonElementSerializer
[0.983s][info][class,load] kotlinx.serialization.json.JsonElementSerializer$$Lambda/0x000000d532143478 source: kotlinx.serialization.json.JsonElementSerializer
[0.983s][info][class,load] kotlinx.serialization.json.JsonElementSerializer$$Lambda/0x000000d532143698 source: kotlinx.serialization.json.JsonElementSerializer
[0.983s][info][class,load] kotlin.collections.IndexedValue source: file:/C:/Users/TONYS/Documents/Codex/2026-09-29/https-github-com-jay3-yy-bilipai/work/toolchain/gradle-home/caches/modules-2/files-2.1/org.jetbrains.kotlin/kotlin-stdlib/2.4.10/8943c84ddc6d5cc00a10dbc3736c397066eeaab5/kotlin-stdlib-2.4.10.jar
[0.983s][info][class,load] com.android.purebilibili.data.model.response.AddReplyData$Companion source: file:/C:/Users/TONYS/Documents/Codex/2026-09-29/https-github-com-jay3-yy-bilipai/work/BiliPai/desktop/.local/dynamic-detail-reply-main-integration/main-product-snapshot-01/main-kotlin.jar
[0.984s][info][class,load] java.net.URLDecoder source: jrt:/java.base
[0.984s][info][class,load] kotlin.jvm.internal.Ref$IntRef source: file:/C:/Users/TONYS/Documents/Codex/2026-09-29/https-github-com-jay3-yy-bilipai/work/toolchain/gradle-home/caches/modules-2/files-2.1/org.jetbrains.kotlin/kotlin-stdlib/2.4.10/8943c84ddc6d5cc00a10dbc3736c397066eeaab5/kotlin-stdlib-2.4.10.jar
[0.984s][info][class,load] java.lang.invoke.LambdaForm$DMH/0x000000d532144000 source: __JVM_LookupDefineClass__
[0.985s][info][class,load] com.bilipai.desktop.data.ReplyProtocolTransportFixtureKt$main$1$$Lambda/0x000000d532146000 source: com.bilipai.desktop.data.ReplyProtocolTransportFixtureKt$main$1
[0.985s][info][class,load] com.bilipai.desktop.data.DesktopDynamicCardOperations$$Lambda/0x000000d532146228 source: com.bilipai.desktop.data.DesktopDynamicCardOperations
[0.985s][info][class,load] jdk.internal.math.FloatToDecimal source: shared objects file
[0.987s][info][class,load] kotlinx.serialization.json.JsonArray source: file:/C:/Users/TONYS/Documents/Codex/2026-09-29/https-github-com-jay3-yy-bilipai/work/toolchain/gradle-home/caches/modules-2/files-2.1/org.jetbrains.kotlinx/kotlinx-serialization-json-jvm/1.11.0/e7e045e99e56f07599bb9ccb708c2190e2af0606/kotlinx-serialization-json-jvm-1.11.0.jar
[0.987s][info][class,load] kotlinx.serialization.json.JsonArray$Companion source: file:/C:/Users/TONYS/Documents/Codex/2026-09-29/https-github-com-jay3-yy-bilipai/work/toolchain/gradle-home/caches/modules-2/files-2.1/org.jetbrains.kotlinx/kotlinx-serialization-json-jvm/1.11.0/e7e045e99e56f07599bb9ccb708c2190e2af0606/kotlinx-serialization-json-jvm-1.11.0.jar
[0.987s][info][class,load] com.bilipai.desktop.data.DesktopDynamicCardOperations$likeCommentForSubject$1 source: file:/C:/Users/TONYS/Documents/Codex/2026-09-29/https-github-com-jay3-yy-bilipai/work/BiliPai/desktop/.local/dynamic-detail-reply-main-integration/main-product-snapshot-01/main-kotlin.jar
[0.988s][info][class,load] com.bilipai.desktop.data.DesktopDynamicCardOperations$likeCommentForSubject$2 source: file:/C:/Users/TONYS/Documents/Codex/2026-09-29/https-github-com-jay3-yy-bilipai/work/BiliPai/desktop/.local/dynamic-detail-reply-main-integration/main-product-snapshot-01/main-kotlin.jar
[0.988s][info][class,load] com.bilipai.desktop.data.DesktopDynamicCardOperations$likeCommentForSubject$2$1 source: file:/C:/Users/TONYS/Documents/Codex/2026-09-29/https-github-com-jay3-yy-bilipai/work/BiliPai/desktop/.local/dynamic-detail-reply-main-integration/main-product-snapshot-01/main-kotlin.jar
[0.989s][info][class,load] com.android.purebilibili.data.model.response.SimpleApiResponse source: file:/C:/Users/TONYS/Documents/Codex/2026-09-29/https-github-com-jay3-yy-bilipai/work/BiliPai/desktop/.local/dynamic-detail-reply-main-integration/main-product-snapshot-01/main-kotlin.jar
[0.989s][info][class,load] com.android.purebilibili.data.model.response.SimpleApiResponse$Companion source: file:/C:/Users/TONYS/Documents/Codex/2026-09-29/https-github-com-jay3-yy-bilipai/work/BiliPai/desktop/.local/dynamic-detail-reply-main-integration/main-product-snapshot-01/main-kotlin.jar
[0.989s][info][class,load] com.android.purebilibili.data.model.response.SimpleApiResponse$$serializer source: file:/C:/Users/TONYS/Documents/Codex/2026-09-29/https-github-com-jay3-yy-bilipai/work/BiliPai/desktop/.local/dynamic-detail-reply-main-integration/main-product-snapshot-01/main-kotlin.jar
[0.991s][info][class,load] com.bilipai.desktop.data.DesktopDynamicCardOperations$hateCommentForSubject$1 source: file:/C:/Users/TONYS/Documents/Codex/2026-09-29/https-github-com-jay3-yy-bilipai/work/BiliPai/desktop/.local/dynamic-detail-reply-main-integration/main-product-snapshot-01/main-kotlin.jar
[0.991s][info][class,load] com.bilipai.desktop.data.DesktopDynamicCardOperations$hateCommentForSubject$2 source: file:/C:/Users/TONYS/Documents/Codex/2026-09-29/https-github-com-jay3-yy-bilipai/work/BiliPai/desktop/.local/dynamic-detail-reply-main-integration/main-product-snapshot-01/main-kotlin.jar
[0.991s][info][class,load] com.bilipai.desktop.data.DesktopDynamicCardOperations$hateCommentForSubject$2$1 source: file:/C:/Users/TONYS/Documents/Codex/2026-09-29/https-github-com-jay3-yy-bilipai/work/BiliPai/desktop/.local/dynamic-detail-reply-main-integration/main-product-snapshot-01/main-kotlin.jar
[0.993s][info][class,load] com.bilipai.desktop.data.DesktopDynamicCardOperations$deleteCommentForSubject$1 source: file:/C:/Users/TONYS/Documents/Codex/2026-09-29/https-github-com-jay3-yy-bilipai/work/BiliPai/desktop/.local/dynamic-detail-reply-main-integration/main-product-snapshot-01/main-kotlin.jar
[0.993s][info][class,load] com.bilipai.desktop.data.DesktopDynamicCardOperations$deleteCommentForSubject$2 source: file:/C:/Users/TONYS/Documents/Codex/2026-09-29/https-github-com-jay3-yy-bilipai/work/BiliPai/desktop/.local/dynamic-detail-reply-main-integration/main-product-snapshot-01/main-kotlin.jar
[0.993s][info][class,load] com.bilipai.desktop.data.DesktopDynamicCardOperations$deleteCommentForSubject$2$1 source: file:/C:/Users/TONYS/Documents/Codex/2026-09-29/https-github-com-jay3-yy-bilipai/work/BiliPai/desktop/.local/dynamic-detail-reply-main-integration/main-product-snapshot-01/main-kotlin.jar
[0.994s][info][class,load] com.bilipai.desktop.data.DesktopDynamicCardOperations$setCommentTopForSubject$1 source: file:/C:/Users/TONYS/Documents/Codex/2026-09-29/https-github-com-jay3-yy-bilipai/work/BiliPai/desktop/.local/dynamic-detail-reply-main-integration/main-product-snapshot-01/main-kotlin.jar
[0.994s][info][class,load] com.bilipai.desktop.data.DesktopDynamicCardOperations$setCommentTopForSubject$2 source: file:/C:/Users/TONYS/Documents/Codex/2026-09-29/https-github-com-jay3-yy-bilipai/work/BiliPai/desktop/.local/dynamic-detail-reply-main-integration/main-product-snapshot-01/main-kotlin.jar
[0.995s][info][class,load] com.bilipai.desktop.data.DesktopDynamicCardOperations$setCommentTopForSubject$2$1 source: file:/C:/Users/TONYS/Documents/Codex/2026-09-29/https-github-com-jay3-yy-bilipai/work/BiliPai/desktop/.local/dynamic-detail-reply-main-integration/main-product-snapshot-01/main-kotlin.jar
[0.997s][info][class,load] com.bilipai.desktop.data.DesktopDynamicCardOperations$reportCommentForSubject$1 source: file:/C:/Users/TONYS/Documents/Codex/2026-09-29/https-github-com-jay3-yy-bilipai/work/BiliPai/desktop/.local/dynamic-detail-reply-main-integration/main-product-snapshot-01/main-kotlin.jar
[0.997s][info][class,load] com.bilipai.desktop.data.DesktopDynamicCardOperations$reportCommentForSubject$2 source: file:/C:/Users/TONYS/Documents/Codex/2026-09-29/https-github-com-jay3-yy-bilipai/work/BiliPai/desktop/.local/dynamic-detail-reply-main-integration/main-product-snapshot-01/main-kotlin.jar
[0.997s][info][class,load] com.bilipai.desktop.data.DesktopDynamicCardOperations$reportCommentForSubject$2$1 source: file:/C:/Users/TONYS/Documents/Codex/2026-09-29/https-github-com-jay3-yy-bilipai/work/BiliPai/desktop/.local/dynamic-detail-reply-main-integration/main-product-snapshot-01/main-kotlin.jar
[0.999s][info][class,load] com.bilipai.desktop.data.DesktopDynamicCardOperations$uploadCommentImage$1 source: file:/C:/Users/TONYS/Documents/Codex/2026-09-29/https-github-com-jay3-yy-bilipai/work/BiliPai/desktop/.local/dynamic-detail-reply-main-integration/main-product-snapshot-01/main-kotlin.jar
[0.999s][info][class,load] com.bilipai.desktop.data.DesktopDynamicCardOperations$uploadCommentImage$2 source: file:/C:/Users/TONYS/Documents/Codex/2026-09-29/https-github-com-jay3-yy-bilipai/work/BiliPai/desktop/.local/dynamic-detail-reply-main-integration/main-product-snapshot-01/main-kotlin.jar
[0.999s][info][class,load] com.bilipai.desktop.data.DesktopDynamicCardOperations$uploadCommentImage$2$1 source: file:/C:/Users/TONYS/Documents/Codex/2026-09-29/https-github-com-jay3-yy-bilipai/work/BiliPai/desktop/.local/dynamic-detail-reply-main-integration/main-product-snapshot-01/main-kotlin.jar
[1.000s][info][class,load] com.bilipai.desktop.data.DesktopDynamicCardOperations$uploadEditorCommentImage$1 source: file:/C:/Users/TONYS/Documents/Codex/2026-09-29/https-github-com-jay3-yy-bilipai/work/BiliPai/desktop/.local/dynamic-detail-reply-main-integration/main-product-snapshot-01/main-kotlin.jar
[1.000s][info][class,load] okhttp3.MultipartBody$Part$Companion source: file:/C:/Users/TONYS/Documents/Codex/2026-09-29/https-github-com-jay3-yy-bilipai/work/toolchain/gradle-home/caches/modules-2/files-2.1/com.squareup.okhttp3/okhttp-jvm/5.3.2/f31e8de27feebe1e56d6c9d354a0986b65be0e1d/okhttp-jvm-5.3.2.jar
[1.000s][info][class,load] okhttp3.MultipartBody$Companion source: file:/C:/Users/TONYS/Documents/Codex/2026-09-29/https-github-com-jay3-yy-bilipai/work/toolchain/gradle-home/caches/modules-2/files-2.1/com.squareup.okhttp3/okhttp-jvm/5.3.2/f31e8de27feebe1e56d6c9d354a0986b65be0e1d/okhttp-jvm-5.3.2.jar
[1.001s][info][class,load] kotlin.text.MatchGroup source: file:/C:/Users/TONYS/Documents/Codex/2026-09-29/https-github-com-jay3-yy-bilipai/work/toolchain/gradle-home/caches/modules-2/files-2.1/org.jetbrains.kotlin/kotlin-stdlib/2.4.10/8943c84ddc6d5cc00a10dbc3736c397066eeaab5/kotlin-stdlib-2.4.10.jar
[1.001s][info][class,load] jdk.proxy1.$Proxy14 source: __dynamic_proxy__
[1.002s][info][class,load] retrofit2.http.Part source: file:/C:/Users/TONYS/Documents/Codex/2026-09-29/https-github-com-jay3-yy-bilipai/work/toolchain/gradle-home/caches/modules-2/files-2.1/com.squareup.retrofit2/retrofit/3.0.0/c0cdf6d243c5187732134129fda05a74f9197874/retrofit-3.0.0.jar
[1.002s][info][class,load] jdk.proxy1.$Proxy15 source: __dynamic_proxy__
[1.003s][info][class,load] retrofit2.http.FieldMap source: file:/C:/Users/TONYS/Documents/Codex/2026-09-29/https-github-com-jay3-yy-bilipai/work/toolchain/gradle-home/caches/modules-2/files-2.1/com.squareup.retrofit2/retrofit/3.0.0/c0cdf6d243c5187732134129fda05a74f9197874/retrofit-3.0.0.jar
[1.003s][info][class,load] retrofit2.BuiltInConverters$RequestBodyConverter source: file:/C:/Users/TONYS/Documents/Codex/2026-09-29/https-github-com-jay3-yy-bilipai/work/toolchain/gradle-home/caches/modules-2/files-2.1/com.squareup.retrofit2/retrofit/3.0.0/c0cdf6d243c5187732134129fda05a74f9197874/retrofit-3.0.0.jar
[1.003s][info][class,load] com.android.purebilibili.data.model.response.UploadCommentImageResponse source: file:/C:/Users/TONYS/Documents/Codex/2026-09-29/https-github-com-jay3-yy-bilipai/work/BiliPai/desktop/.local/dynamic-detail-reply-main-integration/main-product-snapshot-01/main-kotlin.jar
[1.003s][info][class,load] com.android.purebilibili.data.model.response.UploadCommentImageResponse$Companion source: file:/C:/Users/TONYS/Documents/Codex/2026-09-29/https-github-com-jay3-yy-bilipai/work/BiliPai/desktop/.local/dynamic-detail-reply-main-integration/main-product-snapshot-01/main-kotlin.jar
[1.004s][info][class,load] com.android.purebilibili.data.model.response.UploadCommentImageData source: file:/C:/Users/TONYS/Documents/Codex/2026-09-29/https-github-com-jay3-yy-bilipai/work/BiliPai/desktop/.local/dynamic-detail-reply-main-integration/main-product-snapshot-01/main-kotlin.jar
[1.004s][info][class,load] com.android.purebilibili.data.model.response.UploadCommentImageResponse$$serializer source: file:/C:/Users/TONYS/Documents/Codex/2026-09-29/https-github-com-jay3-yy-bilipai/work/BiliPai/desktop/.local/dynamic-detail-reply-main-integration/main-product-snapshot-01/main-kotlin.jar
[1.004s][info][class,load] okhttp3.MultipartBody$Builder source: file:/C:/Users/TONYS/Documents/Codex/2026-09-29/https-github-com-jay3-yy-bilipai/work/toolchain/gradle-home/caches/modules-2/files-2.1/com.squareup.okhttp3/okhttp-jvm/5.3.2/f31e8de27feebe1e56d6c9d354a0986b65be0e1d/okhttp-jvm-5.3.2.jar
[1.005s][info][class,load] com.android.purebilibili.data.model.response.UploadCommentImageData$$serializer source: file:/C:/Users/TONYS/Documents/Codex/2026-09-29/https-github-com-jay3-yy-bilipai/work/BiliPai/desktop/.local/dynamic-detail-reply-main-integration/main-product-snapshot-01/main-kotlin.jar
[1.005s][info][class,load] com.android.purebilibili.data.model.response.UploadCommentImageData$Companion source: file:/C:/Users/TONYS/Documents/Codex/2026-09-29/https-github-com-jay3-yy-bilipai/work/BiliPai/desktop/.local/dynamic-detail-reply-main-integration/main-product-snapshot-01/main-kotlin.jar
[1.006s][info][class,load] com.bilipai.desktop.data.ReplyProtocolTransportFixtureKt$main$1$$Lambda/0x000000d53214ac90 source: com.bilipai.desktop.data.ReplyProtocolTransportFixtureKt$main$1
[1.006s][info][class,load] com.bilipai.desktop.data.ReplyProtocolTransportFixtureKt$main$1$28 source: file:/C:/Users/TONYS/Documents/Codex/2026-09-29/https-github-com-jay3-yy-bilipai/work/BiliPai/desktop/.local/dynamic-detail-reply-main-integration/protocol-session-proof03/reply-protocol-fixture-only.jar
[1.006s][info][class,load] com.bilipai.desktop.data.ReplyProtocolTransportFixtureKt$main$1$retired$1 source: file:/C:/Users/TONYS/Documents/Codex/2026-09-29/https-github-com-jay3-yy-bilipai/work/BiliPai/desktop/.local/dynamic-detail-reply-main-integration/protocol-session-proof03/reply-protocol-fixture-only.jar
[1.007s][info][class,load] kotlin.Triple source: file:/C:/Users/TONYS/Documents/Codex/2026-09-29/https-github-com-jay3-yy-bilipai/work/toolchain/gradle-home/caches/modules-2/files-2.1/org.jetbrains.kotlin/kotlin-stdlib/2.4.10/8943c84ddc6d5cc00a10dbc3736c397066eeaab5/kotlin-stdlib-2.4.10.jar
[1.007s][info][class,load] java.util.concurrent.CountDownLatch source: jrt:/java.base
[1.007s][info][class,load] java.util.concurrent.CountDownLatch$Sync source: jrt:/java.base
[1.007s][info][class,load] com.bilipai.desktop.data.ReplyProtocolTransportFixtureKt$main$1$retired$job$1 source: file:/C:/Users/TONYS/Documents/Codex/2026-09-29/https-github-com-jay3-yy-bilipai/work/BiliPai/desktop/.local/dynamic-detail-reply-main-integration/protocol-session-proof03/reply-protocol-fixture-only.jar
[1.007s][info][class,load] kotlinx.coroutines.Deferred source: file:/C:/Users/TONYS/Documents/Codex/2026-09-29/https-github-com-jay3-yy-bilipai/work/toolchain/gradle-home/caches/modules-2/files-2.1/org.jetbrains.kotlinx/kotlinx-coroutines-core-jvm/1.10.2/4a9f78ef49483748e2c129f3d124b8fa249dafbf/kotlinx-coroutines-core-jvm-1.10.2.jar
[1.007s][info][class,load] kotlinx.coroutines.DeferredCoroutine source: file:/C:/Users/TONYS/Documents/Codex/2026-09-29/https-github-com-jay3-yy-bilipai/work/toolchain/gradle-home/caches/modules-2/files-2.1/org.jetbrains.kotlinx/kotlinx-coroutines-core-jvm/1.10.2/4a9f78ef49483748e2c129f3d124b8fa249dafbf/kotlinx-coroutines-core-jvm-1.10.2.jar
[1.007s][info][class,load] com.bilipai.desktop.data.ReplyProtocolTransportFixtureKt$main$1$retired$2 source: file:/C:/Users/TONYS/Documents/Codex/2026-09-29/https-github-com-jay3-yy-bilipai/work/BiliPai/desktop/.local/dynamic-detail-reply-main-integration/protocol-session-proof03/reply-protocol-fixture-only.jar
[1.008s][info][class,load] kotlinx.coroutines.InactiveNodeList source: file:/C:/Users/TONYS/Documents/Codex/2026-09-29/https-github-com-jay3-yy-bilipai/work/toolchain/gradle-home/caches/modules-2/files-2.1/org.jetbrains.kotlinx/kotlinx-coroutines-core-jvm/1.10.2/4a9f78ef49483748e2c129f3d124b8fa249dafbf/kotlinx-coroutines-core-jvm-1.10.2.jar
[1.008s][info][class,load] java.util.concurrent.locks.AbstractQueuedSynchronizer$SharedNode source: jrt:/java.base
[1.009s][info][class,load] kotlinx.coroutines.JobSupport$AwaitContinuation source: file:/C:/Users/TONYS/Documents/Codex/2026-09-29/https-github-com-jay3-yy-bilipai/work/toolchain/gradle-home/caches/modules-2/files-2.1/org.jetbrains.kotlinx/kotlinx-coroutines-core-jvm/1.10.2/4a9f78ef49483748e2c129f3d124b8fa249dafbf/kotlinx-coroutines-core-jvm-1.10.2.jar
[1.009s][info][class,load] kotlinx.coroutines.ResumeAwaitOnCompletion source: file:/C:/Users/TONYS/Documents/Codex/2026-09-29/https-github-com-jay3-yy-bilipai/work/toolchain/gradle-home/caches/modules-2/files-2.1/org.jetbrains.kotlinx/kotlinx-coroutines-core-jvm/1.10.2/4a9f78ef49483748e2c129f3d124b8fa249dafbf/kotlinx-coroutines-core-jvm-1.10.2.jar
[1.009s][info][class,load] kotlinx.coroutines.DisposeOnCancel source: file:/C:/Users/TONYS/Documents/Codex/2026-09-29/https-github-com-jay3-yy-bilipai/work/toolchain/gradle-home/caches/modules-2/files-2.1/org.jetbrains.kotlinx/kotlinx-coroutines-core-jvm/1.10.2/4a9f78ef49483748e2c129f3d124b8fa249dafbf/kotlinx-coroutines-core-jvm-1.10.2.jar
[1.009s][info][class,load] kotlinx.coroutines.CopyableThrowable source: file:/C:/Users/TONYS/Documents/Codex/2026-09-29/https-github-com-jay3-yy-bilipai/work/toolchain/gradle-home/caches/modules-2/files-2.1/org.jetbrains.kotlinx/kotlinx-coroutines-core-jvm/1.10.2/4a9f78ef49483748e2c129f3d124b8fa249dafbf/kotlinx-coroutines-core-jvm-1.10.2.jar
[1.009s][info][class,load] kotlinx.coroutines.TimeoutCancellationException source: file:/C:/Users/TONYS/Documents/Codex/2026-09-29/https-github-com-jay3-yy-bilipai/work/toolchain/gradle-home/caches/modules-2/files-2.1/org.jetbrains.kotlinx/kotlinx-coroutines-core-jvm/1.10.2/4a9f78ef49483748e2c129f3d124b8fa249dafbf/kotlinx-coroutines-core-jvm-1.10.2.jar
[1.010s][info][class,load] com.bilipai.desktop.data.ReplyProtocolTransportFixtureKt$main$1$retired$4 source: file:/C:/Users/TONYS/Documents/Codex/2026-09-29/https-github-com-jay3-yy-bilipai/work/BiliPai/desktop/.local/dynamic-detail-reply-main-integration/protocol-session-proof03/reply-protocol-fixture-only.jar
[1.010s][info][class,load] kotlinx.coroutines.JobCancellationException source: file:/C:/Users/TONYS/Documents/Codex/2026-09-29/https-github-com-jay3-yy-bilipai/work/toolchain/gradle-home/caches/modules-2/files-2.1/org.jetbrains.kotlinx/kotlinx-coroutines-core-jvm/1.10.2/4a9f78ef49483748e2c129f3d124b8fa249dafbf/kotlinx-coroutines-core-jvm-1.10.2.jar
[1.010s][info][class,load] kotlinx.coroutines.DebugStringsKt source: file:/C:/Users/TONYS/Documents/Codex/2026-09-29/https-github-com-jay3-yy-bilipai/work/toolchain/gradle-home/caches/modules-2/files-2.1/org.jetbrains.kotlinx/kotlinx-coroutines-core-jvm/1.10.2/4a9f78ef49483748e2c129f3d124b8fa249dafbf/kotlinx-coroutines-core-jvm-1.10.2.jar
[1.011s][info][class,load] com.bilipai.desktop.data.ReplyProtocolTransportFixtureKt$main$1$$Lambda/0x000000d53214d8b0 source: com.bilipai.desktop.data.ReplyProtocolTransportFixtureKt$main$1
[1.011s][info][class,load] com.bilipai.desktop.data.ReplyProtocolTransportFixtureKt$main$1$31 source: file:/C:/Users/TONYS/Documents/Codex/2026-09-29/https-github-com-jay3-yy-bilipai/work/BiliPai/desktop/.local/dynamic-detail-reply-main-integration/protocol-session-proof03/reply-protocol-fixture-only.jar
[1.011s][info][class,load] java.lang.invoke.MethodHandle$1 source: jrt:/java.base
[1.012s][info][class,load] java.lang.invoke.LambdaForm$DMH/0x000000d532150000 source: __JVM_LookupDefineClass__
[1.012s][info][class,load] com.bilipai.desktop.data.ReplyProtocolTransportFixtureKt$main$1$31$$Lambda/0x000000d53214dda0 source: com.bilipai.desktop.data.ReplyProtocolTransportFixtureKt$main$1$31
[1.014s][info][class,load] com.bilipai.desktop.data.ReplyProtocolTransportFixtureKt$main$1$cancelledRead$1 source: file:/C:/Users/TONYS/Documents/Codex/2026-09-29/https-github-com-jay3-yy-bilipai/work/BiliPai/desktop/.local/dynamic-detail-reply-main-integration/protocol-session-proof03/reply-protocol-fixture-only.jar
[1.014s][info][class,load] com.bilipai.desktop.data.ReplyProtocolTransportFixtureKt$main$1$32 source: file:/C:/Users/TONYS/Documents/Codex/2026-09-29/https-github-com-jay3-yy-bilipai/work/BiliPai/desktop/.local/dynamic-detail-reply-main-integration/protocol-session-proof03/reply-protocol-fixture-only.jar
[1.015s][info][class,load] kotlinx.coroutines.CancelledContinuation source: file:/C:/Users/TONYS/Documents/Codex/2026-09-29/https-github-com-jay3-yy-bilipai/work/toolchain/gradle-home/caches/modules-2/files-2.1/org.jetbrains.kotlinx/kotlinx-coroutines-core-jvm/1.10.2/4a9f78ef49483748e2c129f3d124b8fa249dafbf/kotlinx-coroutines-core-jvm-1.10.2.jar
[1.015s][info][class,load] com.bilipai.desktop.data.ReplyProtocolTransportFixtureKt$main$1$34 source: file:/C:/Users/TONYS/Documents/Codex/2026-09-29/https-github-com-jay3-yy-bilipai/work/BiliPai/desktop/.local/dynamic-detail-reply-main-integration/protocol-session-proof03/reply-protocol-fixture-only.jar
[1.016s][info][class,load] kotlinx.serialization.json.JsonObjectBuilder source: file:/C:/Users/TONYS/Documents/Codex/2026-09-29/https-github-com-jay3-yy-bilipai/work/toolchain/gradle-home/caches/modules-2/files-2.1/org.jetbrains.kotlinx/kotlinx-serialization-json-jvm/1.11.0/e7e045e99e56f07599bb9ccb708c2190e2af0606/kotlinx-serialization-json-jvm-1.11.0.jar
[1.016s][info][class,load] kotlinx.serialization.json.JsonElementBuildersKt source: file:/C:/Users/TONYS/Documents/Codex/2026-09-29/https-github-com-jay3-yy-bilipai/work/toolchain/gradle-home/caches/modules-2/files-2.1/org.jetbrains.kotlinx/kotlinx-serialization-json-jvm/1.11.0/e7e045e99e56f07599bb9ccb708c2190e2af0606/kotlinx-serialization-json-jvm-1.11.0.jar
[1.016s][info][class,load] kotlinx.serialization.json.JsonArrayBuilder source: file:/C:/Users/TONYS/Documents/Codex/2026-09-29/https-github-com-jay3-yy-bilipai/work/toolchain/gradle-home/caches/modules-2/files-2.1/org.jetbrains.kotlinx/kotlinx-serialization-json-jvm/1.11.0/e7e045e99e56f07599bb9ccb708c2190e2af0606/kotlinx-serialization-json-jvm-1.11.0.jar
[1.017s][info][class,load] kotlinx.serialization.json.JsonObject$$Lambda/0x000000d53214f058 source: kotlinx.serialization.json.JsonObject
[1.017s][info][class,load] sun.nio.fs.WindowsChannelFactory$2 source: jrt:/java.base
[1.018s][info][class,load] sun.nio.ch.ChannelOutputStream source: jrt:/java.base
[1.018s][info][class,load] java.lang.invoke.LambdaForm$MH/0x000000d532150400 source: __JVM_LookupDefineClass__
[1.018s][info][class,load] java.lang.invoke.LambdaForm$MH/0x000000d532150800 source: __JVM_LookupDefineClass__
[1.019s][info][class,load] java.lang.invoke.LambdaForm$MH/0x000000d532150c00 source: __JVM_LookupDefineClass__
[1.019s][info][class,load] java.lang.invoke.LambdaForm$MH/0x000000d532151000 source: __JVM_LookupDefineClass__
[1.019s][info][class,load] java.lang.invoke.LambdaForm$MH/0x000000d532151400 source: __JVM_LookupDefineClass__
[1.019s][info][class,load] java.lang.invoke.LambdaForm$MH/0x000000d532151800 source: __JVM_LookupDefineClass__
[1.019s][info][class,load] java.util.concurrent.ConcurrentLinkedQueue$Itr source: jrt:/java.base
[1.020s][info][class,load] java.util.IdentityHashMap$IdentityHashMapIterator source: shared objects file
[1.020s][info][class,load] java.util.IdentityHashMap$KeyIterator source: shared objects file
