[2026-10-01T01:24:44.561+0100][class,load] java.lang.Object source: shared objects file
[2026-10-01T01:24:44.561+0100][class,load] java.io.Serializable source: shared objects file
[2026-10-01T01:24:44.561+0100][class,load] java.lang.Comparable source: shared objects file
[2026-10-01T01:24:44.562+0100][class,load] java.lang.CharSequence source: shared objects file
[2026-10-01T01:24:44.562+0100][class,load] java.lang.constant.Constable source: shared objects file
[2026-10-01T01:24:44.562+0100][class,load] java.lang.constant.ConstantDesc source: shared objects file
[2026-10-01T01:24:44.562+0100][class,load] java.lang.String source: shared objects file
[2026-10-01T01:24:44.562+0100][class,load] java.lang.reflect.AnnotatedElement source: shared objects file
[2026-10-01T01:24:44.562+0100][class,load] java.lang.reflect.GenericDeclaration source: shared objects file
[2026-10-01T01:24:44.562+0100][class,load] java.lang.reflect.Type source: shared objects file
[2026-10-01T01:24:44.562+0100][class,load] java.lang.invoke.TypeDescriptor source: shared objects file
[2026-10-01T01:24:44.562+0100][class,load] java.lang.invoke.TypeDescriptor$OfField source: shared objects file
[2026-10-01T01:24:44.562+0100][class,load] java.lang.Class source: shared objects file
[2026-10-01T01:24:44.562+0100][class,load] java.lang.Cloneable source: shared objects file
[2026-10-01T01:24:44.562+0100][class,load] java.lang.ClassLoader source: shared objects file
[2026-10-01T01:24:44.562+0100][class,load] java.lang.System source: shared objects file
[2026-10-01T01:24:44.562+0100][class,load] java.lang.Throwable source: shared objects file
[2026-10-01T01:24:44.562+0100][class,load] java.lang.Error source: shared objects file
[2026-10-01T01:24:44.562+0100][class,load] java.lang.Exception source: shared objects file
[2026-10-01T01:24:44.562+0100][class,load] java.lang.RuntimeException source: shared objects file
[2026-10-01T01:24:44.562+0100][class,load] java.lang.SecurityManager source: shared objects file
[2026-10-01T01:24:44.562+0100][class,load] java.security.ProtectionDomain source: shared objects file
[2026-10-01T01:24:44.562+0100][class,load] java.security.AccessControlContext source: shared objects file
[2026-10-01T01:24:44.562+0100][class,load] java.security.AccessController source: shared objects file
[2026-10-01T01:24:44.562+0100][class,load] java.security.SecureClassLoader source: shared objects file
[2026-10-01T01:24:44.562+0100][class,load] java.lang.ReflectiveOperationException source: shared objects file
[2026-10-01T01:24:44.562+0100][class,load] java.lang.ClassNotFoundException source: shared objects file
[2026-10-01T01:24:44.562+0100][class,load] java.lang.Record source: shared objects file
[2026-10-01T01:24:44.562+0100][class,load] java.lang.LinkageError source: shared objects file
[2026-10-01T01:24:44.562+0100][class,load] java.lang.NoClassDefFoundError source: shared objects file
[2026-10-01T01:24:44.562+0100][class,load] java.lang.ClassCastException source: shared objects file
[2026-10-01T01:24:44.562+0100][class,load] java.lang.ArrayStoreException source: shared objects file
[2026-10-01T01:24:44.562+0100][class,load] java.lang.VirtualMachineError source: shared objects file
[2026-10-01T01:24:44.562+0100][class,load] java.lang.InternalError source: shared objects file
[2026-10-01T01:24:44.562+0100][class,load] java.lang.OutOfMemoryError source: shared objects file
[2026-10-01T01:24:44.562+0100][class,load] java.lang.StackOverflowError source: shared objects file
[2026-10-01T01:24:44.562+0100][class,load] java.lang.IllegalMonitorStateException source: shared objects file
[2026-10-01T01:24:44.562+0100][class,load] java.lang.ref.Reference source: shared objects file
[2026-10-01T01:24:44.562+0100][class,load] java.lang.ref.SoftReference source: shared objects file
[2026-10-01T01:24:44.562+0100][class,load] java.lang.ref.WeakReference source: shared objects file
[2026-10-01T01:24:44.562+0100][class,load] java.lang.ref.FinalReference source: shared objects file
[2026-10-01T01:24:44.563+0100][class,load] java.lang.ref.PhantomReference source: shared objects file
[2026-10-01T01:24:44.563+0100][class,load] java.lang.ref.Finalizer source: shared objects file
[2026-10-01T01:24:44.563+0100][class,load] java.lang.Runnable source: shared objects file
[2026-10-01T01:24:44.563+0100][class,load] java.lang.Thread source: shared objects file
[2026-10-01T01:24:44.563+0100][class,load] java.lang.Thread$FieldHolder source: shared objects file
[2026-10-01T01:24:44.563+0100][class,load] java.lang.Thread$Constants source: shared objects file
[2026-10-01T01:24:44.563+0100][class,load] java.lang.Thread$UncaughtExceptionHandler source: shared objects file
[2026-10-01T01:24:44.563+0100][class,load] java.lang.ThreadGroup source: shared objects file
[2026-10-01T01:24:44.563+0100][class,load] java.lang.BaseVirtualThread source: shared objects file
[2026-10-01T01:24:44.563+0100][class,load] java.lang.VirtualThread source: shared objects file
[2026-10-01T01:24:44.563+0100][class,load] java.lang.ThreadBuilders$BoundVirtualThread source: shared objects file
[2026-10-01T01:24:44.563+0100][class,load] java.util.Dictionary source: shared objects file
[2026-10-01T01:24:44.563+0100][class,load] java.util.Map source: shared objects file
[2026-10-01T01:24:44.563+0100][class,load] java.util.Hashtable source: shared objects file
[2026-10-01T01:24:44.563+0100][class,load] java.util.Properties source: shared objects file
[2026-10-01T01:24:44.563+0100][class,load] java.lang.Module source: shared objects file
[2026-10-01T01:24:44.563+0100][class,load] java.lang.reflect.AccessibleObject source: shared objects file
[2026-10-01T01:24:44.563+0100][class,load] java.lang.reflect.Member source: shared objects file
[2026-10-01T01:24:44.563+0100][class,load] java.lang.reflect.Field source: shared objects file
[2026-10-01T01:24:44.563+0100][class,load] java.lang.reflect.Parameter source: shared objects file
[2026-10-01T01:24:44.563+0100][class,load] java.lang.reflect.Executable source: shared objects file
[2026-10-01T01:24:44.563+0100][class,load] java.lang.reflect.Method source: shared objects file
[2026-10-01T01:24:44.563+0100][class,load] java.lang.reflect.Constructor source: shared objects file
[2026-10-01T01:24:44.563+0100][class,load] jdk.internal.vm.ContinuationScope source: shared objects file
[2026-10-01T01:24:44.563+0100][class,load] jdk.internal.vm.Continuation source: shared objects file
[2026-10-01T01:24:44.563+0100][class,load] jdk.internal.vm.StackChunk source: shared objects file
[2026-10-01T01:24:44.563+0100][class,load] jdk.internal.reflect.MagicAccessorImpl source: shared objects file
[2026-10-01T01:24:44.563+0100][class,load] jdk.internal.reflect.MethodAccessor source: shared objects file
[2026-10-01T01:24:44.563+0100][class,load] jdk.internal.reflect.MethodAccessorImpl source: shared objects file
[2026-10-01T01:24:44.563+0100][class,load] jdk.internal.reflect.ConstructorAccessor source: shared objects file
[2026-10-01T01:24:44.563+0100][class,load] jdk.internal.reflect.ConstructorAccessorImpl source: shared objects file
[2026-10-01T01:24:44.563+0100][class,load] jdk.internal.reflect.DelegatingClassLoader source: shared objects file
[2026-10-01T01:24:44.563+0100][class,load] jdk.internal.reflect.ConstantPool source: shared objects file
[2026-10-01T01:24:44.563+0100][class,load] jdk.internal.reflect.FieldAccessor source: shared objects file
[2026-10-01T01:24:44.563+0100][class,load] jdk.internal.reflect.FieldAccessorImpl source: shared objects file
[2026-10-01T01:24:44.563+0100][class,load] jdk.internal.reflect.UnsafeFieldAccessorImpl source: shared objects file
[2026-10-01T01:24:44.563+0100][class,load] jdk.internal.reflect.UnsafeStaticFieldAccessorImpl source: shared objects file
[2026-10-01T01:24:44.563+0100][class,load] java.lang.annotation.Annotation source: shared objects file
[2026-10-01T01:24:44.563+0100][class,load] jdk.internal.reflect.CallerSensitive source: shared objects file
[2026-10-01T01:24:44.563+0100][class,load] jdk.internal.reflect.NativeConstructorAccessorImpl source: shared objects file
[2026-10-01T01:24:44.563+0100][class,load] java.lang.invoke.MethodHandle source: shared objects file
[2026-10-01T01:24:44.563+0100][class,load] java.lang.invoke.DirectMethodHandle source: shared objects file
[2026-10-01T01:24:44.563+0100][class,load] java.lang.invoke.VarHandle source: shared objects file
[2026-10-01T01:24:44.563+0100][class,load] java.lang.invoke.MemberName source: shared objects file
[2026-10-01T01:24:44.563+0100][class,load] java.lang.invoke.ResolvedMethodName source: shared objects file
[2026-10-01T01:24:44.563+0100][class,load] java.lang.invoke.MethodHandleNatives source: shared objects file
[2026-10-01T01:24:44.563+0100][class,load] java.lang.invoke.LambdaForm source: shared objects file
[2026-10-01T01:24:44.563+0100][class,load] java.lang.invoke.TypeDescriptor$OfMethod source: shared objects file
[2026-10-01T01:24:44.563+0100][class,load] java.lang.invoke.MethodType source: shared objects file
[2026-10-01T01:24:44.563+0100][class,load] java.lang.BootstrapMethodError source: shared objects file
[2026-10-01T01:24:44.563+0100][class,load] java.lang.invoke.CallSite source: shared objects file
[2026-10-01T01:24:44.563+0100][class,load] jdk.internal.foreign.abi.NativeEntryPoint source: shared objects file
[2026-10-01T01:24:44.563+0100][class,load] jdk.internal.foreign.abi.ABIDescriptor source: shared objects file
[2026-10-01T01:24:44.563+0100][class,load] jdk.internal.foreign.abi.VMStorage source: shared objects file
[2026-10-01T01:24:44.563+0100][class,load] jdk.internal.foreign.abi.UpcallLinker$CallRegs source: shared objects file
[2026-10-01T01:24:44.563+0100][class,load] java.lang.invoke.ConstantCallSite source: shared objects file
[2026-10-01T01:24:44.563+0100][class,load] java.lang.invoke.MutableCallSite source: shared objects file
[2026-10-01T01:24:44.563+0100][class,load] java.lang.invoke.VolatileCallSite source: shared objects file
[2026-10-01T01:24:44.563+0100][class,load] java.lang.AssertionStatusDirectives source: shared objects file
[2026-10-01T01:24:44.563+0100][class,load] java.lang.Appendable source: shared objects file
[2026-10-01T01:24:44.563+0100][class,load] java.lang.AbstractStringBuilder source: shared objects file
[2026-10-01T01:24:44.563+0100][class,load] java.lang.StringBuffer source: shared objects file
[2026-10-01T01:24:44.563+0100][class,load] java.lang.StringBuilder source: shared objects file
[2026-10-01T01:24:44.563+0100][class,load] jdk.internal.misc.UnsafeConstants source: shared objects file
[2026-10-01T01:24:44.563+0100][class,load] jdk.internal.misc.Unsafe source: shared objects file
[2026-10-01T01:24:44.563+0100][class,load] jdk.internal.module.Modules source: shared objects file
[2026-10-01T01:24:44.563+0100][class,load] java.lang.AutoCloseable source: shared objects file
[2026-10-01T01:24:44.563+0100][class,load] java.io.Closeable source: shared objects file
[2026-10-01T01:24:44.563+0100][class,load] java.io.InputStream source: shared objects file
[2026-10-01T01:24:44.563+0100][class,load] java.io.ByteArrayInputStream source: shared objects file
[2026-10-01T01:24:44.563+0100][class,load] java.net.URL source: shared objects file
[2026-10-01T01:24:44.563+0100][class,load] java.lang.Enum source: shared objects file
[2026-10-01T01:24:44.563+0100][class,load] java.util.jar.Manifest source: shared objects file
[2026-10-01T01:24:44.563+0100][class,load] jdk.internal.loader.BuiltinClassLoader source: shared objects file
[2026-10-01T01:24:44.563+0100][class,load] jdk.internal.loader.ClassLoaders source: shared objects file
[2026-10-01T01:24:44.563+0100][class,load] jdk.internal.loader.ClassLoaders$AppClassLoader source: shared objects file
[2026-10-01T01:24:44.563+0100][class,load] jdk.internal.loader.ClassLoaders$PlatformClassLoader source: shared objects file
[2026-10-01T01:24:44.563+0100][class,load] java.security.CodeSource source: shared objects file
[2026-10-01T01:24:44.563+0100][class,load] java.util.AbstractMap source: shared objects file
[2026-10-01T01:24:44.563+0100][class,load] java.util.concurrent.ConcurrentMap source: shared objects file
[2026-10-01T01:24:44.564+0100][class,load] java.util.concurrent.ConcurrentHashMap source: shared objects file
[2026-10-01T01:24:44.564+0100][class,load] java.lang.Iterable source: shared objects file
[2026-10-01T01:24:44.564+0100][class,load] java.util.Collection source: shared objects file
[2026-10-01T01:24:44.564+0100][class,load] java.util.AbstractCollection source: shared objects file
[2026-10-01T01:24:44.564+0100][class,load] java.util.SequencedCollection source: shared objects file
[2026-10-01T01:24:44.564+0100][class,load] java.util.List source: shared objects file
[2026-10-01T01:24:44.564+0100][class,load] java.util.AbstractList source: shared objects file
[2026-10-01T01:24:44.564+0100][class,load] java.util.RandomAccess source: shared objects file
[2026-10-01T01:24:44.564+0100][class,load] java.util.ArrayList source: shared objects file
[2026-10-01T01:24:44.564+0100][class,load] java.lang.StackTraceElement source: shared objects file
[2026-10-01T01:24:44.564+0100][class,load] java.nio.Buffer source: shared objects file
[2026-10-01T01:24:44.564+0100][class,load] java.lang.StackWalker source: shared objects file
[2026-10-01T01:24:44.564+0100][class,load] java.lang.StackStreamFactory$AbstractStackWalker source: shared objects file
[2026-10-01T01:24:44.564+0100][class,load] java.lang.StackWalker$StackFrame source: shared objects file
[2026-10-01T01:24:44.564+0100][class,load] java.lang.StackFrameInfo source: shared objects file
[2026-10-01T01:24:44.564+0100][class,load] java.lang.LiveStackFrame source: shared objects file
[2026-10-01T01:24:44.564+0100][class,load] java.lang.LiveStackFrameInfo source: shared objects file
[2026-10-01T01:24:44.564+0100][class,load] java.util.concurrent.locks.AbstractOwnableSynchronizer source: shared objects file
[2026-10-01T01:24:44.564+0100][class,load] java.lang.Boolean source: shared objects file
[2026-10-01T01:24:44.564+0100][class,load] java.lang.Character source: shared objects file
[2026-10-01T01:24:44.564+0100][class,load] java.lang.Number source: shared objects file
[2026-10-01T01:24:44.564+0100][class,load] java.lang.Float source: shared objects file
[2026-10-01T01:24:44.564+0100][class,load] java.lang.Double source: shared objects file
[2026-10-01T01:24:44.564+0100][class,load] java.lang.Byte source: shared objects file
[2026-10-01T01:24:44.564+0100][class,load] java.lang.Short source: shared objects file
[2026-10-01T01:24:44.564+0100][class,load] java.lang.Integer source: shared objects file
[2026-10-01T01:24:44.564+0100][class,load] java.lang.Long source: shared objects file
[2026-10-01T01:24:44.564+0100][class,load] java.util.Iterator source: shared objects file
[2026-10-01T01:24:44.564+0100][class,load] java.lang.reflect.RecordComponent source: shared objects file
[2026-10-01T01:24:44.564+0100][class,load] jdk.internal.vm.vector.VectorSupport source: shared objects file
[2026-10-01T01:24:44.564+0100][class,load] jdk.internal.vm.vector.VectorSupport$VectorPayload source: shared objects file
[2026-10-01T01:24:44.564+0100][class,load] jdk.internal.vm.vector.VectorSupport$Vector source: shared objects file
[2026-10-01T01:24:44.564+0100][class,load] jdk.internal.vm.vector.VectorSupport$VectorMask source: shared objects file
[2026-10-01T01:24:44.564+0100][class,load] jdk.internal.vm.vector.VectorSupport$VectorShuffle source: shared objects file
[2026-10-01T01:24:44.564+0100][class,load] jdk.internal.vm.FillerObject source: shared objects file
[2026-10-01T01:24:44.565+0100][class,load] java.lang.NullPointerException source: shared objects file
[2026-10-01T01:24:44.565+0100][class,load] java.lang.ArithmeticException source: shared objects file
[2026-10-01T01:24:44.566+0100][class,load] java.io.ObjectStreamField source: shared objects file
[2026-10-01T01:24:44.566+0100][class,load] java.util.Comparator source: shared objects file
[2026-10-01T01:24:44.566+0100][class,load] java.lang.String$CaseInsensitiveComparator source: shared objects file
[2026-10-01T01:24:44.566+0100][class,load] jdk.internal.misc.VM source: shared objects file
[2026-10-01T01:24:44.566+0100][class,load] java.lang.Module$ArchivedData source: shared objects file
[2026-10-01T01:24:44.566+0100][class,load] jdk.internal.misc.CDS source: shared objects file
[2026-10-01T01:24:44.566+0100][class,load] java.util.Set source: shared objects file
[2026-10-01T01:24:44.566+0100][class,load] java.util.ImmutableCollections$AbstractImmutableCollection source: shared objects file
[2026-10-01T01:24:44.566+0100][class,load] java.util.ImmutableCollections$AbstractImmutableSet source: shared objects file
[2026-10-01T01:24:44.566+0100][class,load] java.util.ImmutableCollections$Set12 source: shared objects file
[2026-10-01T01:24:44.566+0100][class,load] java.util.Objects source: shared objects file
[2026-10-01T01:24:44.566+0100][class,load] java.util.ImmutableCollections source: shared objects file
[2026-10-01T01:24:44.566+0100][class,load] java.util.ImmutableCollections$AbstractImmutableList source: shared objects file
[2026-10-01T01:24:44.566+0100][class,load] java.util.ImmutableCollections$ListN source: shared objects file
[2026-10-01T01:24:44.566+0100][class,load] java.util.ImmutableCollections$SetN source: shared objects file
[2026-10-01T01:24:44.566+0100][class,load] java.util.ImmutableCollections$AbstractImmutableMap source: shared objects file
[2026-10-01T01:24:44.566+0100][class,load] java.util.ImmutableCollections$MapN source: shared objects file
[2026-10-01T01:24:44.566+0100][class,load] jdk.internal.access.JavaLangReflectAccess source: shared objects file
[2026-10-01T01:24:44.566+0100][class,load] java.lang.reflect.ReflectAccess source: shared objects file
[2026-10-01T01:24:44.566+0100][class,load] jdk.internal.access.SharedSecrets source: shared objects file
[2026-10-01T01:24:44.566+0100][class,load] java.security.PrivilegedAction source: shared objects file
[2026-10-01T01:24:44.566+0100][class,load] jdk.internal.reflect.ReflectionFactory$GetReflectionFactoryAction source: shared objects file
[2026-10-01T01:24:44.566+0100][class,load] jdk.internal.reflect.Reflection source: shared objects file
[2026-10-01T01:24:44.566+0100][class,load] java.lang.StringLatin1 source: shared objects file
[2026-10-01T01:24:44.566+0100][class,load] java.lang.Math source: shared objects file
[2026-10-01T01:24:44.567+0100][class,load] jdk.internal.reflect.ReflectionFactory source: shared objects file
[2026-10-01T01:24:44.567+0100][class,load] jdk.internal.reflect.ReflectionFactory$Config source: shared objects file
[2026-10-01T01:24:44.567+0100][class,load] jdk.internal.access.JavaLangRefAccess source: shared objects file
[2026-10-01T01:24:44.567+0100][class,load] java.lang.ref.Reference$1 source: shared objects file
[2026-10-01T01:24:44.567+0100][class,load] java.lang.ref.ReferenceQueue source: shared objects file
[2026-10-01T01:24:44.567+0100][class,load] java.lang.ref.NativeReferenceQueue source: shared objects file
[2026-10-01T01:24:44.567+0100][class,load] java.lang.ref.ReferenceQueue$Null source: shared objects file
[2026-10-01T01:24:44.567+0100][class,load] java.lang.ref.NativeReferenceQueue$Lock source: shared objects file
[2026-10-01T01:24:44.567+0100][class,load] jdk.internal.access.JavaLangAccess source: shared objects file
[2026-10-01T01:24:44.567+0100][class,load] java.lang.System$2 source: shared objects file
[2026-10-01T01:24:44.567+0100][class,load] jdk.internal.util.SystemProps source: shared objects file
[2026-10-01T01:24:44.567+0100][class,load] jdk.internal.util.SystemProps$Raw source: shared objects file
[2026-10-01T01:24:44.572+0100][class,load] java.nio.charset.Charset source: shared objects file
[2026-10-01T01:24:44.572+0100][class,load] java.nio.charset.spi.CharsetProvider source: shared objects file
[2026-10-01T01:24:44.572+0100][class,load] sun.nio.cs.StandardCharsets source: shared objects file
[2026-10-01T01:24:44.572+0100][class,load] jdk.internal.util.Preconditions source: shared objects file
[2026-10-01T01:24:44.573+0100][class,load] java.util.function.Function source: shared objects file
[2026-10-01T01:24:44.573+0100][class,load] jdk.internal.util.Preconditions$1 source: shared objects file
[2026-10-01T01:24:44.573+0100][class,load] java.util.function.BiFunction source: shared objects file
[2026-10-01T01:24:44.573+0100][class,load] jdk.internal.util.Preconditions$4 source: shared objects file
[2026-10-01T01:24:44.573+0100][class,load] jdk.internal.util.Preconditions$2 source: shared objects file
[2026-10-01T01:24:44.573+0100][class,load] jdk.internal.util.Preconditions$3 source: shared objects file
[2026-10-01T01:24:44.573+0100][class,load] java.util.Arrays source: shared objects file
[2026-10-01T01:24:44.573+0100][class,load] sun.util.PreHashedMap source: shared objects file
[2026-10-01T01:24:44.573+0100][class,load] sun.nio.cs.StandardCharsets$Aliases source: shared objects file
[2026-10-01T01:24:44.573+0100][class,load] jdk.internal.util.ArraysSupport source: shared objects file
[2026-10-01T01:24:44.573+0100][class,load] sun.nio.cs.StandardCharsets$Cache source: shared objects file
[2026-10-01T01:24:44.573+0100][class,load] sun.nio.cs.HistoricallyNamedCharset source: shared objects file
[2026-10-01T01:24:44.573+0100][class,load] sun.nio.cs.Unicode source: shared objects file
[2026-10-01T01:24:44.573+0100][class,load] sun.nio.cs.UTF_8 source: shared objects file
[2026-10-01T01:24:44.574+0100][class,load] sun.nio.cs.ISO_8859_1 source: shared objects file
[2026-10-01T01:24:44.574+0100][class,load] sun.nio.cs.US_ASCII source: shared objects file
[2026-10-01T01:24:44.574+0100][class,load] java.nio.charset.StandardCharsets source: shared objects file
[2026-10-01T01:24:44.574+0100][class,load] sun.nio.cs.UTF_16BE source: shared objects file
[2026-10-01T01:24:44.574+0100][class,load] sun.nio.cs.UTF_16LE source: shared objects file
[2026-10-01T01:24:44.574+0100][class,load] sun.nio.cs.UTF_16 source: shared objects file
[2026-10-01T01:24:44.574+0100][class,load] sun.nio.cs.StandardCharsets$Classes source: shared objects file
[2026-10-01T01:24:44.574+0100][class,load] sun.nio.cs.GBK source: jrt:/java.base
[2026-10-01T01:24:44.574+0100][class,load] java.lang.Class$ReflectionData source: shared objects file
[2026-10-01T01:24:44.574+0100][class,load] java.lang.Class$Atomic source: shared objects file
[2026-10-01T01:24:44.574+0100][class,load] java.lang.Class$1 source: shared objects file
[2026-10-01T01:24:44.574+0100][class,load] java.lang.reflect.Modifier source: shared objects file
[2026-10-01T01:24:44.574+0100][class,load] jdk.internal.reflect.MethodHandleAccessorFactory source: shared objects file
[2026-10-01T01:24:44.574+0100][class,load] jdk.internal.reflect.DirectConstructorHandleAccessor source: shared objects file
[2026-10-01T01:24:44.574+0100][class,load] jdk.internal.reflect.DirectConstructorHandleAccessor$NativeAccessor source: shared objects file
[2026-10-01T01:24:44.574+0100][class,load] sun.nio.cs.DelegatableDecoder source: jrt:/java.base
[2026-10-01T01:24:44.574+0100][class,load] sun.nio.cs.ArrayDecoder source: shared objects file
[2026-10-01T01:24:44.574+0100][class,load] java.nio.charset.CharsetDecoder source: shared objects file
[2026-10-01T01:24:44.574+0100][class,load] sun.nio.cs.DoubleByte$Decoder source: jrt:/java.base
[2026-10-01T01:24:44.574+0100][class,load] sun.nio.cs.GBK$DecodeHolder source: jrt:/java.base
[2026-10-01T01:24:44.575+0100][class,load] sun.nio.cs.DoubleByte source: jrt:/java.base
[2026-10-01T01:24:44.575+0100][class,load] java.lang.StringUTF16 source: shared objects file
[2026-10-01T01:24:44.575+0100][class,load] java.nio.charset.CodingErrorAction source: shared objects file
[2026-10-01T01:24:44.575+0100][class,load] java.lang.StringCoding source: shared objects file
[2026-10-01T01:24:44.576+0100][class,load] java.util.HashMap source: shared objects file
[2026-10-01T01:24:44.576+0100][class,load] java.util.Map$Entry source: shared objects file
[2026-10-01T01:24:44.576+0100][class,load] java.util.HashMap$Node source: shared objects file
[2026-10-01T01:24:44.576+0100][class,load] java.util.LinkedHashMap$Entry source: shared objects file
[2026-10-01T01:24:44.576+0100][class,load] java.util.HashMap$TreeNode source: shared objects file
[2026-10-01T01:24:44.576+0100][class,load] java.lang.StringConcatHelper source: shared objects file
[2026-10-01T01:24:44.576+0100][class,load] java.lang.VersionProps source: shared objects file
[2026-10-01T01:24:44.576+0100][class,load] java.lang.Runtime source: shared objects file
[2026-10-01T01:24:44.576+0100][class,load] java.lang.CharacterData source: shared objects file
[2026-10-01T01:24:44.576+0100][class,load] java.lang.CharacterDataLatin1 source: shared objects file
[2026-10-01T01:24:44.576+0100][class,load] java.util.concurrent.locks.Lock source: shared objects file
[2026-10-01T01:24:44.576+0100][class,load] java.util.concurrent.locks.ReentrantLock source: shared objects file
[2026-10-01T01:24:44.576+0100][class,load] java.util.concurrent.ConcurrentHashMap$Segment source: shared objects file
[2026-10-01T01:24:44.576+0100][class,load] java.util.concurrent.ConcurrentHashMap$CounterCell source: shared objects file
[2026-10-01T01:24:44.576+0100][class,load] java.util.concurrent.ConcurrentHashMap$Node source: shared objects file
[2026-10-01T01:24:44.576+0100][class,load] java.util.concurrent.locks.LockSupport source: shared objects file
[2026-10-01T01:24:44.576+0100][class,load] java.util.concurrent.ConcurrentHashMap$ReservationNode source: shared objects file
[2026-10-01T01:24:44.576+0100][class,load] java.util.AbstractSet source: shared objects file
[2026-10-01T01:24:44.576+0100][class,load] java.util.HashMap$EntrySet source: shared objects file
[2026-10-01T01:24:44.576+0100][class,load] java.util.HashMap$HashIterator source: shared objects file
[2026-10-01T01:24:44.576+0100][class,load] java.util.HashMap$EntryIterator source: shared objects file
[2026-10-01T01:24:44.576+0100][class,load] jdk.internal.util.StaticProperty source: shared objects file
[2026-10-01T01:24:44.576+0100][class,load] java.io.FileInputStream source: shared objects file
[2026-10-01T01:24:44.576+0100][class,load] java.io.FileDescriptor source: shared objects file
[2026-10-01T01:24:44.576+0100][class,load] jdk.internal.access.JavaIOFileDescriptorAccess source: shared objects file
[2026-10-01T01:24:44.576+0100][class,load] java.io.FileDescriptor$1 source: shared objects file
[2026-10-01T01:24:44.576+0100][class,load] java.io.Flushable source: shared objects file
[2026-10-01T01:24:44.576+0100][class,load] java.io.OutputStream source: shared objects file
[2026-10-01T01:24:44.576+0100][class,load] java.io.FileOutputStream source: shared objects file
[2026-10-01T01:24:44.576+0100][class,load] java.io.FilterInputStream source: shared objects file
[2026-10-01T01:24:44.576+0100][class,load] java.io.BufferedInputStream source: shared objects file
[2026-10-01T01:24:44.576+0100][class,load] jdk.internal.misc.InternalLock source: shared objects file
[2026-10-01T01:24:44.576+0100][class,load] java.util.concurrent.locks.AbstractQueuedSynchronizer source: shared objects file
[2026-10-01T01:24:44.576+0100][class,load] java.util.concurrent.locks.ReentrantLock$Sync source: shared objects file
[2026-10-01T01:24:44.576+0100][class,load] java.util.concurrent.locks.ReentrantLock$NonfairSync source: shared objects file
[2026-10-01T01:24:44.576+0100][class,load] java.io.FilterOutputStream source: shared objects file
[2026-10-01T01:24:44.576+0100][class,load] java.io.PrintStream source: shared objects file
[2026-10-01T01:24:44.576+0100][class,load] jdk.internal.access.JavaIOPrintStreamAccess source: shared objects file
[2026-10-01T01:24:44.576+0100][class,load] java.io.PrintStream$1 source: shared objects file
[2026-10-01T01:24:44.576+0100][class,load] java.io.BufferedOutputStream source: shared objects file
[2026-10-01T01:24:44.576+0100][class,load] java.io.Writer source: shared objects file
[2026-10-01T01:24:44.576+0100][class,load] java.io.OutputStreamWriter source: shared objects file
[2026-10-01T01:24:44.576+0100][class,load] sun.nio.cs.StreamEncoder source: shared objects file
[2026-10-01T01:24:44.576+0100][class,load] sun.nio.cs.ArrayEncoder source: shared objects file
[2026-10-01T01:24:44.576+0100][class,load] java.nio.charset.CharsetEncoder source: shared objects file
[2026-10-01T01:24:44.576+0100][class,load] sun.nio.cs.DoubleByte$Encoder source: jrt:/java.base
[2026-10-01T01:24:44.577+0100][class,load] sun.nio.cs.GBK$EncodeHolder source: jrt:/java.base
[2026-10-01T01:24:44.579+0100][class,load] java.nio.ByteBuffer source: shared objects file
[2026-10-01T01:24:44.579+0100][class,load] jdk.internal.misc.ScopedMemoryAccess source: shared objects file
[2026-10-01T01:24:44.579+0100][class,load] java.nio.Buffer$1 source: shared objects file
[2026-10-01T01:24:44.579+0100][class,load] jdk.internal.access.JavaNioAccess source: shared objects file
[2026-10-01T01:24:44.579+0100][class,load] java.nio.Buffer$2 source: shared objects file
[2026-10-01T01:24:44.579+0100][class,load] java.nio.HeapByteBuffer source: shared objects file
[2026-10-01T01:24:44.579+0100][class,load] java.nio.ByteOrder source: shared objects file
[2026-10-01T01:24:44.579+0100][class,load] java.lang.Readable source: shared objects file
[2026-10-01T01:24:44.579+0100][class,load] java.nio.CharBuffer source: shared objects file
[2026-10-01T01:24:44.579+0100][class,load] java.nio.HeapCharBuffer source: shared objects file
[2026-10-01T01:24:44.579+0100][class,load] java.nio.charset.CoderResult source: shared objects file
[2026-10-01T01:24:44.579+0100][class,load] java.io.BufferedWriter source: shared objects file
[2026-10-01T01:24:44.579+0100][class,load] java.lang.Terminator source: shared objects file
[2026-10-01T01:24:44.579+0100][class,load] jdk.internal.misc.Signal$Handler source: shared objects file
[2026-10-01T01:24:44.579+0100][class,load] java.lang.Terminator$1 source: shared objects file
[2026-10-01T01:24:44.579+0100][class,load] jdk.internal.misc.Signal source: shared objects file
[2026-10-01T01:24:44.579+0100][class,load] java.util.Hashtable$Entry source: shared objects file
[2026-10-01T01:24:44.579+0100][class,load] jdk.internal.misc.Signal$NativeHandler source: shared objects file
[2026-10-01T01:24:44.579+0100][class,load] java.lang.Integer$IntegerCache source: shared objects file
[2026-10-01T01:24:44.579+0100][class,load] jdk.internal.misc.OSEnvironment source: shared objects file
[2026-10-01T01:24:44.579+0100][class,load] sun.io.Win32ErrorMode source: shared objects file
[2026-10-01T01:24:44.579+0100][class,load] java.lang.Thread$State source: shared objects file
[2026-10-01T01:24:44.579+0100][class,load] java.lang.ref.Reference$ReferenceHandler source: shared objects file
[2026-10-01T01:24:44.579+0100][class,load] java.lang.Thread$ThreadIdentifiers source: shared objects file
[2026-10-01T01:24:44.581+0100][class,load] java.lang.ref.Finalizer$FinalizerThread source: shared objects file
[2026-10-01T01:24:44.581+0100][class,load] java.util.Collections source: shared objects file
[2026-10-01T01:24:44.581+0100][class,load] java.util.Collections$EmptySet source: shared objects file
[2026-10-01T01:24:44.581+0100][class,load] java.util.Collections$EmptyList source: shared objects file
[2026-10-01T01:24:44.581+0100][class,load] jdk.internal.ref.Cleaner source: shared objects file
[2026-10-01T01:24:44.581+0100][class,load] java.util.Collections$EmptyMap source: shared objects file
[2026-10-01T01:24:44.581+0100][class,load] java.util.concurrent.locks.Condition source: shared objects file
[2026-10-01T01:24:44.581+0100][class,load] jdk.internal.misc.Blocker source: shared objects file
[2026-10-01T01:24:44.581+0100][class,load] java.util.concurrent.locks.AbstractQueuedSynchronizer$ConditionObject source: shared objects file
[2026-10-01T01:24:44.581+0100][class,load] java.lang.IllegalArgumentException source: shared objects file
[2026-10-01T01:24:44.581+0100][class,load] java.lang.invoke.MethodHandleStatics source: shared objects file
[2026-10-01T01:24:44.581+0100][class,load] java.lang.reflect.ClassFileFormatVersion source: shared objects file
[2026-10-01T01:24:44.581+0100][class,load] sun.security.action.GetPropertyAction source: shared objects file
[2026-10-01T01:24:44.581+0100][class,load] jdk.internal.util.ClassFileDumper source: shared objects file
[2026-10-01T01:24:44.582+0100][class,load] java.util.HexFormat source: shared objects file
[2026-10-01T01:24:44.582+0100][class,load] java.lang.Character$CharacterCache source: shared objects file
[2026-10-01T01:24:44.582+0100][class,load] java.util.concurrent.atomic.AtomicInteger source: shared objects file
[2026-10-01T01:24:44.582+0100][class,load] jdk.internal.module.ModuleBootstrap source: shared objects file
[2026-10-01T01:24:44.582+0100][class,load] java.lang.module.ModuleDescriptor source: shared objects file
[2026-10-01T01:24:44.582+0100][class,load] java.lang.invoke.MethodHandles source: shared objects file
[2026-10-01T01:24:44.582+0100][class,load] java.lang.invoke.MemberName$Factory source: shared objects file
[2026-10-01T01:24:44.582+0100][class,load] java.lang.invoke.MethodHandles$Lookup source: shared objects file
[2026-10-01T01:24:44.582+0100][class,load] java.lang.StrictMath source: shared objects file
[2026-10-01T01:24:44.582+0100][class,load] java.util.ImmutableCollections$MapN$1 source: shared objects file
[2026-10-01T01:24:44.582+0100][class,load] java.util.ImmutableCollections$MapN$MapNIterator source: shared objects file
[2026-10-01T01:24:44.582+0100][class,load] java.util.KeyValueHolder source: shared objects file
[2026-10-01T01:24:44.582+0100][class,load] sun.invoke.util.VerifyAccess source: shared objects file
[2026-10-01T01:24:44.582+0100][class,load] jdk.internal.access.JavaLangModuleAccess source: shared objects file
[2026-10-01T01:24:44.582+0100][class,load] java.lang.module.ModuleDescriptor$1 source: shared objects file
[2026-10-01T01:24:44.582+0100][class,load] java.io.File source: shared objects file
[2026-10-01T01:24:44.582+0100][class,load] java.io.DefaultFileSystem source: shared objects file
[2026-10-01T01:24:44.582+0100][class,load] java.io.FileSystem source: shared objects file
[2026-10-01T01:24:44.582+0100][class,load] java.io.WinNTFileSystem source: shared objects file
[2026-10-01T01:24:44.583+0100][class,load] jdk.internal.module.ModulePatcher source: shared objects file
[2026-10-01T01:24:44.583+0100][class,load] java.util.HashSet source: shared objects file
[2026-10-01T01:24:44.583+0100][class,load] jdk.internal.module.ModuleBootstrap$Counters source: shared objects file
[2026-10-01T01:24:44.583+0100][class,load] jdk.internal.module.ArchivedBootLayer source: shared objects file
[2026-10-01T01:24:44.583+0100][class,load] jdk.internal.module.ArchivedModuleGraph source: shared objects file
[2026-10-01T01:24:44.583+0100][class,load] jdk.internal.module.SystemModuleFinders source: shared objects file
[2026-10-01T01:24:44.583+0100][class,load] java.net.URI source: shared objects file
[2026-10-01T01:24:44.583+0100][class,load] jdk.internal.access.JavaNetUriAccess source: shared objects file
[2026-10-01T01:24:44.583+0100][class,load] java.net.URI$1 source: shared objects file
[2026-10-01T01:24:44.583+0100][class,load] jdk.internal.module.SystemModulesMap source: shared objects file
[2026-10-01T01:24:44.583+0100][class,load] jdk.internal.module.SystemModules source: shared objects file
[2026-10-01T01:24:44.583+0100][class,load] jdk.internal.module.SystemModules$default source: shared objects file
[2026-10-01T01:24:44.583+0100][class,load] jdk.internal.module.Builder source: shared objects file
[2026-10-01T01:24:44.583+0100][class,load] java.lang.module.ModuleDescriptor$Requires source: shared objects file
[2026-10-01T01:24:44.583+0100][class,load] java.lang.module.ModuleDescriptor$Exports source: shared objects file
[2026-10-01T01:24:44.583+0100][class,load] java.util.ImmutableCollections$SetN$SetNIterator source: shared objects file
[2026-10-01T01:24:44.583+0100][class,load] java.lang.module.ModuleDescriptor$Opens source: shared objects file
[2026-10-01T01:24:44.583+0100][class,load] java.lang.module.ModuleDescriptor$Provides source: shared objects file
[2026-10-01T01:24:44.583+0100][class,load] java.util.ImmutableCollections$List12 source: shared objects file
[2026-10-01T01:24:44.584+0100][class,load] java.lang.module.ModuleDescriptor$Version source: shared objects file
[2026-10-01T01:24:44.584+0100][class,load] java.lang.module.ModuleDescriptor$Modifier source: shared objects file
[2026-10-01T01:24:44.584+0100][class,load] java.lang.reflect.AccessFlag source: shared objects file
[2026-10-01T01:24:44.584+0100][class,load] java.lang.reflect.AccessFlag$Location source: shared objects file
[2026-10-01T01:24:44.584+0100][class,load] java.lang.reflect.AccessFlag$1 source: shared objects file
[2026-10-01T01:24:44.584+0100][class,load] java.lang.reflect.AccessFlag$2 source: shared objects file
[2026-10-01T01:24:44.584+0100][class,load] java.lang.reflect.AccessFlag$3 source: shared objects file
[2026-10-01T01:24:44.584+0100][class,load] java.lang.reflect.AccessFlag$4 source: shared objects file
[2026-10-01T01:24:44.584+0100][class,load] java.lang.reflect.AccessFlag$5 source: shared objects file
[2026-10-01T01:24:44.584+0100][class,load] java.lang.reflect.AccessFlag$6 source: shared objects file
[2026-10-01T01:24:44.584+0100][class,load] java.lang.reflect.AccessFlag$7 source: shared objects file
[2026-10-01T01:24:44.584+0100][class,load] java.lang.reflect.AccessFlag$8 source: shared objects file
[2026-10-01T01:24:44.584+0100][class,load] java.lang.reflect.AccessFlag$9 source: shared objects file
[2026-10-01T01:24:44.584+0100][class,load] java.lang.reflect.AccessFlag$10 source: shared objects file
[2026-10-01T01:24:44.584+0100][class,load] java.lang.reflect.AccessFlag$11 source: shared objects file
[2026-10-01T01:24:44.584+0100][class,load] java.lang.reflect.AccessFlag$12 source: shared objects file
[2026-10-01T01:24:44.584+0100][class,load] java.lang.reflect.AccessFlag$13 source: shared objects file
[2026-10-01T01:24:44.584+0100][class,load] java.lang.reflect.AccessFlag$14 source: shared objects file
[2026-10-01T01:24:44.584+0100][class,load] java.lang.reflect.AccessFlag$15 source: shared objects file
[2026-10-01T01:24:44.584+0100][class,load] java.lang.reflect.AccessFlag$16 source: shared objects file
[2026-10-01T01:24:44.584+0100][class,load] java.lang.reflect.AccessFlag$17 source: shared objects file
[2026-10-01T01:24:44.584+0100][class,load] java.lang.reflect.AccessFlag$18 source: shared objects file
[2026-10-01T01:24:44.584+0100][class,load] java.lang.module.ModuleDescriptor$Requires$Modifier source: shared objects file
[2026-10-01T01:24:44.584+0100][class,load] java.util.ImmutableCollections$Set12$1 source: shared objects file
[2026-10-01T01:24:44.585+0100][class,load] jdk.internal.module.ModuleTarget source: shared objects file
[2026-10-01T01:24:44.585+0100][class,load] jdk.internal.module.ModuleHashes source: shared objects file
[2026-10-01T01:24:44.585+0100][class,load] jdk.internal.module.ModuleHashes$Builder source: shared objects file
[2026-10-01T01:24:44.585+0100][class,load] java.util.Collections$UnmodifiableMap source: shared objects file
[2026-10-01T01:24:44.585+0100][class,load] jdk.internal.module.ModuleResolution source: shared objects file
[2026-10-01T01:24:44.585+0100][class,load] java.lang.module.ModuleReference source: shared objects file
[2026-10-01T01:24:44.585+0100][class,load] java.util.function.Supplier source: shared objects file
[2026-10-01T01:24:44.585+0100][class,load] jdk.internal.module.SystemModuleFinders$2 source: shared objects file
[2026-10-01T01:24:44.585+0100][class,load] jdk.internal.module.ModuleReferenceImpl source: shared objects file
[2026-10-01T01:24:44.586+0100][class,load] jdk.internal.module.ModuleHashes$HashSupplier source: shared objects file
[2026-10-01T01:24:44.586+0100][class,load] jdk.internal.module.SystemModuleFinders$3 source: shared objects file
[2026-10-01T01:24:44.586+0100][class,load] java.lang.module.ModuleFinder source: shared objects file
[2026-10-01T01:24:44.586+0100][class,load] jdk.internal.module.SystemModuleFinders$SystemModuleFinder source: shared objects file
[2026-10-01T01:24:44.586+0100][class,load] java.util.Optional source: shared objects file
[2026-10-01T01:24:44.586+0100][class,load] jdk.internal.loader.BootLoader source: shared objects file
[2026-10-01T01:24:44.586+0100][class,load] java.lang.Module$EnableNativeAccess source: shared objects file
[2026-10-01T01:24:44.586+0100][class,load] jdk.internal.loader.NativeLibraries source: shared objects file
[2026-10-01T01:24:44.586+0100][class,load] jdk.internal.loader.ClassLoaderHelper source: shared objects file
[2026-10-01T01:24:44.586+0100][class,load] java.util.concurrent.ConcurrentHashMap$CollectionView source: shared objects file
[2026-10-01T01:24:44.586+0100][class,load] java.util.concurrent.ConcurrentHashMap$KeySetView source: shared objects file
[2026-10-01T01:24:44.586+0100][class,load] jdk.internal.loader.ArchivedClassLoaders source: shared objects file
[2026-10-01T01:24:44.586+0100][class,load] jdk.internal.loader.ClassLoaders$BootClassLoader source: shared objects file
[2026-10-01T01:24:44.586+0100][class,load] java.security.cert.Certificate source: shared objects file
[2026-10-01T01:24:44.586+0100][class,load] java.lang.ClassLoader$ParallelLoaders source: shared objects file
[2026-10-01T01:24:44.586+0100][class,load] java.util.WeakHashMap source: shared objects file
[2026-10-01T01:24:44.586+0100][class,load] java.util.WeakHashMap$Entry source: shared objects file
[2026-10-01T01:24:44.586+0100][class,load] java.util.Collections$SetFromMap source: shared objects file
[2026-10-01T01:24:44.586+0100][class,load] java.util.WeakHashMap$KeySet source: shared objects file
[2026-10-01T01:24:44.586+0100][class,load] jdk.internal.access.JavaSecurityAccess source: shared objects file
[2026-10-01T01:24:44.586+0100][class,load] java.security.ProtectionDomain$JavaSecurityAccessImpl source: shared objects file
[2026-10-01T01:24:44.586+0100][class,load] java.security.ProtectionDomain$Key source: shared objects file
[2026-10-01T01:24:44.586+0100][class,load] java.security.Principal source: shared objects file
[2026-10-01T01:24:44.586+0100][class,load] jdk.internal.loader.URLClassPath source: shared objects file
[2026-10-01T01:24:44.587+0100][class,load] java.net.URLStreamHandlerFactory source: shared objects file
[2026-10-01T01:24:44.587+0100][class,load] java.net.URL$DefaultFactory source: shared objects file
[2026-10-01T01:24:44.587+0100][class,load] jdk.internal.access.JavaNetURLAccess source: shared objects file
[2026-10-01T01:24:44.587+0100][class,load] java.net.URL$3 source: shared objects file
[2026-10-01T01:24:44.587+0100][class,load] java.io.File$PathStatus source: shared objects file
[2026-10-01T01:24:44.587+0100][class,load] sun.net.www.ParseUtil source: shared objects file
[2026-10-01T01:24:44.588+0100][class,load] java.net.URLStreamHandler source: shared objects file
[2026-10-01T01:24:44.588+0100][class,load] sun.net.www.protocol.file.Handler source: shared objects file
[2026-10-01T01:24:44.588+0100][class,load] sun.net.util.IPAddressUtil source: shared objects file
[2026-10-01T01:24:44.588+0100][class,load] sun.net.util.IPAddressUtil$MASKS source: shared objects file
[2026-10-01T01:24:44.651+0100][class,load] java.util.Queue source: shared objects file
[2026-10-01T01:24:44.651+0100][class,load] java.util.Deque source: shared objects file
[2026-10-01T01:24:44.651+0100][class,load] java.util.ArrayDeque source: shared objects file
[2026-10-01T01:24:44.651+0100][class,load] sun.net.www.protocol.jar.Handler source: shared objects file
[2026-10-01T01:24:44.651+0100][class,load] jdk.internal.module.ServicesCatalog source: shared objects file
[2026-10-01T01:24:44.651+0100][class,load] jdk.internal.loader.AbstractClassLoaderValue source: shared objects file
[2026-10-01T01:24:44.651+0100][class,load] jdk.internal.loader.ClassLoaderValue source: shared objects file
[2026-10-01T01:24:44.651+0100][class,load] jdk.internal.loader.BuiltinClassLoader$LoadedModule source: shared objects file
[2026-10-01T01:24:44.652+0100][class,load] java.lang.module.Configuration source: shared objects file
[2026-10-01T01:24:44.652+0100][class,load] java.lang.module.ResolvedModule source: shared objects file
[2026-10-01T01:24:44.652+0100][class,load] java.util.AbstractMap$1 source: shared objects file
[2026-10-01T01:24:44.652+0100][class,load] java.util.AbstractMap$1$1 source: shared objects file
[2026-10-01T01:24:44.652+0100][class,load] jdk.internal.module.ModuleLoaderMap source: shared objects file
[2026-10-01T01:24:44.652+0100][class,load] jdk.internal.module.ModuleLoaderMap$Mapper source: shared objects file
[2026-10-01T01:24:44.652+0100][class,load] jdk.internal.module.ModuleLoaderMap$Modules source: shared objects file
[2026-10-01T01:24:44.653+0100][class,load] java.lang.ModuleLayer source: shared objects file
[2026-10-01T01:24:44.653+0100][class,load] java.util.ListIterator source: shared objects file
[2026-10-01T01:24:44.653+0100][class,load] java.util.ImmutableCollections$ListItr source: shared objects file
[2026-10-01T01:24:44.655+0100][class,load] jdk.internal.loader.AbstractClassLoaderValue$Memoizer source: shared objects file
[2026-10-01T01:24:44.655+0100][class,load] jdk.internal.module.ServicesCatalog$ServiceProvider source: shared objects file
[2026-10-01T01:24:44.655+0100][class,load] java.util.concurrent.CopyOnWriteArrayList source: shared objects file
[2026-10-01T01:24:44.655+0100][class,load] java.util.HashMap$KeySet source: shared objects file
[2026-10-01T01:24:44.655+0100][class,load] java.util.HashMap$KeyIterator source: shared objects file
[2026-10-01T01:24:44.655+0100][class,load] java.lang.ModuleLayer$Controller source: shared objects file
[2026-10-01T01:24:44.655+0100][class,load] java.lang.invoke.StringConcatFactory source: shared objects file
[2026-10-01T01:24:44.656+0100][class,load] sun.launcher.LauncherHelper source: shared objects file
[2026-10-01T01:24:44.656+0100][class,load] sun.net.util.URLUtil source: shared objects file
[2026-10-01T01:24:44.656+0100][class,load] java.security.PrivilegedExceptionAction source: shared objects file
[2026-10-01T01:24:44.656+0100][class,load] jdk.internal.loader.URLClassPath$3 source: shared objects file
[2026-10-01T01:24:44.656+0100][class,load] jdk.internal.loader.URLClassPath$Loader source: shared objects file
[2026-10-01T01:24:44.656+0100][class,load] jdk.internal.loader.URLClassPath$FileLoader source: jrt:/java.base
[2026-10-01T01:24:44.656+0100][class,load] java.util.concurrent.ForkJoinWorkerThread source: shared objects file
[2026-10-01T01:24:44.656+0100][class,load] jdk.internal.misc.CarrierThread source: shared objects file
[2026-10-01T01:24:44.657+0100][class,load] jdk.internal.loader.Resource source: shared objects file
[2026-10-01T01:24:44.657+0100][class,load] jdk.internal.loader.URLClassPath$FileLoader$1 source: jrt:/java.base
[2026-10-01T01:24:44.657+0100][class,load] java.lang.NamedPackage source: shared objects file
[2026-10-01T01:24:44.657+0100][class,load] java.lang.Package source: shared objects file
[2026-10-01T01:24:44.657+0100][class,load] java.lang.Package$VersionInfo source: shared objects file
[2026-10-01T01:24:44.665+0100][class,load] java.lang.ref.Cleaner$Cleanable source: shared objects file
[2026-10-01T01:24:44.665+0100][class,load] jdk.internal.ref.PhantomCleanable source: shared objects file
[2026-10-01T01:24:44.665+0100][class,load] java.io.FileCleanable source: shared objects file
[2026-10-01T01:24:44.665+0100][class,load] jdk.internal.ref.CleanerFactory source: shared objects file
[2026-10-01T01:24:44.665+0100][class,load] java.util.concurrent.ThreadFactory source: shared objects file
[2026-10-01T01:24:44.665+0100][class,load] jdk.internal.ref.CleanerFactory$1 source: shared objects file
[2026-10-01T01:24:44.665+0100][class,load] java.lang.ref.Cleaner source: shared objects file
[2026-10-01T01:24:44.665+0100][class,load] java.lang.ref.Cleaner$1 source: shared objects file
[2026-10-01T01:24:44.665+0100][class,load] jdk.internal.ref.CleanerImpl source: shared objects file
[2026-10-01T01:24:44.665+0100][class,load] jdk.internal.ref.CleanerImpl$PhantomCleanableRef source: shared objects file
[2026-10-01T01:24:44.665+0100][class,load] jdk.internal.ref.CleanerImpl$CleanerCleanable source: shared objects file
[2026-10-01T01:24:44.665+0100][class,load] jdk.internal.misc.InnocuousThread source: shared objects file
[2026-10-01T01:24:44.665+0100][class,load] sun.nio.ByteBuffered source: shared objects file
[2026-10-01T01:24:44.666+0100][class,load] java.util.concurrent.TimeUnit source: shared objects file
[2026-10-01T01:24:44.666+0100][class,load] java.io.FileInputStream$1 source: shared objects file
[2026-10-01T01:24:44.666+0100][class,load] java.util.concurrent.locks.AbstractQueuedSynchronizer$Node source: shared objects file
[2026-10-01T01:24:44.666+0100][class,load] java.util.concurrent.locks.AbstractQueuedSynchronizer$ExclusiveNode source: shared objects file
[2026-10-01T01:24:44.666+0100][class,load] java.util.concurrent.ForkJoinPool$ManagedBlocker source: shared objects file
[2026-10-01T01:24:44.666+0100][class,load] java.util.concurrent.locks.AbstractQueuedSynchronizer$ConditionNode source: shared objects file
[2026-10-01T01:24:44.666+0100][class,load] java.security.SecureClassLoader$CodeSourceKey source: shared objects file
[2026-10-01T01:24:44.666+0100][class,load] java.security.SecureClassLoader$1 source: shared objects file
[2026-10-01T01:24:44.666+0100][class,load] java.security.PermissionCollection source: shared objects file
[2026-10-01T01:24:44.666+0100][class,load] sun.security.util.LazyCodeSourcePermissionCollection source: shared objects file
[2026-10-01T01:24:44.666+0100][class,load] java.security.Permissions source: shared objects file
[2026-10-01T01:24:44.666+0100][class,load] java.security.Guard source: shared objects file
[2026-10-01T01:24:44.666+0100][class,load] java.security.Permission source: shared objects file
[2026-10-01T01:24:44.666+0100][class,load] java.security.BasicPermission source: shared objects file
[2026-10-01T01:24:44.666+0100][class,load] java.lang.RuntimePermission source: shared objects file
[2026-10-01T01:24:44.666+0100][class,load] java.security.BasicPermissionCollection source: shared objects file
[2026-10-01T01:24:44.666+0100][class,load] java.security.AllPermission source: shared objects file
[2026-10-01T01:24:44.666+0100][class,load] java.security.UnresolvedPermission source: shared objects file
[2026-10-01T01:24:44.666+0100][class,load] java.security.SecureClassLoader$DebugHolder source: shared objects file
[2026-10-01T01:24:44.666+0100][class,load] sun.security.util.Debug source: shared objects file
[2026-10-01T01:24:44.666+0100][class,load] com.bilipai.desktop.ui.PostAdmissionFixtureKt source: file:/C:/Users/TONYS/Documents/Codex/2026-09-29/https-github-com-jay3-yy-bilipai/work/BiliPai/desktop/.local/dynamic-detail-reply-parity/detail-container-next/liquid-ui-proof/post-admission-delta/classes-02/
[2026-10-01T01:24:44.666+0100][class,load] jdk.internal.misc.MainMethodFinder source: shared objects file
[2026-10-01T01:24:44.666+0100][class,load] jdk.internal.misc.PreviewFeatures source: shared objects file
[2026-10-01T01:24:44.666+0100][class,load] java.lang.IllegalStateException source: jrt:/java.base
[2026-10-01T01:24:44.666+0100][class,load] java.util.NoSuchElementException source: jrt:/java.base
[2026-10-01T01:24:44.666+0100][class,load] java.lang.PublicMethods$MethodList source: shared objects file
[2026-10-01T01:24:44.666+0100][class,load] java.lang.PublicMethods$Key source: shared objects file
[2026-10-01T01:24:44.666+0100][class,load] java.lang.Void source: shared objects file
[2026-10-01T01:24:44.666+0100][class,load] jdk.internal.loader.URLClassPath$JarLoader source: shared objects file
[2026-10-01T01:24:44.666+0100][class,load] java.util.zip.ZipConstants source: shared objects file
[2026-10-01T01:24:44.666+0100][class,load] java.util.zip.ZipFile source: shared objects file
[2026-10-01T01:24:44.666+0100][class,load] jdk.internal.access.JavaUtilZipFileAccess source: shared objects file
[2026-10-01T01:24:44.667+0100][class,load] java.util.zip.ZipFile$1 source: shared objects file
[2026-10-01T01:24:44.667+0100][class,load] jdk.internal.loader.URLClassPath$JarLoader$1 source: shared objects file
[2026-10-01T01:24:44.667+0100][class,load] jdk.internal.loader.FileURLMapper source: shared objects file
[2026-10-01T01:24:44.667+0100][class,load] java.util.jar.JarFile source: shared objects file
[2026-10-01T01:24:44.667+0100][class,load] jdk.internal.access.JavaUtilJarAccess source: shared objects file
[2026-10-01T01:24:44.667+0100][class,load] java.util.jar.JavaUtilJarAccessImpl source: shared objects file
[2026-10-01T01:24:44.667+0100][class,load] java.lang.Runtime$Version source: shared objects file
[2026-10-01T01:24:44.667+0100][class,load] java.util.zip.ZipFile$CleanableResource source: shared objects file
[2026-10-01T01:24:44.667+0100][class,load] java.util.zip.ZipCoder source: shared objects file
[2026-10-01T01:24:44.667+0100][class,load] java.util.zip.ZipCoder$UTF8ZipCoder source: shared objects file
[2026-10-01T01:24:44.667+0100][class,load] java.util.zip.ZipFile$Source source: shared objects file
[2026-10-01T01:24:44.667+0100][class,load] sun.nio.fs.DefaultFileSystemProvider source: shared objects file
[2026-10-01T01:24:44.667+0100][class,load] java.nio.file.spi.FileSystemProvider source: shared objects file
[2026-10-01T01:24:44.667+0100][class,load] sun.nio.fs.AbstractFileSystemProvider source: shared objects file
[2026-10-01T01:24:44.667+0100][class,load] sun.nio.fs.WindowsFileSystemProvider source: shared objects file
[2026-10-01T01:24:44.667+0100][class,load] java.nio.file.OpenOption source: shared objects file
[2026-10-01T01:24:44.667+0100][class,load] java.nio.file.StandardOpenOption source: shared objects file
[2026-10-01T01:24:44.667+0100][class,load] java.nio.file.FileSystem source: shared objects file
[2026-10-01T01:24:44.667+0100][class,load] sun.nio.fs.WindowsFileSystem source: shared objects file
[2026-10-01T01:24:44.667+0100][class,load] sun.nio.fs.WindowsPathParser source: shared objects file
[2026-10-01T01:24:44.667+0100][class,load] sun.nio.fs.WindowsPathType source: shared objects file
[2026-10-01T01:24:44.667+0100][class,load] sun.nio.fs.WindowsPathParser$Result source: shared objects file
[2026-10-01T01:24:44.667+0100][class,load] java.util.zip.ZipFile$Source$Key source: shared objects file
[2026-10-01T01:24:44.667+0100][class,load] java.nio.file.Watchable source: shared objects file
[2026-10-01T01:24:44.667+0100][class,load] java.nio.file.Path source: shared objects file
[2026-10-01T01:24:44.667+0100][class,load] sun.nio.fs.WindowsPath source: shared objects file
[2026-10-01T01:24:44.668+0100][class,load] java.nio.file.attribute.BasicFileAttributes source: shared objects file
[2026-10-01T01:24:44.668+0100][class,load] java.nio.file.CopyOption source: shared objects file
[2026-10-01T01:24:44.668+0100][class,load] java.nio.file.LinkOption source: shared objects file
[2026-10-01T01:24:44.668+0100][class,load] java.nio.file.Files source: shared objects file
[2026-10-01T01:24:44.668+0100][class,load] java.nio.file.attribute.AttributeView source: shared objects file
[2026-10-01T01:24:44.668+0100][class,load] java.nio.file.attribute.FileAttributeView source: shared objects file
[2026-10-01T01:24:44.668+0100][class,load] java.nio.file.attribute.BasicFileAttributeView source: shared objects file
[2026-10-01T01:24:44.668+0100][class,load] sun.nio.fs.Util source: shared objects file
[2026-10-01T01:24:44.668+0100][class,load] sun.nio.fs.WindowsFileAttributeViews source: shared objects file
[2026-10-01T01:24:44.668+0100][class,load] sun.nio.fs.DynamicFileAttributeView source: shared objects file
[2026-10-01T01:24:44.668+0100][class,load] sun.nio.fs.AbstractBasicFileAttributeView source: shared objects file
[2026-10-01T01:24:44.668+0100][class,load] sun.nio.fs.WindowsFileAttributeViews$Basic source: shared objects file
[2026-10-01T01:24:44.668+0100][class,load] java.nio.file.attribute.DosFileAttributes source: shared objects file
[2026-10-01T01:24:44.668+0100][class,load] sun.nio.fs.WindowsFileAttributes source: shared objects file
[2026-10-01T01:24:44.668+0100][class,load] sun.nio.fs.NativeBuffers source: shared objects file
[2026-10-01T01:24:44.668+0100][class,load] java.lang.ThreadLocal source: shared objects file
[2026-10-01T01:24:44.668+0100][class,load] jdk.internal.misc.CarrierThreadLocal source: shared objects file
[2026-10-01T01:24:44.668+0100][class,load] jdk.internal.misc.TerminatingThreadLocal source: shared objects file
[2026-10-01T01:24:44.668+0100][class,load] sun.nio.fs.NativeBuffers$1 source: shared objects file
[2026-10-01T01:24:44.668+0100][class,load] jdk.internal.misc.TerminatingThreadLocal$1 source: shared objects file
[2026-10-01T01:24:44.668+0100][class,load] java.lang.ThreadLocal$ThreadLocalMap source: shared objects file
[2026-10-01T01:24:44.669+0100][class,load] java.lang.ThreadLocal$ThreadLocalMap$Entry source: shared objects file
[2026-10-01T01:24:44.669+0100][class,load] java.util.IdentityHashMap source: shared objects file
[2026-10-01T01:24:44.669+0100][class,load] java.util.IdentityHashMap$KeySet source: shared objects file
[2026-10-01T01:24:44.669+0100][class,load] sun.nio.fs.NativeBuffer source: shared objects file
[2026-10-01T01:24:44.669+0100][class,load] sun.nio.fs.NativeBuffer$Deallocator source: shared objects file
[2026-10-01T01:24:44.669+0100][class,load] sun.nio.fs.WindowsNativeDispatcher source: shared objects file
[2026-10-01T01:24:44.669+0100][class,load] jdk.internal.loader.NativeLibraries$LibraryPaths source: shared objects file
[2026-10-01T01:24:44.669+0100][class,load] jdk.internal.loader.NativeLibraries$1 source: shared objects file
[2026-10-01T01:24:44.670+0100][class,load] jdk.internal.loader.NativeLibraries$2 source: shared objects file
[2026-10-01T01:24:44.670+0100][class,load] jdk.internal.loader.NativeLibraries$CountedLock source: shared objects file
[2026-10-01T01:24:44.670+0100][class,load] jdk.internal.loader.NativeLibraries$NativeLibraryContext source: shared objects file
[2026-10-01T01:24:44.670+0100][class,load] jdk.internal.loader.NativeLibraries$NativeLibraryContext$1 source: shared objects file
[2026-10-01T01:24:44.670+0100][class,load] java.util.ArrayDeque$DeqIterator source: shared objects file
[2026-10-01T01:24:44.670+0100][class,load] jdk.internal.loader.NativeLibrary source: shared objects file
[2026-10-01T01:24:44.670+0100][class,load] jdk.internal.loader.NativeLibraries$NativeLibraryImpl source: shared objects file
[2026-10-01T01:24:44.671+0100][class,load] jdk.internal.loader.NativeLibraries$3 source: shared objects file
[2026-10-01T01:24:44.672+0100][class,load] java.util.concurrent.ConcurrentHashMap$ValuesView source: shared objects file
[2026-10-01T01:24:44.672+0100][class,load] java.util.concurrent.ConcurrentHashMap$Traverser source: shared objects file
[2026-10-01T01:24:44.672+0100][class,load] java.util.concurrent.ConcurrentHashMap$BaseIterator source: shared objects file
[2026-10-01T01:24:44.672+0100][class,load] java.util.Enumeration source: shared objects file
[2026-10-01T01:24:44.672+0100][class,load] java.util.concurrent.ConcurrentHashMap$ValueIterator source: shared objects file
[2026-10-01T01:24:44.672+0100][class,load] sun.nio.fs.WindowsNativeDispatcher$FirstFile source: shared objects file
[2026-10-01T01:24:44.672+0100][class,load] sun.nio.fs.WindowsNativeDispatcher$FirstStream source: shared objects file
[2026-10-01T01:24:44.672+0100][class,load] sun.nio.fs.WindowsNativeDispatcher$VolumeInformation source: shared objects file
[2026-10-01T01:24:44.672+0100][class,load] sun.nio.fs.WindowsNativeDispatcher$DiskFreeSpace source: shared objects file
[2026-10-01T01:24:44.672+0100][class,load] sun.nio.fs.WindowsNativeDispatcher$Account source: shared objects file
[2026-10-01T01:24:44.672+0100][class,load] sun.nio.fs.WindowsNativeDispatcher$AclInformation source: shared objects file
[2026-10-01T01:24:44.672+0100][class,load] sun.nio.fs.WindowsNativeDispatcher$CompletionStatus source: shared objects file
[2026-10-01T01:24:44.672+0100][class,load] java.io.DataOutput source: shared objects file
[2026-10-01T01:24:44.672+0100][class,load] java.io.DataInput source: shared objects file
[2026-10-01T01:24:44.672+0100][class,load] java.io.RandomAccessFile source: shared objects file
[2026-10-01T01:24:44.672+0100][class,load] jdk.internal.access.JavaIORandomAccessFileAccess source: shared objects file
[2026-10-01T01:24:44.672+0100][class,load] java.io.RandomAccessFile$2 source: shared objects file
[2026-10-01T01:24:44.673+0100][class,load] java.util.zip.ZipFile$Source$End source: shared objects file
[2026-10-01T01:24:44.673+0100][class,load] java.util.zip.ZipUtils source: shared objects file
[2026-10-01T01:24:44.673+0100][class,load] java.nio.file.attribute.FileTime source: shared objects file
[2026-10-01T01:24:44.673+0100][class,load] java.util.Locale source: shared objects file
[2026-10-01T01:24:44.673+0100][class,load] sun.util.locale.BaseLocale source: shared objects file
[2026-10-01T01:24:44.673+0100][class,load] sun.util.locale.LocaleUtils source: shared objects file
[2026-10-01T01:24:44.673+0100][class,load] jdk.internal.perf.PerfCounter source: shared objects file
[2026-10-01T01:24:44.673+0100][class,load] jdk.internal.perf.Perf$GetPerfAction source: shared objects file
[2026-10-01T01:24:44.673+0100][class,load] jdk.internal.perf.Perf source: shared objects file
[2026-10-01T01:24:44.673+0100][class,load] jdk.internal.perf.PerfCounter$CoreCounters source: shared objects file
[2026-10-01T01:24:44.673+0100][class,load] sun.nio.ch.DirectBuffer source: shared objects file
[2026-10-01T01:24:44.673+0100][class,load] java.nio.MappedByteBuffer source: shared objects file
[2026-10-01T01:24:44.673+0100][class,load] java.nio.DirectByteBuffer source: shared objects file
[2026-10-01T01:24:44.673+0100][class,load] java.nio.Bits source: shared objects file
[2026-10-01T01:24:44.673+0100][class,load] java.util.concurrent.atomic.AtomicLong source: shared objects file
[2026-10-01T01:24:44.673+0100][class,load] jdk.internal.misc.VM$BufferPool source: shared objects file
[2026-10-01T01:24:44.673+0100][class,load] java.nio.Bits$1 source: shared objects file
[2026-10-01T01:24:44.673+0100][class,load] java.nio.LongBuffer source: shared objects file
[2026-10-01T01:24:44.673+0100][class,load] java.nio.DirectLongBufferU source: shared objects file
[2026-10-01T01:24:44.678+0100][class,load] java.util.zip.ZipFile$2 source: shared objects file
[2026-10-01T01:24:44.678+0100][class,load] java.util.zip.ZipCoder$Comparison source: shared objects file
[2026-10-01T01:24:44.678+0100][class,load] java.util.zip.ZipEntry source: shared objects file
[2026-10-01T01:24:44.678+0100][class,load] java.util.jar.JarEntry source: shared objects file
[2026-10-01T01:24:44.678+0100][class,load] java.util.jar.JarFile$JarFileEntry source: shared objects file
[2026-10-01T01:24:44.678+0100][class,load] java.util.zip.ZipFile$ZipFileInputStream source: shared objects file
[2026-10-01T01:24:44.678+0100][class,load] java.util.zip.InflaterInputStream source: shared objects file
[2026-10-01T01:24:44.678+0100][class,load] java.util.zip.ZipFile$ZipFileInflaterInputStream source: shared objects file
[2026-10-01T01:24:44.678+0100][class,load] java.util.zip.Inflater source: shared objects file
[2026-10-01T01:24:44.680+0100][class,load] java.util.zip.Inflater$InflaterZStreamRef source: shared objects file
[2026-10-01T01:24:44.680+0100][class,load] java.util.zip.ZipFile$InflaterCleanupAction source: shared objects file
[2026-10-01T01:24:44.680+0100][class,load] sun.security.util.SignatureFileVerifier source: shared objects file
[2026-10-01T01:24:44.680+0100][class,load] sun.security.action.GetIntegerAction source: shared objects file
[2026-10-01T01:24:44.703+0100][class,load] java.util.SequencedSet source: shared objects file
[2026-10-01T01:24:44.703+0100][class,load] java.util.SortedSet source: shared objects file
[2026-10-01T01:24:44.703+0100][class,load] java.util.NavigableSet source: shared objects file
[2026-10-01T01:24:44.703+0100][class,load] java.util.TreeSet source: shared objects file
[2026-10-01T01:24:44.703+0100][class,load] java.util.SequencedMap source: shared objects file
[2026-10-01T01:24:44.703+0100][class,load] java.util.SortedMap source: shared objects file
[2026-10-01T01:24:44.703+0100][class,load] java.util.NavigableMap source: shared objects file
[2026-10-01T01:24:44.703+0100][class,load] java.util.TreeMap source: shared objects file
[2026-10-01T01:24:44.703+0100][class,load] java.util.TreeMap$Entry source: shared objects file
[2026-10-01T01:24:44.703+0100][class,load] java.util.TreeMap$KeySet source: shared objects file
[2026-10-01T01:24:44.703+0100][class,load] java.util.TreeMap$PrivateEntryIterator source: shared objects file
[2026-10-01T01:24:44.703+0100][class,load] java.util.TreeMap$KeyIterator source: shared objects file
[2026-10-01T01:24:44.704+0100][class,load] java.util.jar.Attributes source: shared objects file
[2026-10-01T01:24:44.704+0100][class,load] java.util.LinkedHashMap source: shared objects file
[2026-10-01T01:24:44.704+0100][class,load] java.util.jar.Manifest$FastInputStream source: shared objects file
[2026-10-01T01:24:44.704+0100][class,load] java.io.ByteArrayOutputStream source: shared objects file
[2026-10-01T01:24:44.704+0100][class,load] java.util.jar.Attributes$Name source: shared objects file
[2026-10-01T01:24:44.704+0100][class,load] java.lang.reflect.Array source: shared objects file
[2026-10-01T01:24:44.710+0100][class,load] jdk.internal.loader.URLClassPath$JarLoader$2 source: shared objects file
[2026-10-01T01:24:44.710+0100][class,load] java.util.zip.Checksum source: shared objects file
[2026-10-01T01:24:44.710+0100][class,load] java.util.zip.CRC32 source: shared objects file
[2026-10-01T01:24:44.711+0100][class,load] java.util.zip.Checksum$1 source: shared objects file
[2026-10-01T01:24:44.711+0100][class,load] kotlin.jvm.internal.Intrinsics source: file:/C:/Users/TONYS/Documents/Codex/2026-09-29/https-github-com-jay3-yy-bilipai/work/toolchain/gradle-home/caches/modules-2/files-2.1/org.jetbrains.kotlin/kotlin-stdlib/2.4.10/8943c84ddc6d5cc00a10dbc3736c397066eeaab5/kotlin-stdlib-2.4.10.jar
[2026-10-01T01:24:44.712+0100][class,load] kotlin.KotlinNullPointerException source: file:/C:/Users/TONYS/Documents/Codex/2026-09-29/https-github-com-jay3-yy-bilipai/work/toolchain/gradle-home/caches/modules-2/files-2.1/org.jetbrains.kotlin/kotlin-stdlib/2.4.10/8943c84ddc6d5cc00a10dbc3736c397066eeaab5/kotlin-stdlib-2.4.10.jar
[2026-10-01T01:24:44.712+0100][class,load] java.util.concurrent.ConcurrentHashMap$ForwardingNode source: shared objects file
[2026-10-01T01:24:44.712+0100][class,load] java.lang.AssertionError source: jrt:/java.base
[2026-10-01T01:24:44.712+0100][class,load] java.lang.UnsupportedOperationException source: jrt:/java.base
[2026-10-01T01:24:44.712+0100][class,load] kotlin.UninitializedPropertyAccessException source: file:/C:/Users/TONYS/Documents/Codex/2026-09-29/https-github-com-jay3-yy-bilipai/work/toolchain/gradle-home/caches/modules-2/files-2.1/org.jetbrains.kotlin/kotlin-stdlib/2.4.10/8943c84ddc6d5cc00a10dbc3736c397066eeaab5/kotlin-stdlib-2.4.10.jar
[2026-10-01T01:24:44.713+0100][class,load] java.lang.invoke.LambdaMetafactory source: shared objects file
[2026-10-01T01:24:44.713+0100][class,load] java.lang.invoke.MethodType$1 source: shared objects file
[2026-10-01T01:24:44.713+0100][class,load] jdk.internal.util.ReferencedKeySet source: shared objects file
[2026-10-01T01:24:44.713+0100][class,load] jdk.internal.util.ReferencedKeyMap source: shared objects file
[2026-10-01T01:24:44.713+0100][class,load] jdk.internal.util.ReferenceKey source: shared objects file
[2026-10-01T01:24:44.713+0100][class,load] jdk.internal.util.StrongReferenceKey source: shared objects file
[2026-10-01T01:24:44.713+0100][class,load] java.lang.invoke.MethodTypeForm source: shared objects file
[2026-10-01T01:24:44.713+0100][class,load] jdk.internal.util.WeakReferenceKey source: shared objects file
[2026-10-01T01:24:44.713+0100][class,load] sun.invoke.util.Wrapper source: shared objects file
[2026-10-01T01:24:44.713+0100][class,load] sun.invoke.util.Wrapper$Format source: shared objects file
[2026-10-01T01:24:44.713+0100][class,load] java.lang.invoke.LambdaForm$NamedFunction source: shared objects file
[2026-10-01T01:24:44.713+0100][class,load] java.lang.invoke.DirectMethodHandle$Holder source: shared objects file
[2026-10-01T01:24:44.713+0100][class,load] sun.invoke.util.ValueConversions source: shared objects file
[2026-10-01T01:24:44.713+0100][class,load] java.lang.invoke.MethodHandleImpl source: shared objects file
[2026-10-01T01:24:44.713+0100][class,load] java.lang.invoke.Invokers source: shared objects file
[2026-10-01T01:24:44.713+0100][class,load] java.lang.invoke.LambdaForm$Kind source: shared objects file
[2026-10-01T01:24:44.713+0100][class,load] java.lang.NoSuchMethodException source: shared objects file
[2026-10-01T01:24:44.713+0100][class,load] java.lang.invoke.LambdaForm$BasicType source: shared objects file
[2026-10-01T01:24:44.714+0100][class,load] java.lang.invoke.LambdaForm$Name source: shared objects file
[2026-10-01T01:24:44.714+0100][class,load] java.lang.invoke.LambdaForm$Holder source: shared objects file
[2026-10-01T01:24:44.714+0100][class,load] java.lang.invoke.InvokerBytecodeGenerator source: shared objects file
[2026-10-01T01:24:44.714+0100][class,load] java.lang.invoke.InvokerBytecodeGenerator$1 source: shared objects file
[2026-10-01T01:24:44.714+0100][class,load] java.lang.invoke.MethodHandleImpl$Intrinsic source: shared objects file
[2026-10-01T01:24:44.715+0100][class,load] kotlin.Function source: file:/C:/Users/TONYS/Documents/Codex/2026-09-29/https-github-com-jay3-yy-bilipai/work/toolchain/gradle-home/caches/modules-2/files-2.1/org.jetbrains.kotlin/kotlin-stdlib/2.4.10/8943c84ddc6d5cc00a10dbc3736c397066eeaab5/kotlin-stdlib-2.4.10.jar
[2026-10-01T01:24:44.715+0100][class,load] kotlin.jvm.functions.Function1 source: file:/C:/Users/TONYS/Documents/Codex/2026-09-29/https-github-com-jay3-yy-bilipai/work/toolchain/gradle-home/caches/modules-2/files-2.1/org.jetbrains.kotlin/kotlin-stdlib/2.4.10/8943c84ddc6d5cc00a10dbc3736c397066eeaab5/kotlin-stdlib-2.4.10.jar
[2026-10-01T01:24:44.715+0100][class,load] kotlinx.serialization.json.JsonBuilder source: file:/C:/Users/TONYS/Documents/Codex/2026-09-29/https-github-com-jay3-yy-bilipai/work/toolchain/gradle-home/caches/modules-2/files-2.1/org.jetbrains.kotlinx/kotlinx-serialization-json-jvm/1.11.0/e7e045e99e56f07599bb9ccb708c2190e2af0606/kotlinx-serialization-json-jvm-1.11.0.jar
[2026-10-01T01:24:44.716+0100][class,load] kotlin.Unit source: file:/C:/Users/TONYS/Documents/Codex/2026-09-29/https-github-com-jay3-yy-bilipai/work/toolchain/gradle-home/caches/modules-2/files-2.1/org.jetbrains.kotlin/kotlin-stdlib/2.4.10/8943c84ddc6d5cc00a10dbc3736c397066eeaab5/kotlin-stdlib-2.4.10.jar
[2026-10-01T01:24:44.716+0100][class,load] java.lang.invoke.BootstrapMethodInvoker source: shared objects file
[2026-10-01T01:24:44.716+0100][class,load] java.lang.invoke.VarHandle$AccessMode source: shared objects file
[2026-10-01T01:24:44.716+0100][class,load] java.lang.invoke.VarHandle$AccessType source: shared objects file
[2026-10-01T01:24:44.716+0100][class,load] java.lang.invoke.Invokers$Holder source: shared objects file
[2026-10-01T01:24:44.716+0100][class,load] jdk.internal.access.JavaLangInvokeAccess source: shared objects file
[2026-10-01T01:24:44.716+0100][class,load] java.lang.invoke.MethodHandleImpl$1 source: shared objects file
[2026-10-01T01:24:44.716+0100][class,load] java.lang.invoke.AbstractValidatingLambdaMetafactory source: shared objects file
[2026-10-01T01:24:44.716+0100][class,load] java.lang.invoke.InnerClassLambdaMetafactory source: shared objects file
[2026-10-01T01:24:44.716+0100][class,load] jdk.internal.org.objectweb.asm.Type source: shared objects file
[2026-10-01T01:24:44.716+0100][class,load] sun.security.action.GetBooleanAction source: shared objects file
[2026-10-01T01:24:44.716+0100][class,load] jdk.internal.org.objectweb.asm.Handle source: shared objects file
[2026-10-01T01:24:44.716+0100][class,load] sun.invoke.util.BytecodeDescriptor source: shared objects file
[2026-10-01T01:24:44.716+0100][class,load] jdk.internal.org.objectweb.asm.ConstantDynamic source: shared objects file
[2026-10-01T01:24:44.716+0100][class,load] java.lang.invoke.MethodHandleInfo source: shared objects file
[2026-10-01T01:24:44.716+0100][class,load] java.lang.invoke.InfoFromMemberName source: shared objects file
[2026-10-01T01:24:44.716+0100][class,load] jdk.internal.org.objectweb.asm.ClassVisitor source: shared objects file
[2026-10-01T01:24:44.716+0100][class,load] jdk.internal.org.objectweb.asm.ClassWriter source: shared objects file
[2026-10-01T01:24:44.716+0100][class,load] jdk.internal.org.objectweb.asm.SymbolTable source: shared objects file
[2026-10-01T01:24:44.716+0100][class,load] jdk.internal.org.objectweb.asm.Symbol source: shared objects file
[2026-10-01T01:24:44.716+0100][class,load] jdk.internal.org.objectweb.asm.SymbolTable$Entry source: shared objects file
[2026-10-01T01:24:44.716+0100][class,load] jdk.internal.org.objectweb.asm.ByteVector source: shared objects file
[2026-10-01T01:24:44.716+0100][class,load] java.lang.invoke.LambdaProxyClassArchive source: shared objects file
[2026-10-01T01:24:44.716+0100][class,load] jdk.internal.org.objectweb.asm.MethodVisitor source: shared objects file
[2026-10-01T01:24:44.716+0100][class,load] jdk.internal.org.objectweb.asm.MethodWriter source: shared objects file
[2026-10-01T01:24:44.716+0100][class,load] jdk.internal.org.objectweb.asm.Label source: shared objects file
[2026-10-01T01:24:44.716+0100][class,load] java.lang.invoke.TypeConvertingMethodAdapter source: shared objects file
[2026-10-01T01:24:44.716+0100][class,load] java.lang.invoke.InnerClassLambdaMetafactory$ForwardingMethodGenerator source: shared objects file
[2026-10-01T01:24:44.716+0100][class,load] jdk.internal.org.objectweb.asm.Handler source: shared objects file
[2026-10-01T01:24:44.716+0100][class,load] jdk.internal.org.objectweb.asm.Attribute source: shared objects file
[2026-10-01T01:24:44.716+0100][class,load] jdk.internal.org.objectweb.asm.AnnotationVisitor source: shared objects file
[2026-10-01T01:24:44.716+0100][class,load] jdk.internal.org.objectweb.asm.AnnotationWriter source: shared objects file
[2026-10-01T01:24:44.716+0100][class,load] java.lang.invoke.MethodHandles$Lookup$ClassOption source: shared objects file
[2026-10-01T01:24:44.716+0100][class,load] java.lang.invoke.MethodHandles$Lookup$ClassFile source: shared objects file
[2026-10-01T01:24:44.716+0100][class,load] java.lang.invoke.MethodHandles$Lookup$ClassDefiner source: shared objects file
[2026-10-01T01:24:44.718+0100][class,load] com.bilipai.desktop.ui.PostAdmissionFixtureKt$$Lambda/0x000000eb01001818 source: com.bilipai.desktop.ui.PostAdmissionFixtureKt
[2026-10-01T01:24:44.718+0100][class,load] java.lang.invoke.DirectMethodHandle$Constructor source: shared objects file
[2026-10-01T01:24:44.718+0100][class,load] sun.invoke.util.VerifyType source: shared objects file
[2026-10-01T01:24:44.718+0100][class,load] sun.invoke.empty.Empty source: shared objects file
[2026-10-01T01:24:44.718+0100][class,load] java.lang.invoke.BoundMethodHandle source: shared objects file
[2026-10-01T01:24:44.718+0100][class,load] java.lang.invoke.ClassSpecializer source: shared objects file
[2026-10-01T01:24:44.718+0100][class,load] java.lang.invoke.BoundMethodHandle$Specializer source: shared objects file
[2026-10-01T01:24:44.718+0100][class,load] java.lang.invoke.ClassSpecializer$1 source: shared objects file
[2026-10-01T01:24:44.718+0100][class,load] java.lang.invoke.ClassSpecializer$SpeciesData source: shared objects file
[2026-10-01T01:24:44.718+0100][class,load] java.lang.invoke.BoundMethodHandle$SpeciesData source: shared objects file
[2026-10-01T01:24:44.718+0100][class,load] java.lang.invoke.ClassSpecializer$Factory source: shared objects file
[2026-10-01T01:24:44.718+0100][class,load] java.lang.invoke.BoundMethodHandle$Specializer$Factory source: shared objects file
[2026-10-01T01:24:44.718+0100][class,load] java.lang.invoke.SimpleMethodHandle source: shared objects file
[2026-10-01T01:24:44.718+0100][class,load] java.lang.NoSuchFieldException source: shared objects file
[2026-10-01T01:24:44.718+0100][class,load] java.lang.invoke.BoundMethodHandle$Species_L source: shared objects file
[2026-10-01T01:24:44.718+0100][class,load] java.lang.invoke.DirectMethodHandle$2 source: shared objects file
[2026-10-01T01:24:44.718+0100][class,load] java.lang.invoke.DirectMethodHandle$Accessor source: shared objects file
[2026-10-01T01:24:44.718+0100][class,load] java.lang.invoke.DelegatingMethodHandle source: shared objects file
[2026-10-01T01:24:44.718+0100][class,load] java.lang.invoke.MethodHandleImpl$IntrinsicMethodHandle source: shared objects file
[2026-10-01T01:24:44.718+0100][class,load] java.lang.invoke.DelegatingMethodHandle$Holder source: shared objects file
[2026-10-01T01:24:44.718+0100][class,load] java.lang.invoke.LambdaFormEditor source: shared objects file
[2026-10-01T01:24:44.718+0100][class,load] java.lang.invoke.LambdaFormEditor$TransformKey source: shared objects file
[2026-10-01T01:24:44.718+0100][class,load] java.lang.invoke.LambdaFormBuffer source: shared objects file
[2026-10-01T01:24:44.719+0100][class,load] java.lang.invoke.LambdaFormEditor$Transform source: shared objects file
[2026-10-01T01:24:44.719+0100][class,load] jdk.internal.org.objectweb.asm.Frame source: shared objects file
[2026-10-01T01:24:44.719+0100][class,load] java.lang.invoke.InvokerBytecodeGenerator$ClassData source: shared objects file
[2026-10-01T01:24:44.719+0100][class,load] java.util.ArrayList$Itr source: shared objects file
[2026-10-01T01:24:44.719+0100][class,load] jdk.internal.org.objectweb.asm.FieldVisitor source: shared objects file
[2026-10-01T01:24:44.719+0100][class,load] jdk.internal.org.objectweb.asm.FieldWriter source: shared objects file
[2026-10-01T01:24:44.719+0100][class,load] java.lang.invoke.LambdaForm$MH/0x000000eb01002000 source: __JVM_LookupDefineClass__
[2026-10-01T01:24:44.719+0100][class,load] kotlinx.serialization.json.JsonKt source: file:/C:/Users/TONYS/Documents/Codex/2026-09-29/https-github-com-jay3-yy-bilipai/work/toolchain/gradle-home/caches/modules-2/files-2.1/org.jetbrains.kotlinx/kotlinx-serialization-json-jvm/1.11.0/e7e045e99e56f07599bb9ccb708c2190e2af0606/kotlinx-serialization-json-jvm-1.11.0.jar
[2026-10-01T01:24:44.720+0100][class,load] kotlinx.serialization.SerialFormat source: file:/C:/Users/TONYS/Documents/Codex/2026-09-29/https-github-com-jay3-yy-bilipai/work/toolchain/gradle-home/caches/modules-2/files-2.1/org.jetbrains.kotlinx/kotlinx-serialization-core-jvm/1.11.0/c1905c9bf7452b045d5af9248835abe64ddad6bf/kotlinx-serialization-core-jvm-1.11.0.jar
[2026-10-01T01:24:44.720+0100][class,load] kotlinx.serialization.StringFormat source: file:/C:/Users/TONYS/Documents/Codex/2026-09-29/https-github-com-jay3-yy-bilipai/work/toolchain/gradle-home/caches/modules-2/files-2.1/org.jetbrains.kotlinx/kotlinx-serialization-core-jvm/1.11.0/c1905c9bf7452b045d5af9248835abe64ddad6bf/kotlinx-serialization-core-jvm-1.11.0.jar
[2026-10-01T01:24:44.720+0100][class,load] kotlinx.serialization.json.Json source: file:/C:/Users/TONYS/Documents/Codex/2026-09-29/https-github-com-jay3-yy-bilipai/work/toolchain/gradle-home/caches/modules-2/files-2.1/org.jetbrains.kotlinx/kotlinx-serialization-json-jvm/1.11.0/e7e045e99e56f07599bb9ccb708c2190e2af0606/kotlinx-serialization-json-jvm-1.11.0.jar
[2026-10-01T01:24:44.720+0100][class,load] kotlinx.serialization.json.Json$Default source: file:/C:/Users/TONYS/Documents/Codex/2026-09-29/https-github-com-jay3-yy-bilipai/work/toolchain/gradle-home/caches/modules-2/files-2.1/org.jetbrains.kotlinx/kotlinx-serialization-json-jvm/1.11.0/e7e045e99e56f07599bb9ccb708c2190e2af0606/kotlinx-serialization-json-jvm-1.11.0.jar
[2026-10-01T01:24:44.721+0100][class,load] kotlinx.serialization.json.JsonConfiguration source: file:/C:/Users/TONYS/Documents/Codex/2026-09-29/https-github-com-jay3-yy-bilipai/work/toolchain/gradle-home/caches/modules-2/files-2.1/org.jetbrains.kotlinx/kotlinx-serialization-json-jvm/1.11.0/e7e045e99e56f07599bb9ccb708c2190e2af0606/kotlinx-serialization-json-jvm-1.11.0.jar
[2026-10-01T01:24:44.721+0100][class,load] kotlinx.serialization.json.ClassDiscriminatorMode source: file:/C:/Users/TONYS/Documents/Codex/2026-09-29/https-github-com-jay3-yy-bilipai/work/toolchain/gradle-home/caches/modules-2/files-2.1/org.jetbrains.kotlinx/kotlinx-serialization-json-jvm/1.11.0/e7e045e99e56f07599bb9ccb708c2190e2af0606/kotlinx-serialization-json-jvm-1.11.0.jar
[2026-10-01T01:24:44.721+0100][class,load] kotlin.enums.EnumEntriesKt source: file:/C:/Users/TONYS/Documents/Codex/2026-09-29/https-github-com-jay3-yy-bilipai/work/toolchain/gradle-home/caches/modules-2/files-2.1/org.jetbrains.kotlin/kotlin-stdlib/2.4.10/8943c84ddc6d5cc00a10dbc3736c397066eeaab5/kotlin-stdlib-2.4.10.jar
[2026-10-01T01:24:44.722+0100][class,load] kotlin.NotImplementedError source: file:/C:/Users/TONYS/Documents/Codex/2026-09-29/https-github-com-jay3-yy-bilipai/work/toolchain/gradle-home/caches/modules-2/files-2.1/org.jetbrains.kotlin/kotlin-stdlib/2.4.10/8943c84ddc6d5cc00a10dbc3736c397066eeaab5/kotlin-stdlib-2.4.10.jar
[2026-10-01T01:24:44.722+0100][class,load] kotlin.jvm.internal.markers.KMappedMarker source: file:/C:/Users/TONYS/Documents/Codex/2026-09-29/https-github-com-jay3-yy-bilipai/work/toolchain/gradle-home/caches/modules-2/files-2.1/org.jetbrains.kotlin/kotlin-stdlib/2.4.10/8943c84ddc6d5cc00a10dbc3736c397066eeaab5/kotlin-stdlib-2.4.10.jar
[2026-10-01T01:24:44.722+0100][class,load] kotlin.enums.EnumEntries source: file:/C:/Users/TONYS/Documents/Codex/2026-09-29/https-github-com-jay3-yy-bilipai/work/toolchain/gradle-home/caches/modules-2/files-2.1/org.jetbrains.kotlin/kotlin-stdlib/2.4.10/8943c84ddc6d5cc00a10dbc3736c397066eeaab5/kotlin-stdlib-2.4.10.jar
[2026-10-01T01:24:44.723+0100][class,load] kotlin.collections.AbstractCollection source: file:/C:/Users/TONYS/Documents/Codex/2026-09-29/https-github-com-jay3-yy-bilipai/work/toolchain/gradle-home/caches/modules-2/files-2.1/org.jetbrains.kotlin/kotlin-stdlib/2.4.10/8943c84ddc6d5cc00a10dbc3736c397066eeaab5/kotlin-stdlib-2.4.10.jar
[2026-10-01T01:24:44.723+0100][class,load] kotlin.collections.AbstractList source: file:/C:/Users/TONYS/Documents/Codex/2026-09-29/https-github-com-jay3-yy-bilipai/work/toolchain/gradle-home/caches/modules-2/files-2.1/org.jetbrains.kotlin/kotlin-stdlib/2.4.10/8943c84ddc6d5cc00a10dbc3736c397066eeaab5/kotlin-stdlib-2.4.10.jar
[2026-10-01T01:24:44.724+0100][class,load] kotlin.enums.EnumEntriesList source: file:/C:/Users/TONYS/Documents/Codex/2026-09-29/https-github-com-jay3-yy-bilipai/work/toolchain/gradle-home/caches/modules-2/files-2.1/org.jetbrains.kotlin/kotlin-stdlib/2.4.10/8943c84ddc6d5cc00a10dbc3736c397066eeaab5/kotlin-stdlib-2.4.10.jar
[2026-10-01T01:24:44.724+0100][class,load] java.io.IOException source: jrt:/java.base
[2026-10-01T01:24:44.724+0100][class,load] java.io.ObjectStreamException source: jrt:/java.base
[2026-10-01T01:24:44.724+0100][class,load] java.io.InvalidObjectException source: jrt:/java.base
[2026-10-01T01:24:44.724+0100][class,load] kotlin.collections.AbstractList$Companion source: file:/C:/Users/TONYS/Documents/Codex/2026-09-29/https-github-com-jay3-yy-bilipai/work/toolchain/gradle-home/caches/modules-2/files-2.1/org.jetbrains.kotlin/kotlin-stdlib/2.4.10/8943c84ddc6d5cc00a10dbc3736c397066eeaab5/kotlin-stdlib-2.4.10.jar
[2026-10-01T01:24:44.724+0100][class,load] java.lang.IndexOutOfBoundsException source: jrt:/java.base
[2026-10-01T01:24:44.725+0100][class,load] kotlinx.serialization.modules.SerializersModuleBuildersKt source: file:/C:/Users/TONYS/Documents/Codex/2026-09-29/https-github-com-jay3-yy-bilipai/work/toolchain/gradle-home/caches/modules-2/files-2.1/org.jetbrains.kotlinx/kotlinx-serialization-core-jvm/1.11.0/c1905c9bf7452b045d5af9248835abe64ddad6bf/kotlinx-serialization-core-jvm-1.11.0.jar
[2026-10-01T01:24:44.725+0100][class,load] kotlinx.serialization.modules.SerializersModuleKt source: file:/C:/Users/TONYS/Documents/Codex/2026-09-29/https-github-com-jay3-yy-bilipai/work/toolchain/gradle-home/caches/modules-2/files-2.1/org.jetbrains.kotlinx/kotlinx-serialization-core-jvm/1.11.0/c1905c9bf7452b045d5af9248835abe64ddad6bf/kotlinx-serialization-core-jvm-1.11.0.jar
[2026-10-01T01:24:44.726+0100][class,load] kotlinx.serialization.modules.SerializersModule source: file:/C:/Users/TONYS/Documents/Codex/2026-09-29/https-github-com-jay3-yy-bilipai/work/toolchain/gradle-home/caches/modules-2/files-2.1/org.jetbrains.kotlinx/kotlinx-serialization-core-jvm/1.11.0/c1905c9bf7452b045d5af9248835abe64ddad6bf/kotlinx-serialization-core-jvm-1.11.0.jar
[2026-10-01T01:24:44.726+0100][class,load] kotlinx.serialization.modules.SerialModuleImpl source: file:/C:/Users/TONYS/Documents/Codex/2026-09-29/https-github-com-jay3-yy-bilipai/work/toolchain/gradle-home/caches/modules-2/files-2.1/org.jetbrains.kotlinx/kotlinx-serialization-core-jvm/1.11.0/c1905c9bf7452b045d5af9248835abe64ddad6bf/kotlinx-serialization-core-jvm-1.11.0.jar
[2026-10-01T01:24:44.726+0100][class,load] kotlin.NoWhenBranchMatchedException source: file:/C:/Users/TONYS/Documents/Codex/2026-09-29/https-github-com-jay3-yy-bilipai/work/toolchain/gradle-home/caches/modules-2/files-2.1/org.jetbrains.kotlin/kotlin-stdlib/2.4.10/8943c84ddc6d5cc00a10dbc3736c397066eeaab5/kotlin-stdlib-2.4.10.jar
[2026-10-01T01:24:44.729+0100][class,load] kotlin.collections.MapsKt__MapWithDefaultKt source: file:/C:/Users/TONYS/Documents/Codex/2026-09-29/https-github-com-jay3-yy-bilipai/work/toolchain/gradle-home/caches/modules-2/files-2.1/org.jetbrains.kotlin/kotlin-stdlib/2.4.10/8943c84ddc6d5cc00a10dbc3736c397066eeaab5/kotlin-stdlib-2.4.10.jar
[2026-10-01T01:24:44.729+0100][class,load] kotlin.collections.MapsKt__MapsJVMKt source: file:/C:/Users/TONYS/Documents/Codex/2026-09-29/https-github-com-jay3-yy-bilipai/work/toolchain/gradle-home/caches/modules-2/files-2.1/org.jetbrains.kotlin/kotlin-stdlib/2.4.10/8943c84ddc6d5cc00a10dbc3736c397066eeaab5/kotlin-stdlib-2.4.10.jar
[2026-10-01T01:24:44.729+0100][class,load] kotlin.collections.MapsKt__MapsKt source: file:/C:/Users/TONYS/Documents/Codex/2026-09-29/https-github-com-jay3-yy-bilipai/work/toolchain/gradle-home/caches/modules-2/files-2.1/org.jetbrains.kotlin/kotlin-stdlib/2.4.10/8943c84ddc6d5cc00a10dbc3736c397066eeaab5/kotlin-stdlib-2.4.10.jar
[2026-10-01T01:24:44.729+0100][class,load] kotlin.collections.MapsKt___MapsJvmKt source: file:/C:/Users/TONYS/Documents/Codex/2026-09-29/https-github-com-jay3-yy-bilipai/work/toolchain/gradle-home/caches/modules-2/files-2.1/org.jetbrains.kotlin/kotlin-stdlib/2.4.10/8943c84ddc6d5cc00a10dbc3736c397066eeaab5/kotlin-stdlib-2.4.10.jar
[2026-10-01T01:24:44.729+0100][class,load] kotlin.collections.MapsKt___MapsKt source: file:/C:/Users/TONYS/Documents/Codex/2026-09-29/https-github-com-jay3-yy-bilipai/work/toolchain/gradle-home/caches/modules-2/files-2.1/org.jetbrains.kotlin/kotlin-stdlib/2.4.10/8943c84ddc6d5cc00a10dbc3736c397066eeaab5/kotlin-stdlib-2.4.10.jar
[2026-10-01T01:24:44.729+0100][class,load] kotlin.collections.MapsKt source: file:/C:/Users/TONYS/Documents/Codex/2026-09-29/https-github-com-jay3-yy-bilipai/work/toolchain/gradle-home/caches/modules-2/files-2.1/org.jetbrains.kotlin/kotlin-stdlib/2.4.10/8943c84ddc6d5cc00a10dbc3736c397066eeaab5/kotlin-stdlib-2.4.10.jar
[2026-10-01T01:24:44.729+0100][class,load] kotlin.collections.EmptyMap source: file:/C:/Users/TONYS/Documents/Codex/2026-09-29/https-github-com-jay3-yy-bilipai/work/toolchain/gradle-home/caches/modules-2/files-2.1/org.jetbrains.kotlin/kotlin-stdlib/2.4.10/8943c84ddc6d5cc00a10dbc3736c397066eeaab5/kotlin-stdlib-2.4.10.jar
[2026-10-01T01:24:44.730+0100][class,load] kotlinx.serialization.json.internal.DescriptorSchemaCache source: file:/C:/Users/TONYS/Documents/Codex/2026-09-29/https-github-com-jay3-yy-bilipai/work/toolchain/gradle-home/caches/modules-2/files-2.1/org.jetbrains.kotlinx/kotlinx-serialization-json-jvm/1.11.0/e7e045e99e56f07599bb9ccb708c2190e2af0606/kotlinx-serialization-json-jvm-1.11.0.jar
[2026-10-01T01:24:44.730+0100][class,load] kotlinx.serialization.json.internal.CreateMapForCacheKt source: file:/C:/Users/TONYS/Documents/Codex/2026-09-29/https-github-com-jay3-yy-bilipai/work/toolchain/gradle-home/caches/modules-2/files-2.1/org.jetbrains.kotlinx/kotlinx-serialization-json-jvm/1.11.0/e7e045e99e56f07599bb9ccb708c2190e2af0606/kotlinx-serialization-json-jvm-1.11.0.jar
[2026-10-01T01:24:44.730+0100][class,load] kotlinx.serialization.json.JsonImpl source: file:/C:/Users/TONYS/Documents/Codex/2026-09-29/https-github-com-jay3-yy-bilipai/work/toolchain/gradle-home/caches/modules-2/files-2.1/org.jetbrains.kotlinx/kotlinx-serialization-json-jvm/1.11.0/e7e045e99e56f07599bb9ccb708c2190e2af0606/kotlinx-serialization-json-jvm-1.11.0.jar
[2026-10-01T01:24:44.731+0100][class,load] com.android.purebilibili.data.model.response.DynamicItem source: file:/C:/Users/TONYS/Documents/Codex/2026-09-29/https-github-com-jay3-yy-bilipai/work/BiliPai/desktop/.local/dynamic-detail-reply-main-integration/main-product-snapshot-01/main-kotlin.jar
[2026-10-01T01:24:44.731+0100][class,load] kotlin.jvm.internal.Reflection source: file:/C:/Users/TONYS/Documents/Codex/2026-09-29/https-github-com-jay3-yy-bilipai/work/toolchain/gradle-home/caches/modules-2/files-2.1/org.jetbrains.kotlin/kotlin-stdlib/2.4.10/8943c84ddc6d5cc00a10dbc3736c397066eeaab5/kotlin-stdlib-2.4.10.jar
[2026-10-01T01:24:44.731+0100][class,load] java.lang.InstantiationException source: jrt:/java.base
[2026-10-01T01:24:44.731+0100][class,load] java.lang.IllegalAccessException source: jrt:/java.base
[2026-10-01T01:24:44.732+0100][class,load] kotlin.reflect.KClassifier source: file:/C:/Users/TONYS/Documents/Codex/2026-09-29/https-github-com-jay3-yy-bilipai/work/toolchain/gradle-home/caches/modules-2/files-2.1/org.jetbrains.kotlin/kotlin-stdlib/2.4.10/8943c84ddc6d5cc00a10dbc3736c397066eeaab5/kotlin-stdlib-2.4.10.jar
[2026-10-01T01:24:44.740+0100][class,load] kotlin.jvm.internal.ReflectionFactory source: file:/C:/Users/TONYS/Documents/Codex/2026-09-29/https-github-com-jay3-yy-bilipai/work/toolchain/gradle-home/caches/modules-2/files-2.1/org.jetbrains.kotlin/kotlin-stdlib/2.4.10/8943c84ddc6d5cc00a10dbc3736c397066eeaab5/kotlin-stdlib-2.4.10.jar
[2026-10-01T01:24:44.741+0100][class,load] kotlin.reflect.KAnnotatedElement source: file:/C:/Users/TONYS/Documents/Codex/2026-09-29/https-github-com-jay3-yy-bilipai/work/toolchain/gradle-home/caches/modules-2/files-2.1/org.jetbrains.kotlin/kotlin-stdlib/2.4.10/8943c84ddc6d5cc00a10dbc3736c397066eeaab5/kotlin-stdlib-2.4.10.jar
[2026-10-01T01:24:44.741+0100][class,load] kotlin.reflect.KCallable source: file:/C:/Users/TONYS/Documents/Codex/2026-09-29/https-github-com-jay3-yy-bilipai/work/toolchain/gradle-home/caches/modules-2/files-2.1/org.jetbrains.kotlin/kotlin-stdlib/2.4.10/8943c84ddc6d5cc00a10dbc3736c397066eeaab5/kotlin-stdlib-2.4.10.jar
[2026-10-01T01:24:44.741+0100][class,load] kotlin.reflect.KFunction source: file:/C:/Users/TONYS/Documents/Codex/2026-09-29/https-github-com-jay3-yy-bilipai/work/toolchain/gradle-home/caches/modules-2/files-2.1/org.jetbrains.kotlin/kotlin-stdlib/2.4.10/8943c84ddc6d5cc00a10dbc3736c397066eeaab5/kotlin-stdlib-2.4.10.jar
[2026-10-01T01:24:44.742+0100][class,load] kotlin.reflect.KDeclarationContainer source: file:/C:/Users/TONYS/Documents/Codex/2026-09-29/https-github-com-jay3-yy-bilipai/work/toolchain/gradle-home/caches/modules-2/files-2.1/org.jetbrains.kotlin/kotlin-stdlib/2.4.10/8943c84ddc6d5cc00a10dbc3736c397066eeaab5/kotlin-stdlib-2.4.10.jar
[2026-10-01T01:24:44.742+0100][class,load] kotlin.reflect.KClass source: file:/C:/Users/TONYS/Documents/Codex/2026-09-29/https-github-com-jay3-yy-bilipai/work/toolchain/gradle-home/caches/modules-2/files-2.1/org.jetbrains.kotlin/kotlin-stdlib/2.4.10/8943c84ddc6d5cc00a10dbc3736c397066eeaab5/kotlin-stdlib-2.4.10.jar
[2026-10-01T01:24:44.742+0100][class,load] kotlin.reflect.KType source: file:/C:/Users/TONYS/Documents/Codex/2026-09-29/https-github-com-jay3-yy-bilipai/work/toolchain/gradle-home/caches/modules-2/files-2.1/org.jetbrains.kotlin/kotlin-stdlib/2.4.10/8943c84ddc6d5cc00a10dbc3736c397066eeaab5/kotlin-stdlib-2.4.10.jar
[2026-10-01T01:24:44.743+0100][class,load] kotlin.reflect.KProperty source: file:/C:/Users/TONYS/Documents/Codex/2026-09-29/https-github-com-jay3-yy-bilipai/work/toolchain/gradle-home/caches/modules-2/files-2.1/org.jetbrains.kotlin/kotlin-stdlib/2.4.10/8943c84ddc6d5cc00a10dbc3736c397066eeaab5/kotlin-stdlib-2.4.10.jar
[2026-10-01T01:24:44.743+0100][class,load] kotlin.reflect.KProperty1 source: file:/C:/Users/TONYS/Documents/Codex/2026-09-29/https-github-com-jay3-yy-bilipai/work/toolchain/gradle-home/caches/modules-2/files-2.1/org.jetbrains.kotlin/kotlin-stdlib/2.4.10/8943c84ddc6d5cc00a10dbc3736c397066eeaab5/kotlin-stdlib-2.4.10.jar
[2026-10-01T01:24:44.743+0100][class,load] kotlin.reflect.KMutableProperty source: file:/C:/Users/TONYS/Documents/Codex/2026-09-29/https-github-com-jay3-yy-bilipai/work/toolchain/gradle-home/caches/modules-2/files-2.1/org.jetbrains.kotlin/kotlin-stdlib/2.4.10/8943c84ddc6d5cc00a10dbc3736c397066eeaab5/kotlin-stdlib-2.4.10.jar
[2026-10-01T01:24:44.743+0100][class,load] kotlin.reflect.KMutableProperty1 source: file:/C:/Users/TONYS/Documents/Codex/2026-09-29/https-github-com-jay3-yy-bilipai/work/toolchain/gradle-home/caches/modules-2/files-2.1/org.jetbrains.kotlin/kotlin-stdlib/2.4.10/8943c84ddc6d5cc00a10dbc3736c397066eeaab5/kotlin-stdlib-2.4.10.jar
[2026-10-01T01:24:44.744+0100][class,load] kotlin.jvm.functions.Function2 source: file:/C:/Users/TONYS/Documents/Codex/2026-09-29/https-github-com-jay3-yy-bilipai/work/toolchain/gradle-home/caches/modules-2/files-2.1/org.jetbrains.kotlin/kotlin-stdlib/2.4.10/8943c84ddc6d5cc00a10dbc3736c397066eeaab5/kotlin-stdlib-2.4.10.jar
[2026-10-01T01:24:44.744+0100][class,load] kotlin.reflect.KProperty2 source: file:/C:/Users/TONYS/Documents/Codex/2026-09-29/https-github-com-jay3-yy-bilipai/work/toolchain/gradle-home/caches/modules-2/files-2.1/org.jetbrains.kotlin/kotlin-stdlib/2.4.10/8943c84ddc6d5cc00a10dbc3736c397066eeaab5/kotlin-stdlib-2.4.10.jar
[2026-10-01T01:24:44.744+0100][class,load] kotlin.reflect.KMutableProperty2 source: file:/C:/Users/TONYS/Documents/Codex/2026-09-29/https-github-com-jay3-yy-bilipai/work/toolchain/gradle-home/caches/modules-2/files-2.1/org.jetbrains.kotlin/kotlin-stdlib/2.4.10/8943c84ddc6d5cc00a10dbc3736c397066eeaab5/kotlin-stdlib-2.4.10.jar
[2026-10-01T01:24:44.744+0100][class,load] kotlin.reflect.KTypeParameter source: file:/C:/Users/TONYS/Documents/Codex/2026-09-29/https-github-com-jay3-yy-bilipai/work/toolchain/gradle-home/caches/modules-2/files-2.1/org.jetbrains.kotlin/kotlin-stdlib/2.4.10/8943c84ddc6d5cc00a10dbc3736c397066eeaab5/kotlin-stdlib-2.4.10.jar
[2026-10-01T01:24:44.745+0100][class,load] kotlin.jvm.functions.Function0 source: file:/C:/Users/TONYS/Documents/Codex/2026-09-29/https-github-com-jay3-yy-bilipai/work/toolchain/gradle-home/caches/modules-2/files-2.1/org.jetbrains.kotlin/kotlin-stdlib/2.4.10/8943c84ddc6d5cc00a10dbc3736c397066eeaab5/kotlin-stdlib-2.4.10.jar
[2026-10-01T01:24:44.745+0100][class,load] kotlin.reflect.KProperty0 source: file:/C:/Users/TONYS/Documents/Codex/2026-09-29/https-github-com-jay3-yy-bilipai/work/toolchain/gradle-home/caches/modules-2/files-2.1/org.jetbrains.kotlin/kotlin-stdlib/2.4.10/8943c84ddc6d5cc00a10dbc3736c397066eeaab5/kotlin-stdlib-2.4.10.jar
[2026-10-01T01:24:44.745+0100][class,load] kotlin.reflect.KMutableProperty0 source: file:/C:/Users/TONYS/Documents/Codex/2026-09-29/https-github-com-jay3-yy-bilipai/work/toolchain/gradle-home/caches/modules-2/files-2.1/org.jetbrains.kotlin/kotlin-stdlib/2.4.10/8943c84ddc6d5cc00a10dbc3736c397066eeaab5/kotlin-stdlib-2.4.10.jar
[2026-10-01T01:24:44.745+0100][class,load] kotlin.jvm.internal.FunctionBase source: file:/C:/Users/TONYS/Documents/Codex/2026-09-29/https-github-com-jay3-yy-bilipai/work/toolchain/gradle-home/caches/modules-2/files-2.1/org.jetbrains.kotlin/kotlin-stdlib/2.4.10/8943c84ddc6d5cc00a10dbc3736c397066eeaab5/kotlin-stdlib-2.4.10.jar
[2026-10-01T01:24:44.746+0100][class,load] kotlin.jvm.internal.ClassBasedDeclarationContainer source: file:/C:/Users/TONYS/Documents/Codex/2026-09-29/https-github-com-jay3-yy-bilipai/work/toolchain/gradle-home/caches/modules-2/files-2.1/org.jetbrains.kotlin/kotlin-stdlib/2.4.10/8943c84ddc6d5cc00a10dbc3736c397066eeaab5/kotlin-stdlib-2.4.10.jar
[2026-10-01T01:24:44.746+0100][class,load] kotlin.jvm.internal.KotlinGenericDeclaration source: file:/C:/Users/TONYS/Documents/Codex/2026-09-29/https-github-com-jay3-yy-bilipai/work/toolchain/gradle-home/caches/modules-2/files-2.1/org.jetbrains.kotlin/kotlin-stdlib/2.4.10/8943c84ddc6d5cc00a10dbc3736c397066eeaab5/kotlin-stdlib-2.4.10.jar
[2026-10-01T01:24:44.747+0100][class,load] kotlin.jvm.internal.ClassReference source: file:/C:/Users/TONYS/Documents/Codex/2026-09-29/https-github-com-jay3-yy-bilipai/work/toolchain/gradle-home/caches/modules-2/files-2.1/org.jetbrains.kotlin/kotlin-stdlib/2.4.10/8943c84ddc6d5cc00a10dbc3736c397066eeaab5/kotlin-stdlib-2.4.10.jar
[2026-10-01T01:24:44.747+0100][class,load] kotlin.KotlinNothingValueException source: file:/C:/Users/TONYS/Documents/Codex/2026-09-29/https-github-com-jay3-yy-bilipai/work/toolchain/gradle-home/caches/modules-2/files-2.1/org.jetbrains.kotlin/kotlin-stdlib/2.4.10/8943c84ddc6d5cc00a10dbc3736c397066eeaab5/kotlin-stdlib-2.4.10.jar
[2026-10-01T01:24:44.748+0100][class,load] kotlin.jvm.KotlinReflectionNotSupportedError source: file:/C:/Users/TONYS/Documents/Codex/2026-09-29/https-github-com-jay3-yy-bilipai/work/toolchain/gradle-home/caches/modules-2/files-2.1/org.jetbrains.kotlin/kotlin-stdlib/2.4.10/8943c84ddc6d5cc00a10dbc3736c397066eeaab5/kotlin-stdlib-2.4.10.jar
[2026-10-01T01:24:44.748+0100][class,load] kotlin.jvm.internal.ClassReference$Companion source: file:/C:/Users/TONYS/Documents/Codex/2026-09-29/https-github-com-jay3-yy-bilipai/work/toolchain/gradle-home/caches/modules-2/files-2.1/org.jetbrains.kotlin/kotlin-stdlib/2.4.10/8943c84ddc6d5cc00a10dbc3736c397066eeaab5/kotlin-stdlib-2.4.10.jar
[2026-10-01T01:24:44.749+0100][class,load] kotlin.jvm.functions.Function3 source: file:/C:/Users/TONYS/Documents/Codex/2026-09-29/https-github-com-jay3-yy-bilipai/work/toolchain/gradle-home/caches/modules-2/files-2.1/org.jetbrains.kotlin/kotlin-stdlib/2.4.10/8943c84ddc6d5cc00a10dbc3736c397066eeaab5/kotlin-stdlib-2.4.10.jar
[2026-10-01T01:24:44.749+0100][class,load] kotlin.jvm.functions.Function4 source: file:/C:/Users/TONYS/Documents/Codex/2026-09-29/https-github-com-jay3-yy-bilipai/work/toolchain/gradle-home/caches/modules-2/files-2.1/org.jetbrains.kotlin/kotlin-stdlib/2.4.10/8943c84ddc6d5cc00a10dbc3736c397066eeaab5/kotlin-stdlib-2.4.10.jar
[2026-10-01T01:24:44.749+0100][class,load] kotlin.jvm.functions.Function5 source: file:/C:/Users/TONYS/Documents/Codex/2026-09-29/https-github-com-jay3-yy-bilipai/work/toolchain/gradle-home/caches/modules-2/files-2.1/org.jetbrains.kotlin/kotlin-stdlib/2.4.10/8943c84ddc6d5cc00a10dbc3736c397066eeaab5/kotlin-stdlib-2.4.10.jar
[2026-10-01T01:24:44.749+0100][class,load] kotlin.jvm.functions.Function6 source: file:/C:/Users/TONYS/Documents/Codex/2026-09-29/https-github-com-jay3-yy-bilipai/work/toolchain/gradle-home/caches/modules-2/files-2.1/org.jetbrains.kotlin/kotlin-stdlib/2.4.10/8943c84ddc6d5cc00a10dbc3736c397066eeaab5/kotlin-stdlib-2.4.10.jar
[2026-10-01T01:24:44.749+0100][class,load] kotlin.jvm.functions.Function7 source: file:/C:/Users/TONYS/Documents/Codex/2026-09-29/https-github-com-jay3-yy-bilipai/work/toolchain/gradle-home/caches/modules-2/files-2.1/org.jetbrains.kotlin/kotlin-stdlib/2.4.10/8943c84ddc6d5cc00a10dbc3736c397066eeaab5/kotlin-stdlib-2.4.10.jar
[2026-10-01T01:24:44.749+0100][class,load] kotlin.jvm.functions.Function8 source: file:/C:/Users/TONYS/Documents/Codex/2026-09-29/https-github-com-jay3-yy-bilipai/work/toolchain/gradle-home/caches/modules-2/files-2.1/org.jetbrains.kotlin/kotlin-stdlib/2.4.10/8943c84ddc6d5cc00a10dbc3736c397066eeaab5/kotlin-stdlib-2.4.10.jar
[2026-10-01T01:24:44.750+0100][class,load] kotlin.jvm.functions.Function9 source: file:/C:/Users/TONYS/Documents/Codex/2026-09-29/https-github-com-jay3-yy-bilipai/work/toolchain/gradle-home/caches/modules-2/files-2.1/org.jetbrains.kotlin/kotlin-stdlib/2.4.10/8943c84ddc6d5cc00a10dbc3736c397066eeaab5/kotlin-stdlib-2.4.10.jar
[2026-10-01T01:24:44.750+0100][class,load] kotlin.jvm.functions.Function10 source: file:/C:/Users/TONYS/Documents/Codex/2026-09-29/https-github-com-jay3-yy-bilipai/work/toolchain/gradle-home/caches/modules-2/files-2.1/org.jetbrains.kotlin/kotlin-stdlib/2.4.10/8943c84ddc6d5cc00a10dbc3736c397066eeaab5/kotlin-stdlib-2.4.10.jar
[2026-10-01T01:24:44.751+0100][class,load] kotlin.jvm.functions.Function11 source: file:/C:/Users/TONYS/Documents/Codex/2026-09-29/https-github-com-jay3-yy-bilipai/work/toolchain/gradle-home/caches/modules-2/files-2.1/org.jetbrains.kotlin/kotlin-stdlib/2.4.10/8943c84ddc6d5cc00a10dbc3736c397066eeaab5/kotlin-stdlib-2.4.10.jar
[2026-10-01T01:24:44.751+0100][class,load] kotlin.jvm.functions.Function12 source: file:/C:/Users/TONYS/Documents/Codex/2026-09-29/https-github-com-jay3-yy-bilipai/work/toolchain/gradle-home/caches/modules-2/files-2.1/org.jetbrains.kotlin/kotlin-stdlib/2.4.10/8943c84ddc6d5cc00a10dbc3736c397066eeaab5/kotlin-stdlib-2.4.10.jar
[2026-10-01T01:24:44.751+0100][class,load] kotlin.jvm.functions.Function13 source: file:/C:/Users/TONYS/Documents/Codex/2026-09-29/https-github-com-jay3-yy-bilipai/work/toolchain/gradle-home/caches/modules-2/files-2.1/org.jetbrains.kotlin/kotlin-stdlib/2.4.10/8943c84ddc6d5cc00a10dbc3736c397066eeaab5/kotlin-stdlib-2.4.10.jar
[2026-10-01T01:24:44.751+0100][class,load] kotlin.jvm.functions.Function14 source: file:/C:/Users/TONYS/Documents/Codex/2026-09-29/https-github-com-jay3-yy-bilipai/work/toolchain/gradle-home/caches/modules-2/files-2.1/org.jetbrains.kotlin/kotlin-stdlib/2.4.10/8943c84ddc6d5cc00a10dbc3736c397066eeaab5/kotlin-stdlib-2.4.10.jar
[2026-10-01T01:24:44.752+0100][class,load] kotlin.jvm.functions.Function15 source: file:/C:/Users/TONYS/Documents/Codex/2026-09-29/https-github-com-jay3-yy-bilipai/work/toolchain/gradle-home/caches/modules-2/files-2.1/org.jetbrains.kotlin/kotlin-stdlib/2.4.10/8943c84ddc6d5cc00a10dbc3736c397066eeaab5/kotlin-stdlib-2.4.10.jar
[2026-10-01T01:24:44.752+0100][class,load] kotlin.jvm.functions.Function16 source: file:/C:/Users/TONYS/Documents/Codex/2026-09-29/https-github-com-jay3-yy-bilipai/work/toolchain/gradle-home/caches/modules-2/files-2.1/org.jetbrains.kotlin/kotlin-stdlib/2.4.10/8943c84ddc6d5cc00a10dbc3736c397066eeaab5/kotlin-stdlib-2.4.10.jar
[2026-10-01T01:24:44.752+0100][class,load] kotlin.jvm.functions.Function17 source: file:/C:/Users/TONYS/Documents/Codex/2026-09-29/https-github-com-jay3-yy-bilipai/work/toolchain/gradle-home/caches/modules-2/files-2.1/org.jetbrains.kotlin/kotlin-stdlib/2.4.10/8943c84ddc6d5cc00a10dbc3736c397066eeaab5/kotlin-stdlib-2.4.10.jar
[2026-10-01T01:24:44.752+0100][class,load] kotlin.jvm.functions.Function18 source: file:/C:/Users/TONYS/Documents/Codex/2026-09-29/https-github-com-jay3-yy-bilipai/work/toolchain/gradle-home/caches/modules-2/files-2.1/org.jetbrains.kotlin/kotlin-stdlib/2.4.10/8943c84ddc6d5cc00a10dbc3736c397066eeaab5/kotlin-stdlib-2.4.10.jar
[2026-10-01T01:24:44.753+0100][class,load] kotlin.jvm.functions.Function19 source: file:/C:/Users/TONYS/Documents/Codex/2026-09-29/https-github-com-jay3-yy-bilipai/work/toolchain/gradle-home/caches/modules-2/files-2.1/org.jetbrains.kotlin/kotlin-stdlib/2.4.10/8943c84ddc6d5cc00a10dbc3736c397066eeaab5/kotlin-stdlib-2.4.10.jar
[2026-10-01T01:24:44.753+0100][class,load] kotlin.jvm.functions.Function20 source: file:/C:/Users/TONYS/Documents/Codex/2026-09-29/https-github-com-jay3-yy-bilipai/work/toolchain/gradle-home/caches/modules-2/files-2.1/org.jetbrains.kotlin/kotlin-stdlib/2.4.10/8943c84ddc6d5cc00a10dbc3736c397066eeaab5/kotlin-stdlib-2.4.10.jar
[2026-10-01T01:24:44.753+0100][class,load] kotlin.jvm.functions.Function21 source: file:/C:/Users/TONYS/Documents/Codex/2026-09-29/https-github-com-jay3-yy-bilipai/work/toolchain/gradle-home/caches/modules-2/files-2.1/org.jetbrains.kotlin/kotlin-stdlib/2.4.10/8943c84ddc6d5cc00a10dbc3736c397066eeaab5/kotlin-stdlib-2.4.10.jar
[2026-10-01T01:24:44.753+0100][class,load] kotlin.jvm.functions.Function22 source: file:/C:/Users/TONYS/Documents/Codex/2026-09-29/https-github-com-jay3-yy-bilipai/work/toolchain/gradle-home/caches/modules-2/files-2.1/org.jetbrains.kotlin/kotlin-stdlib/2.4.10/8943c84ddc6d5cc00a10dbc3736c397066eeaab5/kotlin-stdlib-2.4.10.jar
[2026-10-01T01:24:44.761+0100][class,load] kotlin.collections.CollectionsKt__CollectionsJVMKt source: file:/C:/Users/TONYS/Documents/Codex/2026-09-29/https-github-com-jay3-yy-bilipai/work/toolchain/gradle-home/caches/modules-2/files-2.1/org.jetbrains.kotlin/kotlin-stdlib/2.4.10/8943c84ddc6d5cc00a10dbc3736c397066eeaab5/kotlin-stdlib-2.4.10.jar
[2026-10-01T01:24:44.761+0100][class,load] kotlin.collections.CollectionsKt__CollectionsKt source: file:/C:/Users/TONYS/Documents/Codex/2026-09-29/https-github-com-jay3-yy-bilipai/work/toolchain/gradle-home/caches/modules-2/files-2.1/org.jetbrains.kotlin/kotlin-stdlib/2.4.10/8943c84ddc6d5cc00a10dbc3736c397066eeaab5/kotlin-stdlib-2.4.10.jar
[2026-10-01T01:24:44.761+0100][class,load] kotlin.collections.CollectionsKt__IterablesKt source: file:/C:/Users/TONYS/Documents/Codex/2026-09-29/https-github-com-jay3-yy-bilipai/work/toolchain/gradle-home/caches/modules-2/files-2.1/org.jetbrains.kotlin/kotlin-stdlib/2.4.10/8943c84ddc6d5cc00a10dbc3736c397066eeaab5/kotlin-stdlib-2.4.10.jar
[2026-10-01T01:24:44.761+0100][class,load] kotlin.collections.CollectionsKt__IteratorsJVMKt source: file:/C:/Users/TONYS/Documents/Codex/2026-09-29/https-github-com-jay3-yy-bilipai/work/toolchain/gradle-home/caches/modules-2/files-2.1/org.jetbrains.kotlin/kotlin-stdlib/2.4.10/8943c84ddc6d5cc00a10dbc3736c397066eeaab5/kotlin-stdlib-2.4.10.jar
[2026-10-01T01:24:44.761+0100][class,load] kotlin.collections.CollectionsKt__IteratorsKt source: file:/C:/Users/TONYS/Documents/Codex/2026-09-29/https-github-com-jay3-yy-bilipai/work/toolchain/gradle-home/caches/modules-2/files-2.1/org.jetbrains.kotlin/kotlin-stdlib/2.4.10/8943c84ddc6d5cc00a10dbc3736c397066eeaab5/kotlin-stdlib-2.4.10.jar
[2026-10-01T01:24:44.761+0100][class,load] kotlin.collections.CollectionsKt__MutableCollectionsJVMKt source: file:/C:/Users/TONYS/Documents/Codex/2026-09-29/https-github-com-jay3-yy-bilipai/work/toolchain/gradle-home/caches/modules-2/files-2.1/org.jetbrains.kotlin/kotlin-stdlib/2.4.10/8943c84ddc6d5cc00a10dbc3736c397066eeaab5/kotlin-stdlib-2.4.10.jar
[2026-10-01T01:24:44.761+0100][class,load] kotlin.collections.CollectionsKt__MutableCollectionsKt source: file:/C:/Users/TONYS/Documents/Codex/2026-09-29/https-github-com-jay3-yy-bilipai/work/toolchain/gradle-home/caches/modules-2/files-2.1/org.jetbrains.kotlin/kotlin-stdlib/2.4.10/8943c84ddc6d5cc00a10dbc3736c397066eeaab5/kotlin-stdlib-2.4.10.jar
[2026-10-01T01:24:44.761+0100][class,load] kotlin.collections.CollectionsKt__ReversedViewsKt source: file:/C:/Users/TONYS/Documents/Codex/2026-09-29/https-github-com-jay3-yy-bilipai/work/toolchain/gradle-home/caches/modules-2/files-2.1/org.jetbrains.kotlin/kotlin-stdlib/2.4.10/8943c84ddc6d5cc00a10dbc3736c397066eeaab5/kotlin-stdlib-2.4.10.jar
[2026-10-01T01:24:44.761+0100][class,load] kotlin.collections.CollectionsKt___CollectionsJvmKt source: file:/C:/Users/TONYS/Documents/Codex/2026-09-29/https-github-com-jay3-yy-bilipai/work/toolchain/gradle-home/caches/modules-2/files-2.1/org.jetbrains.kotlin/kotlin-stdlib/2.4.10/8943c84ddc6d5cc00a10dbc3736c397066eeaab5/kotlin-stdlib-2.4.10.jar
[2026-10-01T01:24:44.761+0100][class,load] kotlin.collections.CollectionsKt___CollectionsKt source: file:/C:/Users/TONYS/Documents/Codex/2026-09-29/https-github-com-jay3-yy-bilipai/work/toolchain/gradle-home/caches/modules-2/files-2.1/org.jetbrains.kotlin/kotlin-stdlib/2.4.10/8943c84ddc6d5cc00a10dbc3736c397066eeaab5/kotlin-stdlib-2.4.10.jar
[2026-10-01T01:24:44.761+0100][class,load] kotlin.collections.CollectionsKt source: file:/C:/Users/TONYS/Documents/Codex/2026-09-29/https-github-com-jay3-yy-bilipai/work/toolchain/gradle-home/caches/modules-2/files-2.1/org.jetbrains.kotlin/kotlin-stdlib/2.4.10/8943c84ddc6d5cc00a10dbc3736c397066eeaab5/kotlin-stdlib-2.4.10.jar
[2026-10-01T01:24:44.774+0100][class,load] kotlin.collections.ArraysKt__ArraysJVMKt source: file:/C:/Users/TONYS/Documents/Codex/2026-09-29/https-github-com-jay3-yy-bilipai/work/toolchain/gradle-home/caches/modules-2/files-2.1/org.jetbrains.kotlin/kotlin-stdlib/2.4.10/8943c84ddc6d5cc00a10dbc3736c397066eeaab5/kotlin-stdlib-2.4.10.jar
[2026-10-01T01:24:44.774+0100][class,load] kotlin.collections.ArraysKt__ArraysKt source: file:/C:/Users/TONYS/Documents/Codex/2026-09-29/https-github-com-jay3-yy-bilipai/work/toolchain/gradle-home/caches/modules-2/files-2.1/org.jetbrains.kotlin/kotlin-stdlib/2.4.10/8943c84ddc6d5cc00a10dbc3736c397066eeaab5/kotlin-stdlib-2.4.10.jar
[2026-10-01T01:24:44.774+0100][class,load] kotlin.collections.ArraysKt___ArraysJvmKt source: file:/C:/Users/TONYS/Documents/Codex/2026-09-29/https-github-com-jay3-yy-bilipai/work/toolchain/gradle-home/caches/modules-2/files-2.1/org.jetbrains.kotlin/kotlin-stdlib/2.4.10/8943c84ddc6d5cc00a10dbc3736c397066eeaab5/kotlin-stdlib-2.4.10.jar
[2026-10-01T01:24:44.775+0100][class,load] kotlin.collections.ArraysKt___ArraysKt source: file:/C:/Users/TONYS/Documents/Codex/2026-09-29/https-github-com-jay3-yy-bilipai/work/toolchain/gradle-home/caches/modules-2/files-2.1/org.jetbrains.kotlin/kotlin-stdlib/2.4.10/8943c84ddc6d5cc00a10dbc3736c397066eeaab5/kotlin-stdlib-2.4.10.jar
[2026-10-01T01:24:44.775+0100][class,load] kotlin.collections.ArraysKt source: file:/C:/Users/TONYS/Documents/Codex/2026-09-29/https-github-com-jay3-yy-bilipai/work/toolchain/gradle-home/caches/modules-2/files-2.1/org.jetbrains.kotlin/kotlin-stdlib/2.4.10/8943c84ddc6d5cc00a10dbc3736c397066eeaab5/kotlin-stdlib-2.4.10.jar
[2026-10-01T01:24:44.776+0100][class,load] kotlin.collections.ArraysUtilJVM source: file:/C:/Users/TONYS/Documents/Codex/2026-09-29/https-github-com-jay3-yy-bilipai/work/toolchain/gradle-home/caches/modules-2/files-2.1/org.jetbrains.kotlin/kotlin-stdlib/2.4.10/8943c84ddc6d5cc00a10dbc3736c397066eeaab5/kotlin-stdlib-2.4.10.jar
[2026-10-01T01:24:44.776+0100][class,load] java.util.Arrays$ArrayList source: shared objects file
[2026-10-01T01:24:44.776+0100][class,load] java.util.Arrays$ArrayItr source: jrt:/java.base
[2026-10-01T01:24:44.776+0100][class,load] kotlin.TuplesKt source: file:/C:/Users/TONYS/Documents/Codex/2026-09-29/https-github-com-jay3-yy-bilipai/work/toolchain/gradle-home/caches/modules-2/files-2.1/org.jetbrains.kotlin/kotlin-stdlib/2.4.10/8943c84ddc6d5cc00a10dbc3736c397066eeaab5/kotlin-stdlib-2.4.10.jar
[2026-10-01T01:24:44.778+0100][class,load] kotlin.Pair source: file:/C:/Users/TONYS/Documents/Codex/2026-09-29/https-github-com-jay3-yy-bilipai/work/toolchain/gradle-home/caches/modules-2/files-2.1/org.jetbrains.kotlin/kotlin-stdlib/2.4.10/8943c84ddc6d5cc00a10dbc3736c397066eeaab5/kotlin-stdlib-2.4.10.jar
[2026-10-01T01:24:44.779+0100][class,load] kotlin.jvm.internal.TypeReference source: file:/C:/Users/TONYS/Documents/Codex/2026-09-29/https-github-com-jay3-yy-bilipai/work/toolchain/gradle-home/caches/modules-2/files-2.1/org.jetbrains.kotlin/kotlin-stdlib/2.4.10/8943c84ddc6d5cc00a10dbc3736c397066eeaab5/kotlin-stdlib-2.4.10.jar
[2026-10-01T01:24:44.779+0100][class,load] kotlin.jvm.internal.TypeReference$Companion source: file:/C:/Users/TONYS/Documents/Codex/2026-09-29/https-github-com-jay3-yy-bilipai/work/toolchain/gradle-home/caches/modules-2/files-2.1/org.jetbrains.kotlin/kotlin-stdlib/2.4.10/8943c84ddc6d5cc00a10dbc3736c397066eeaab5/kotlin-stdlib-2.4.10.jar
[2026-10-01T01:24:44.779+0100][class,load] kotlin.jvm.internal.MagicApiIntrinsics source: file:/C:/Users/TONYS/Documents/Codex/2026-09-29/https-github-com-jay3-yy-bilipai/work/toolchain/gradle-home/caches/modules-2/files-2.1/org.jetbrains.kotlin/kotlin-stdlib/2.4.10/8943c84ddc6d5cc00a10dbc3736c397066eeaab5/kotlin-stdlib-2.4.10.jar
[2026-10-01T01:24:44.779+0100][class,load] kotlinx.serialization.SerializersKt source: file:/C:/Users/TONYS/Documents/Codex/2026-09-29/https-github-com-jay3-yy-bilipai/work/toolchain/gradle-home/caches/modules-2/files-2.1/org.jetbrains.kotlinx/kotlinx-serialization-core-jvm/1.11.0/c1905c9bf7452b045d5af9248835abe64ddad6bf/kotlinx-serialization-core-jvm-1.11.0.jar
[2026-10-01T01:24:44.780+0100][class,load] kotlinx.serialization.SerializersKt__SerializersKt source: file:/C:/Users/TONYS/Documents/Codex/2026-09-29/https-github-com-jay3-yy-bilipai/work/toolchain/gradle-home/caches/modules-2/files-2.1/org.jetbrains.kotlinx/kotlinx-serialization-core-jvm/1.11.0/c1905c9bf7452b045d5af9248835abe64ddad6bf/kotlinx-serialization-core-jvm-1.11.0.jar
[2026-10-01T01:24:44.781+0100][class,load] kotlinx.serialization.SerializationException source: file:/C:/Users/TONYS/Documents/Codex/2026-09-29/https-github-com-jay3-yy-bilipai/work/toolchain/gradle-home/caches/modules-2/files-2.1/org.jetbrains.kotlinx/kotlinx-serialization-core-jvm/1.11.0/c1905c9bf7452b045d5af9248835abe64ddad6bf/kotlinx-serialization-core-jvm-1.11.0.jar
[2026-10-01T01:24:44.781+0100][class,load] kotlinx.serialization.internal.Platform_commonKt source: file:/C:/Users/TONYS/Documents/Codex/2026-09-29/https-github-com-jay3-yy-bilipai/work/toolchain/gradle-home/caches/modules-2/files-2.1/org.jetbrains.kotlinx/kotlinx-serialization-core-jvm/1.11.0/c1905c9bf7452b045d5af9248835abe64ddad6bf/kotlinx-serialization-core-jvm-1.11.0.jar
[2026-10-01T01:24:44.782+0100][class,load] kotlinx.serialization.descriptors.SerialDescriptor source: file:/C:/Users/TONYS/Documents/Codex/2026-09-29/https-github-com-jay3-yy-bilipai/work/toolchain/gradle-home/caches/modules-2/files-2.1/org.jetbrains.kotlinx/kotlinx-serialization-core-jvm/1.11.0/c1905c9bf7452b045d5af9248835abe64ddad6bf/kotlinx-serialization-core-jvm-1.11.0.jar
[2026-10-01T01:24:44.782+0100][class,load] java.util.Collections$EmptyIterator source: shared objects file
[2026-10-01T01:24:44.782+0100][class,load] kotlinx.serialization.internal.PlatformKt source: file:/C:/Users/TONYS/Documents/Codex/2026-09-29/https-github-com-jay3-yy-bilipai/work/toolchain/gradle-home/caches/modules-2/files-2.1/org.jetbrains.kotlinx/kotlinx-serialization-core-jvm/1.11.0/c1905c9bf7452b045d5af9248835abe64ddad6bf/kotlinx-serialization-core-jvm-1.11.0.jar
[2026-10-01T01:24:44.782+0100][class,load] java.lang.reflect.InvocationTargetException source: jrt:/java.base
[2026-10-01T01:24:44.783+0100][class,load] kotlin.jvm.JvmClassMappingKt source: file:/C:/Users/TONYS/Documents/Codex/2026-09-29/https-github-com-jay3-yy-bilipai/work/toolchain/gradle-home/caches/modules-2/files-2.1/org.jetbrains.kotlin/kotlin-stdlib/2.4.10/8943c84ddc6d5cc00a10dbc3736c397066eeaab5/kotlin-stdlib-2.4.10.jar
[2026-10-01T01:24:44.783+0100][class,load] kotlinx.serialization.SerializersCacheKt source: file:/C:/Users/TONYS/Documents/Codex/2026-09-29/https-github-com-jay3-yy-bilipai/work/toolchain/gradle-home/caches/modules-2/files-2.1/org.jetbrains.kotlinx/kotlinx-serialization-core-jvm/1.11.0/c1905c9bf7452b045d5af9248835abe64ddad6bf/kotlinx-serialization-core-jvm-1.11.0.jar
[2026-10-01T01:24:44.784+0100][class,load] kotlinx.serialization.SerializationStrategy source: file:/C:/Users/TONYS/Documents/Codex/2026-09-29/https-github-com-jay3-yy-bilipai/work/toolchain/gradle-home/caches/modules-2/files-2.1/org.jetbrains.kotlinx/kotlinx-serialization-core-jvm/1.11.0/c1905c9bf7452b045d5af9248835abe64ddad6bf/kotlinx-serialization-core-jvm-1.11.0.jar
[2026-10-01T01:24:44.784+0100][class,load] kotlinx.serialization.DeserializationStrategy source: file:/C:/Users/TONYS/Documents/Codex/2026-09-29/https-github-com-jay3-yy-bilipai/work/toolchain/gradle-home/caches/modules-2/files-2.1/org.jetbrains.kotlinx/kotlinx-serialization-core-jvm/1.11.0/c1905c9bf7452b045d5af9248835abe64ddad6bf/kotlinx-serialization-core-jvm-1.11.0.jar
[2026-10-01T01:24:44.784+0100][class,load] kotlinx.serialization.KSerializer source: file:/C:/Users/TONYS/Documents/Codex/2026-09-29/https-github-com-jay3-yy-bilipai/work/toolchain/gradle-home/caches/modules-2/files-2.1/org.jetbrains.kotlinx/kotlinx-serialization-core-jvm/1.11.0/c1905c9bf7452b045d5af9248835abe64ddad6bf/kotlinx-serialization-core-jvm-1.11.0.jar
[2026-10-01T01:24:44.784+0100][class,load] kotlinx.serialization.SerializersCacheKt$$Lambda/0x000000eb010120f8 source: kotlinx.serialization.SerializersCacheKt
[2026-10-01T01:24:44.785+0100][class,load] kotlinx.serialization.internal.CachingKt source: file:/C:/Users/TONYS/Documents/Codex/2026-09-29/https-github-com-jay3-yy-bilipai/work/toolchain/gradle-home/caches/modules-2/files-2.1/org.jetbrains.kotlinx/kotlinx-serialization-core-jvm/1.11.0/c1905c9bf7452b045d5af9248835abe64ddad6bf/kotlinx-serialization-core-jvm-1.11.0.jar
[2026-10-01T01:24:44.785+0100][class,load] java.lang.ClassValue source: shared objects file
[2026-10-01T01:24:44.785+0100][class,load] java.lang.ClassValue$Entry source: shared objects file
[2026-10-01T01:24:44.785+0100][class,load] kotlinx.serialization.internal.SerializerCache source: file:/C:/Users/TONYS/Documents/Codex/2026-09-29/https-github-com-jay3-yy-bilipai/work/toolchain/gradle-home/caches/modules-2/files-2.1/org.jetbrains.kotlinx/kotlinx-serialization-core-jvm/1.11.0/c1905c9bf7452b045d5af9248835abe64ddad6bf/kotlinx-serialization-core-jvm-1.11.0.jar
[2026-10-01T01:24:44.785+0100][class,load] kotlinx.serialization.internal.ClassValueCache source: file:/C:/Users/TONYS/Documents/Codex/2026-09-29/https-github-com-jay3-yy-bilipai/work/toolchain/gradle-home/caches/modules-2/files-2.1/org.jetbrains.kotlinx/kotlinx-serialization-core-jvm/1.11.0/c1905c9bf7452b045d5af9248835abe64ddad6bf/kotlinx-serialization-core-jvm-1.11.0.jar
[2026-10-01T01:24:44.786+0100][class,load] kotlinx.serialization.internal.ClassValueReferences source: file:/C:/Users/TONYS/Documents/Codex/2026-09-29/https-github-com-jay3-yy-bilipai/work/toolchain/gradle-home/caches/modules-2/files-2.1/org.jetbrains.kotlinx/kotlinx-serialization-core-jvm/1.11.0/c1905c9bf7452b045d5af9248835abe64ddad6bf/kotlinx-serialization-core-jvm-1.11.0.jar
[2026-10-01T01:24:44.786+0100][class,load] java.lang.ClassValue$Identity source: shared objects file
[2026-10-01T01:24:44.786+0100][class,load] java.lang.ClassValue$Version source: shared objects file
[2026-10-01T01:24:44.786+0100][class,load] kotlinx.serialization.SerializersCacheKt$$Lambda/0x000000eb01012ba0 source: kotlinx.serialization.SerializersCacheKt
[2026-10-01T01:24:44.786+0100][class,load] java.lang.IncompatibleClassChangeError source: shared objects file
[2026-10-01T01:24:44.786+0100][class,load] java.lang.NoSuchMethodError source: shared objects file
[2026-10-01T01:24:44.786+0100][class,load] java.lang.invoke.LambdaForm$DMH/0x000000eb01014000 source: __JVM_LookupDefineClass__
[2026-10-01T01:24:44.786+0100][class,load] kotlinx.serialization.SerializersCacheKt$$Lambda/0x000000eb01012dc0 source: kotlinx.serialization.SerializersCacheKt
[2026-10-01T01:24:44.788+0100][class,load] kotlinx.serialization.internal.ParametrizedSerializerCache source: file:/C:/Users/TONYS/Documents/Codex/2026-09-29/https-github-com-jay3-yy-bilipai/work/toolchain/gradle-home/caches/modules-2/files-2.1/org.jetbrains.kotlinx/kotlinx-serialization-core-jvm/1.11.0/c1905c9bf7452b045d5af9248835abe64ddad6bf/kotlinx-serialization-core-jvm-1.11.0.jar
[2026-10-01T01:24:44.788+0100][class,load] kotlinx.serialization.internal.ClassValueParametrizedCache source: file:/C:/Users/TONYS/Documents/Codex/2026-09-29/https-github-com-jay3-yy-bilipai/work/toolchain/gradle-home/caches/modules-2/files-2.1/org.jetbrains.kotlinx/kotlinx-serialization-core-jvm/1.11.0/c1905c9bf7452b045d5af9248835abe64ddad6bf/kotlinx-serialization-core-jvm-1.11.0.jar
[2026-10-01T01:24:44.788+0100][class,load] kotlinx.serialization.SerializersCacheKt$$Lambda/0x000000eb01013408 source: kotlinx.serialization.SerializersCacheKt
[2026-10-01T01:24:44.788+0100][class,load] java.lang.ClassValue$ClassValueMap source: shared objects file
[2026-10-01T01:24:44.788+0100][class,load] kotlinx.serialization.internal.MutableSoftReference source: file:/C:/Users/TONYS/Documents/Codex/2026-09-29/https-github-com-jay3-yy-bilipai/work/toolchain/gradle-home/caches/modules-2/files-2.1/org.jetbrains.kotlinx/kotlinx-serialization-core-jvm/1.11.0/c1905c9bf7452b045d5af9248835abe64ddad6bf/kotlinx-serialization-core-jvm-1.11.0.jar
[2026-10-01T01:24:44.789+0100][class,load] kotlinx.serialization.internal.ClassValueCache$get$$inlined$getOrSet$1 source: file:/C:/Users/TONYS/Documents/Codex/2026-09-29/https-github-com-jay3-yy-bilipai/work/toolchain/gradle-home/caches/modules-2/files-2.1/org.jetbrains.kotlinx/kotlinx-serialization-core-jvm/1.11.0/c1905c9bf7452b045d5af9248835abe64ddad6bf/kotlinx-serialization-core-jvm-1.11.0.jar
[2026-10-01T01:24:44.789+0100][class,load] kotlinx.serialization.internal.CacheEntry source: file:/C:/Users/TONYS/Documents/Codex/2026-09-29/https-github-com-jay3-yy-bilipai/work/toolchain/gradle-home/caches/modules-2/files-2.1/org.jetbrains.kotlinx/kotlinx-serialization-core-jvm/1.11.0/c1905c9bf7452b045d5af9248835abe64ddad6bf/kotlinx-serialization-core-jvm-1.11.0.jar
[2026-10-01T01:24:44.789+0100][class,load] com.android.purebilibili.data.model.response.DynamicItem$Companion source: file:/C:/Users/TONYS/Documents/Codex/2026-09-29/https-github-com-jay3-yy-bilipai/work/BiliPai/desktop/.local/dynamic-detail-reply-main-integration/main-product-snapshot-01/main-kotlin.jar
[2026-10-01T01:24:44.790+0100][class,load] com.android.purebilibili.data.model.response.DynamicModules source: file:/C:/Users/TONYS/Documents/Codex/2026-09-29/https-github-com-jay3-yy-bilipai/work/BiliPai/desktop/.local/dynamic-detail-reply-main-integration/main-product-snapshot-01/main-kotlin.jar
[2026-10-01T01:24:44.790+0100][class,load] com.android.purebilibili.data.model.response.DynamicBasic source: file:/C:/Users/TONYS/Documents/Codex/2026-09-29/https-github-com-jay3-yy-bilipai/work/BiliPai/desktop/.local/dynamic-detail-reply-main-integration/main-product-snapshot-01/main-kotlin.jar
[2026-10-01T01:24:44.790+0100][class,load] jdk.internal.reflect.MethodHandleAccessorFactory$LazyStaticHolder source: shared objects file
[2026-10-01T01:24:44.790+0100][class,load] java.lang.invoke.DirectMethodHandle$StaticAccessor source: jrt:/java.base
[2026-10-01T01:24:44.791+0100][class,load] java.lang.invoke.LambdaForm$MH/0x000000eb01014400 source: __JVM_LookupDefineClass__
[2026-10-01T01:24:44.791+0100][class,load] jdk.internal.reflect.MethodHandleFieldAccessorImpl source: shared objects file
[2026-10-01T01:24:44.791+0100][class,load] jdk.internal.reflect.MethodHandleObjectFieldAccessorImpl source: shared objects file
[2026-10-01T01:24:44.792+0100][class,load] java.lang.invoke.BoundMethodHandle$Species_LL source: shared objects file
[2026-10-01T01:24:44.792+0100][class,load] java.lang.invoke.LambdaForm$MH/0x000000eb01014800 source: __JVM_LookupDefineClass__
[2026-10-01T01:24:44.792+0100][class,load] java.lang.invoke.LambdaForm$MH/0x000000eb01014c00 source: __JVM_LookupDefineClass__
[2026-10-01T01:24:44.792+0100][class,load] jdk.internal.reflect.DirectMethodHandleAccessor source: shared objects file
[2026-10-01T01:24:44.793+0100][class,load] kotlinx.serialization.internal.GeneratedSerializer source: file:/C:/Users/TONYS/Documents/Codex/2026-09-29/https-github-com-jay3-yy-bilipai/work/toolchain/gradle-home/caches/modules-2/files-2.1/org.jetbrains.kotlinx/kotlinx-serialization-core-jvm/1.11.0/c1905c9bf7452b045d5af9248835abe64ddad6bf/kotlinx-serialization-core-jvm-1.11.0.jar
[2026-10-01T01:24:44.793+0100][class,load] com.android.purebilibili.data.model.response.DynamicItem$$serializer source: file:/C:/Users/TONYS/Documents/Codex/2026-09-29/https-github-com-jay3-yy-bilipai/work/BiliPai/desktop/.local/dynamic-detail-reply-main-integration/main-product-snapshot-01/main-kotlin.jar
[2026-10-01T01:24:44.794+0100][class,load] kotlinx.serialization.UnknownFieldException source: file:/C:/Users/TONYS/Documents/Codex/2026-09-29/https-github-com-jay3-yy-bilipai/work/toolchain/gradle-home/caches/modules-2/files-2.1/org.jetbrains.kotlinx/kotlinx-serialization-core-jvm/1.11.0/c1905c9bf7452b045d5af9248835abe64ddad6bf/kotlinx-serialization-core-jvm-1.11.0.jar
[2026-10-01T01:24:44.794+0100][class,load] kotlinx.serialization.internal.CachedNames source: file:/C:/Users/TONYS/Documents/Codex/2026-09-29/https-github-com-jay3-yy-bilipai/work/toolchain/gradle-home/caches/modules-2/files-2.1/org.jetbrains.kotlinx/kotlinx-serialization-core-jvm/1.11.0/c1905c9bf7452b045d5af9248835abe64ddad6bf/kotlinx-serialization-core-jvm-1.11.0.jar
[2026-10-01T01:24:44.794+0100][class,load] kotlinx.serialization.internal.PluginGeneratedSerialDescriptor source: file:/C:/Users/TONYS/Documents/Codex/2026-09-29/https-github-com-jay3-yy-bilipai/work/toolchain/gradle-home/caches/modules-2/files-2.1/org.jetbrains.kotlinx/kotlinx-serialization-core-jvm/1.11.0/c1905c9bf7452b045d5af9248835abe64ddad6bf/kotlinx-serialization-core-jvm-1.11.0.jar
[2026-10-01T01:24:44.795+0100][class,load] kotlin.LazyThreadSafetyMode source: file:/C:/Users/TONYS/Documents/Codex/2026-09-29/https-github-com-jay3-yy-bilipai/work/toolchain/gradle-home/caches/modules-2/files-2.1/org.jetbrains.kotlin/kotlin-stdlib/2.4.10/8943c84ddc6d5cc00a10dbc3736c397066eeaab5/kotlin-stdlib-2.4.10.jar
[2026-10-01T01:24:44.795+0100][class,load] kotlinx.serialization.internal.PluginGeneratedSerialDescriptor$$Lambda/0x000000eb01017a38 source: kotlinx.serialization.internal.PluginGeneratedSerialDescriptor
[2026-10-01T01:24:44.795+0100][class,load] kotlin.LazyKt__LazyJVMKt source: file:/C:/Users/TONYS/Documents/Codex/2026-09-29/https-github-com-jay3-yy-bilipai/work/toolchain/gradle-home/caches/modules-2/files-2.1/org.jetbrains.kotlin/kotlin-stdlib/2.4.10/8943c84ddc6d5cc00a10dbc3736c397066eeaab5/kotlin-stdlib-2.4.10.jar
[2026-10-01T01:24:44.795+0100][class,load] kotlin.LazyKt__LazyKt source: file:/C:/Users/TONYS/Documents/Codex/2026-09-29/https-github-com-jay3-yy-bilipai/work/toolchain/gradle-home/caches/modules-2/files-2.1/org.jetbrains.kotlin/kotlin-stdlib/2.4.10/8943c84ddc6d5cc00a10dbc3736c397066eeaab5/kotlin-stdlib-2.4.10.jar
[2026-10-01T01:24:44.795+0100][class,load] kotlin.LazyKt source: file:/C:/Users/TONYS/Documents/Codex/2026-09-29/https-github-com-jay3-yy-bilipai/work/toolchain/gradle-home/caches/modules-2/files-2.1/org.jetbrains.kotlin/kotlin-stdlib/2.4.10/8943c84ddc6d5cc00a10dbc3736c397066eeaab5/kotlin-stdlib-2.4.10.jar
[2026-10-01T01:24:44.796+0100][class,load] kotlin.LazyKt__LazyJVMKt$WhenMappings source: file:/C:/Users/TONYS/Documents/Codex/2026-09-29/https-github-com-jay3-yy-bilipai/work/toolchain/gradle-home/caches/modules-2/files-2.1/org.jetbrains.kotlin/kotlin-stdlib/2.4.10/8943c84ddc6d5cc00a10dbc3736c397066eeaab5/kotlin-stdlib-2.4.10.jar
[2026-10-01T01:24:44.796+0100][class,load] java.lang.NoSuchFieldError source: jrt:/java.base
[2026-10-01T01:24:44.796+0100][class,load] kotlin.Lazy source: file:/C:/Users/TONYS/Documents/Codex/2026-09-29/https-github-com-jay3-yy-bilipai/work/toolchain/gradle-home/caches/modules-2/files-2.1/org.jetbrains.kotlin/kotlin-stdlib/2.4.10/8943c84ddc6d5cc00a10dbc3736c397066eeaab5/kotlin-stdlib-2.4.10.jar
[2026-10-01T01:24:44.796+0100][class,load] kotlin.SafePublicationLazyImpl source: file:/C:/Users/TONYS/Documents/Codex/2026-09-29/https-github-com-jay3-yy-bilipai/work/toolchain/gradle-home/caches/modules-2/files-2.1/org.jetbrains.kotlin/kotlin-stdlib/2.4.10/8943c84ddc6d5cc00a10dbc3736c397066eeaab5/kotlin-stdlib-2.4.10.jar
[2026-10-01T01:24:44.796+0100][class,load] kotlin.SafePublicationLazyImpl$Companion source: file:/C:/Users/TONYS/Documents/Codex/2026-09-29/https-github-com-jay3-yy-bilipai/work/toolchain/gradle-home/caches/modules-2/files-2.1/org.jetbrains.kotlin/kotlin-stdlib/2.4.10/8943c84ddc6d5cc00a10dbc3736c397066eeaab5/kotlin-stdlib-2.4.10.jar
[2026-10-01T01:24:44.796+0100][class,load] java.util.concurrent.atomic.AtomicReferenceFieldUpdater source: jrt:/java.base
[2026-10-01T01:24:44.796+0100][class,load] java.util.concurrent.atomic.AtomicReferenceFieldUpdater$AtomicReferenceFieldUpdaterImpl source: jrt:/java.base
[2026-10-01T01:24:44.796+0100][class,load] java.util.concurrent.atomic.AtomicReferenceFieldUpdater$AtomicReferenceFieldUpdaterImpl$1 source: jrt:/java.base
[2026-10-01T01:24:44.796+0100][class,load] sun.reflect.misc.ReflectUtil source: jrt:/java.base
[2026-10-01T01:24:44.796+0100][class,load] kotlin.UNINITIALIZED_VALUE source: file:/C:/Users/TONYS/Documents/Codex/2026-09-29/https-github-com-jay3-yy-bilipai/work/toolchain/gradle-home/caches/modules-2/files-2.1/org.jetbrains.kotlin/kotlin-stdlib/2.4.10/8943c84ddc6d5cc00a10dbc3736c397066eeaab5/kotlin-stdlib-2.4.10.jar
[2026-10-01T01:24:44.798+0100][class,load] kotlinx.serialization.internal.PluginGeneratedSerialDescriptor$$Lambda/0x000000eb01018000 source: kotlinx.serialization.internal.PluginGeneratedSerialDescriptor
[2026-10-01T01:24:44.798+0100][class,load] kotlinx.serialization.internal.PluginGeneratedSerialDescriptor$$Lambda/0x000000eb01018228 source: kotlinx.serialization.internal.PluginGeneratedSerialDescriptor
[2026-10-01T01:24:44.799+0100][class,load] kotlinx.serialization.json.internal.StringJsonLexerKt source: file:/C:/Users/TONYS/Documents/Codex/2026-09-29/https-github-com-jay3-yy-bilipai/work/toolchain/gradle-home/caches/modules-2/files-2.1/org.jetbrains.kotlinx/kotlinx-serialization-json-jvm/1.11.0/e7e045e99e56f07599bb9ccb708c2190e2af0606/kotlinx-serialization-json-jvm-1.11.0.jar
[2026-10-01T01:24:44.799+0100][class,load] kotlinx.serialization.json.internal.AbstractJsonLexer source: file:/C:/Users/TONYS/Documents/Codex/2026-09-29/https-github-com-jay3-yy-bilipai/work/toolchain/gradle-home/caches/modules-2/files-2.1/org.jetbrains.kotlinx/kotlinx-serialization-json-jvm/1.11.0/e7e045e99e56f07599bb9ccb708c2190e2af0606/kotlinx-serialization-json-jvm-1.11.0.jar
[2026-10-01T01:24:44.799+0100][class,load] kotlinx.serialization.json.internal.StringJsonLexer source: file:/C:/Users/TONYS/Documents/Codex/2026-09-29/https-github-com-jay3-yy-bilipai/work/toolchain/gradle-home/caches/modules-2/files-2.1/org.jetbrains.kotlinx/kotlinx-serialization-json-jvm/1.11.0/e7e045e99e56f07599bb9ccb708c2190e2af0606/kotlinx-serialization-json-jvm-1.11.0.jar
[2026-10-01T01:24:44.799+0100][class,load] kotlinx.serialization.json.JsonException source: file:/C:/Users/TONYS/Documents/Codex/2026-09-29/https-github-com-jay3-yy-bilipai/work/toolchain/gradle-home/caches/modules-2/files-2.1/org.jetbrains.kotlinx/kotlinx-serialization-json-jvm/1.11.0/e7e045e99e56f07599bb9ccb708c2190e2af0606/kotlinx-serialization-json-jvm-1.11.0.jar
[2026-10-01T01:24:44.799+0100][class,load] kotlinx.serialization.json.JsonDecodingException source: file:/C:/Users/TONYS/Documents/Codex/2026-09-29/https-github-com-jay3-yy-bilipai/work/toolchain/gradle-home/caches/modules-2/files-2.1/org.jetbrains.kotlinx/kotlinx-serialization-json-jvm/1.11.0/e7e045e99e56f07599bb9ccb708c2190e2af0606/kotlinx-serialization-json-jvm-1.11.0.jar
[2026-10-01T01:24:44.800+0100][class,load] kotlinx.serialization.json.internal.JsonPath source: file:/C:/Users/TONYS/Documents/Codex/2026-09-29/https-github-com-jay3-yy-bilipai/work/toolchain/gradle-home/caches/modules-2/files-2.1/org.jetbrains.kotlinx/kotlinx-serialization-json-jvm/1.11.0/e7e045e99e56f07599bb9ccb708c2190e2af0606/kotlinx-serialization-json-jvm-1.11.0.jar
[2026-10-01T01:24:44.801+0100][class,load] kotlinx.serialization.encoding.Decoder source: file:/C:/Users/TONYS/Documents/Codex/2026-09-29/https-github-com-jay3-yy-bilipai/work/toolchain/gradle-home/caches/modules-2/files-2.1/org.jetbrains.kotlinx/kotlinx-serialization-core-jvm/1.11.0/c1905c9bf7452b045d5af9248835abe64ddad6bf/kotlinx-serialization-core-jvm-1.11.0.jar
[2026-10-01T01:24:44.801+0100][class,load] kotlinx.serialization.encoding.CompositeDecoder source: file:/C:/Users/TONYS/Documents/Codex/2026-09-29/https-github-com-jay3-yy-bilipai/work/toolchain/gradle-home/caches/modules-2/files-2.1/org.jetbrains.kotlinx/kotlinx-serialization-core-jvm/1.11.0/c1905c9bf7452b045d5af9248835abe64ddad6bf/kotlinx-serialization-core-jvm-1.11.0.jar
[2026-10-01T01:24:44.801+0100][class,load] kotlinx.serialization.json.JsonDecoder source: file:/C:/Users/TONYS/Documents/Codex/2026-09-29/https-github-com-jay3-yy-bilipai/work/toolchain/gradle-home/caches/modules-2/files-2.1/org.jetbrains.kotlinx/kotlinx-serialization-json-jvm/1.11.0/e7e045e99e56f07599bb9ccb708c2190e2af0606/kotlinx-serialization-json-jvm-1.11.0.jar
[2026-10-01T01:24:44.801+0100][class,load] kotlinx.serialization.encoding.ChunkedDecoder source: file:/C:/Users/TONYS/Documents/Codex/2026-09-29/https-github-com-jay3-yy-bilipai/work/toolchain/gradle-home/caches/modules-2/files-2.1/org.jetbrains.kotlinx/kotlinx-serialization-core-jvm/1.11.0/c1905c9bf7452b045d5af9248835abe64ddad6bf/kotlinx-serialization-core-jvm-1.11.0.jar
[2026-10-01T01:24:44.802+0100][class,load] kotlinx.serialization.encoding.AbstractDecoder source: file:/C:/Users/TONYS/Documents/Codex/2026-09-29/https-github-com-jay3-yy-bilipai/work/toolchain/gradle-home/caches/modules-2/files-2.1/org.jetbrains.kotlinx/kotlinx-serialization-core-jvm/1.11.0/c1905c9bf7452b045d5af9248835abe64ddad6bf/kotlinx-serialization-core-jvm-1.11.0.jar
[2026-10-01T01:24:44.802+0100][class,load] kotlinx.serialization.json.internal.StreamingJsonDecoder source: file:/C:/Users/TONYS/Documents/Codex/2026-09-29/https-github-com-jay3-yy-bilipai/work/toolchain/gradle-home/caches/modules-2/files-2.1/org.jetbrains.kotlinx/kotlinx-serialization-json-jvm/1.11.0/e7e045e99e56f07599bb9ccb708c2190e2af0606/kotlinx-serialization-json-jvm-1.11.0.jar
[2026-10-01T01:24:44.802+0100][class,load] kotlinx.serialization.MissingFieldException source: file:/C:/Users/TONYS/Documents/Codex/2026-09-29/https-github-com-jay3-yy-bilipai/work/toolchain/gradle-home/caches/modules-2/files-2.1/org.jetbrains.kotlinx/kotlinx-serialization-core-jvm/1.11.0/c1905c9bf7452b045d5af9248835abe64ddad6bf/kotlinx-serialization-core-jvm-1.11.0.jar
[2026-10-01T01:24:44.802+0100][class,load] kotlinx.serialization.encoding.CompositeDecoder$Companion source: file:/C:/Users/TONYS/Documents/Codex/2026-09-29/https-github-com-jay3-yy-bilipai/work/toolchain/gradle-home/caches/modules-2/files-2.1/org.jetbrains.kotlinx/kotlinx-serialization-core-jvm/1.11.0/c1905c9bf7452b045d5af9248835abe64ddad6bf/kotlinx-serialization-core-jvm-1.11.0.jar
[2026-10-01T01:24:44.803+0100][class,load] kotlinx.serialization.json.internal.WriteMode source: file:/C:/Users/TONYS/Documents/Codex/2026-09-29/https-github-com-jay3-yy-bilipai/work/toolchain/gradle-home/caches/modules-2/files-2.1/org.jetbrains.kotlinx/kotlinx-serialization-json-jvm/1.11.0/e7e045e99e56f07599bb9ccb708c2190e2af0606/kotlinx-serialization-json-jvm-1.11.0.jar
[2026-10-01T01:24:44.803+0100][class,load] kotlinx.serialization.internal.AbstractPolymorphicSerializer source: file:/C:/Users/TONYS/Documents/Codex/2026-09-29/https-github-com-jay3-yy-bilipai/work/toolchain/gradle-home/caches/modules-2/files-2.1/org.jetbrains.kotlinx/kotlinx-serialization-core-jvm/1.11.0/c1905c9bf7452b045d5af9248835abe64ddad6bf/kotlinx-serialization-core-jvm-1.11.0.jar
[2026-10-01T01:24:44.803+0100][class,load] kotlinx.serialization.json.internal.WriteModeKt source: file:/C:/Users/TONYS/Documents/Codex/2026-09-29/https-github-com-jay3-yy-bilipai/work/toolchain/gradle-home/caches/modules-2/files-2.1/org.jetbrains.kotlinx/kotlinx-serialization-json-jvm/1.11.0/e7e045e99e56f07599bb9ccb708c2190e2af0606/kotlinx-serialization-json-jvm-1.11.0.jar
[2026-10-01T01:24:44.804+0100][class,load] kotlinx.serialization.json.JsonEncodingException source: file:/C:/Users/TONYS/Documents/Codex/2026-09-29/https-github-com-jay3-yy-bilipai/work/toolchain/gradle-home/caches/modules-2/files-2.1/org.jetbrains.kotlinx/kotlinx-serialization-json-jvm/1.11.0/e7e045e99e56f07599bb9ccb708c2190e2af0606/kotlinx-serialization-json-jvm-1.11.0.jar
[2026-10-01T01:24:44.804+0100][class,load] kotlinx.serialization.descriptors.SerialKind source: file:/C:/Users/TONYS/Documents/Codex/2026-09-29/https-github-com-jay3-yy-bilipai/work/toolchain/gradle-home/caches/modules-2/files-2.1/org.jetbrains.kotlinx/kotlinx-serialization-core-jvm/1.11.0/c1905c9bf7452b045d5af9248835abe64ddad6bf/kotlinx-serialization-core-jvm-1.11.0.jar
[2026-10-01T01:24:44.804+0100][class,load] kotlinx.serialization.descriptors.StructureKind source: file:/C:/Users/TONYS/Documents/Codex/2026-09-29/https-github-com-jay3-yy-bilipai/work/toolchain/gradle-home/caches/modules-2/files-2.1/org.jetbrains.kotlinx/kotlinx-serialization-core-jvm/1.11.0/c1905c9bf7452b045d5af9248835abe64ddad6bf/kotlinx-serialization-core-jvm-1.11.0.jar
[2026-10-01T01:24:44.804+0100][class,load] kotlinx.serialization.descriptors.StructureKind$CLASS source: file:/C:/Users/TONYS/Documents/Codex/2026-09-29/https-github-com-jay3-yy-bilipai/work/toolchain/gradle-home/caches/modules-2/files-2.1/org.jetbrains.kotlinx/kotlinx-serialization-core-jvm/1.11.0/c1905c9bf7452b045d5af9248835abe64ddad6bf/kotlinx-serialization-core-jvm-1.11.0.jar
[2026-10-01T01:24:44.805+0100][class,load] kotlinx.serialization.descriptors.PolymorphicKind source: file:/C:/Users/TONYS/Documents/Codex/2026-09-29/https-github-com-jay3-yy-bilipai/work/toolchain/gradle-home/caches/modules-2/files-2.1/org.jetbrains.kotlinx/kotlinx-serialization-core-jvm/1.11.0/c1905c9bf7452b045d5af9248835abe64ddad6bf/kotlinx-serialization-core-jvm-1.11.0.jar
[2026-10-01T01:24:44.805+0100][class,load] kotlinx.serialization.descriptors.StructureKind$LIST source: file:/C:/Users/TONYS/Documents/Codex/2026-09-29/https-github-com-jay3-yy-bilipai/work/toolchain/gradle-home/caches/modules-2/files-2.1/org.jetbrains.kotlinx/kotlinx-serialization-core-jvm/1.11.0/c1905c9bf7452b045d5af9248835abe64ddad6bf/kotlinx-serialization-core-jvm-1.11.0.jar
[2026-10-01T01:24:44.805+0100][class,load] kotlinx.serialization.descriptors.StructureKind$MAP source: file:/C:/Users/TONYS/Documents/Codex/2026-09-29/https-github-com-jay3-yy-bilipai/work/toolchain/gradle-home/caches/modules-2/files-2.1/org.jetbrains.kotlinx/kotlinx-serialization-core-jvm/1.11.0/c1905c9bf7452b045d5af9248835abe64ddad6bf/kotlinx-serialization-core-jvm-1.11.0.jar
[2026-10-01T01:24:44.805+0100][class,load] kotlinx.serialization.json.internal.AbstractJsonLexerKt source: file:/C:/Users/TONYS/Documents/Codex/2026-09-29/https-github-com-jay3-yy-bilipai/work/toolchain/gradle-home/caches/modules-2/files-2.1/org.jetbrains.kotlinx/kotlinx-serialization-json-jvm/1.11.0/e7e045e99e56f07599bb9ccb708c2190e2af0606/kotlinx-serialization-json-jvm-1.11.0.jar
[2026-10-01T01:24:44.806+0100][class,load] kotlinx.serialization.json.internal.CharMappings source: file:/C:/Users/TONYS/Documents/Codex/2026-09-29/https-github-com-jay3-yy-bilipai/work/toolchain/gradle-home/caches/modules-2/files-2.1/org.jetbrains.kotlinx/kotlinx-serialization-json-jvm/1.11.0/e7e045e99e56f07599bb9ccb708c2190e2af0606/kotlinx-serialization-json-jvm-1.11.0.jar
[2026-10-01T01:24:44.806+0100][class,load] kotlinx.serialization.json.internal.StreamingJsonDecoder$WhenMappings source: file:/C:/Users/TONYS/Documents/Codex/2026-09-29/https-github-com-jay3-yy-bilipai/work/toolchain/gradle-home/caches/modules-2/files-2.1/org.jetbrains.kotlinx/kotlinx-serialization-json-jvm/1.11.0/e7e045e99e56f07599bb9ccb708c2190e2af0606/kotlinx-serialization-json-jvm-1.11.0.jar
[2026-10-01T01:24:44.813+0100][class,load] kotlin.text.StringsKt__AppendableKt source: file:/C:/Users/TONYS/Documents/Codex/2026-09-29/https-github-com-jay3-yy-bilipai/work/toolchain/gradle-home/caches/modules-2/files-2.1/org.jetbrains.kotlin/kotlin-stdlib/2.4.10/8943c84ddc6d5cc00a10dbc3736c397066eeaab5/kotlin-stdlib-2.4.10.jar
[2026-10-01T01:24:44.813+0100][class,load] kotlin.text.StringsKt__IndentKt source: file:/C:/Users/TONYS/Documents/Codex/2026-09-29/https-github-com-jay3-yy-bilipai/work/toolchain/gradle-home/caches/modules-2/files-2.1/org.jetbrains.kotlin/kotlin-stdlib/2.4.10/8943c84ddc6d5cc00a10dbc3736c397066eeaab5/kotlin-stdlib-2.4.10.jar
[2026-10-01T01:24:44.813+0100][class,load] kotlin.text.StringsKt__RegexExtensionsJVMKt source: file:/C:/Users/TONYS/Documents/Codex/2026-09-29/https-github-com-jay3-yy-bilipai/work/toolchain/gradle-home/caches/modules-2/files-2.1/org.jetbrains.kotlin/kotlin-stdlib/2.4.10/8943c84ddc6d5cc00a10dbc3736c397066eeaab5/kotlin-stdlib-2.4.10.jar
[2026-10-01T01:24:44.813+0100][class,load] kotlin.text.StringsKt__RegexExtensionsKt source: file:/C:/Users/TONYS/Documents/Codex/2026-09-29/https-github-com-jay3-yy-bilipai/work/toolchain/gradle-home/caches/modules-2/files-2.1/org.jetbrains.kotlin/kotlin-stdlib/2.4.10/8943c84ddc6d5cc00a10dbc3736c397066eeaab5/kotlin-stdlib-2.4.10.jar
[2026-10-01T01:24:44.813+0100][class,load] kotlin.text.StringsKt__StringBuilderJVMKt source: file:/C:/Users/TONYS/Documents/Codex/2026-09-29/https-github-com-jay3-yy-bilipai/work/toolchain/gradle-home/caches/modules-2/files-2.1/org.jetbrains.kotlin/kotlin-stdlib/2.4.10/8943c84ddc6d5cc00a10dbc3736c397066eeaab5/kotlin-stdlib-2.4.10.jar
[2026-10-01T01:24:44.813+0100][class,load] kotlin.text.StringsKt__StringBuilderKt source: file:/C:/Users/TONYS/Documents/Codex/2026-09-29/https-github-com-jay3-yy-bilipai/work/toolchain/gradle-home/caches/modules-2/files-2.1/org.jetbrains.kotlin/kotlin-stdlib/2.4.10/8943c84ddc6d5cc00a10dbc3736c397066eeaab5/kotlin-stdlib-2.4.10.jar
[2026-10-01T01:24:44.813+0100][class,load] kotlin.text.StringsKt__StringNumberConversionsJVMKt source: file:/C:/Users/TONYS/Documents/Codex/2026-09-29/https-github-com-jay3-yy-bilipai/work/toolchain/gradle-home/caches/modules-2/files-2.1/org.jetbrains.kotlin/kotlin-stdlib/2.4.10/8943c84ddc6d5cc00a10dbc3736c397066eeaab5/kotlin-stdlib-2.4.10.jar
[2026-10-01T01:24:44.813+0100][class,load] kotlin.text.StringsKt__StringNumberConversionsKt source: file:/C:/Users/TONYS/Documents/Codex/2026-09-29/https-github-com-jay3-yy-bilipai/work/toolchain/gradle-home/caches/modules-2/files-2.1/org.jetbrains.kotlin/kotlin-stdlib/2.4.10/8943c84ddc6d5cc00a10dbc3736c397066eeaab5/kotlin-stdlib-2.4.10.jar
[2026-10-01T01:24:44.813+0100][class,load] kotlin.text.StringsKt__StringsJVMKt source: file:/C:/Users/TONYS/Documents/Codex/2026-09-29/https-github-com-jay3-yy-bilipai/work/toolchain/gradle-home/caches/modules-2/files-2.1/org.jetbrains.kotlin/kotlin-stdlib/2.4.10/8943c84ddc6d5cc00a10dbc3736c397066eeaab5/kotlin-stdlib-2.4.10.jar
[2026-10-01T01:24:44.813+0100][class,load] kotlin.text.StringsKt__StringsKt source: file:/C:/Users/TONYS/Documents/Codex/2026-09-29/https-github-com-jay3-yy-bilipai/work/toolchain/gradle-home/caches/modules-2/files-2.1/org.jetbrains.kotlin/kotlin-stdlib/2.4.10/8943c84ddc6d5cc00a10dbc3736c397066eeaab5/kotlin-stdlib-2.4.10.jar
[2026-10-01T01:24:44.813+0100][class,load] kotlin.text.StringsKt___StringsJvmKt source: file:/C:/Users/TONYS/Documents/Codex/2026-09-29/https-github-com-jay3-yy-bilipai/work/toolchain/gradle-home/caches/modules-2/files-2.1/org.jetbrains.kotlin/kotlin-stdlib/2.4.10/8943c84ddc6d5cc00a10dbc3736c397066eeaab5/kotlin-stdlib-2.4.10.jar
[2026-10-01T01:24:44.813+0100][class,load] kotlin.text.StringsKt___StringsKt source: file:/C:/Users/TONYS/Documents/Codex/2026-09-29/https-github-com-jay3-yy-bilipai/work/toolchain/gradle-home/caches/modules-2/files-2.1/org.jetbrains.kotlin/kotlin-stdlib/2.4.10/8943c84ddc6d5cc00a10dbc3736c397066eeaab5/kotlin-stdlib-2.4.10.jar
[2026-10-01T01:24:44.813+0100][class,load] kotlin.text.StringsKt source: file:/C:/Users/TONYS/Documents/Codex/2026-09-29/https-github-com-jay3-yy-bilipai/work/toolchain/gradle-home/caches/modules-2/files-2.1/org.jetbrains.kotlin/kotlin-stdlib/2.4.10/8943c84ddc6d5cc00a10dbc3736c397066eeaab5/kotlin-stdlib-2.4.10.jar
[2026-10-01T01:24:44.813+0100][class,load] java.lang.NumberFormatException source: jrt:/java.base
[2026-10-01T01:24:44.814+0100][class,load] kotlinx.serialization.json.internal.JsonNamesMapKt source: file:/C:/Users/TONYS/Documents/Codex/2026-09-29/https-github-com-jay3-yy-bilipai/work/toolchain/gradle-home/caches/modules-2/files-2.1/org.jetbrains.kotlinx/kotlinx-serialization-json-jvm/1.11.0/e7e045e99e56f07599bb9ccb708c2190e2af0606/kotlinx-serialization-json-jvm-1.11.0.jar
[2026-10-01T01:24:44.814+0100][class,load] kotlinx.serialization.json.internal.DescriptorSchemaCache$Key source: file:/C:/Users/TONYS/Documents/Codex/2026-09-29/https-github-com-jay3-yy-bilipai/work/toolchain/gradle-home/caches/modules-2/files-2.1/org.jetbrains.kotlinx/kotlinx-serialization-json-jvm/1.11.0/e7e045e99e56f07599bb9ccb708c2190e2af0606/kotlinx-serialization-json-jvm-1.11.0.jar
[2026-10-01T01:24:44.815+0100][class,load] kotlinx.serialization.internal.StringSerializer source: file:/C:/Users/TONYS/Documents/Codex/2026-09-29/https-github-com-jay3-yy-bilipai/work/toolchain/gradle-home/caches/modules-2/files-2.1/org.jetbrains.kotlinx/kotlinx-serialization-core-jvm/1.11.0/c1905c9bf7452b045d5af9248835abe64ddad6bf/kotlinx-serialization-core-jvm-1.11.0.jar
[2026-10-01T01:24:44.815+0100][class,load] kotlinx.serialization.internal.PrimitiveSerialDescriptor source: file:/C:/Users/TONYS/Documents/Codex/2026-09-29/https-github-com-jay3-yy-bilipai/work/toolchain/gradle-home/caches/modules-2/files-2.1/org.jetbrains.kotlinx/kotlinx-serialization-core-jvm/1.11.0/c1905c9bf7452b045d5af9248835abe64ddad6bf/kotlinx-serialization-core-jvm-1.11.0.jar
[2026-10-01T01:24:44.815+0100][class,load] kotlinx.serialization.descriptors.PrimitiveKind source: file:/C:/Users/TONYS/Documents/Codex/2026-09-29/https-github-com-jay3-yy-bilipai/work/toolchain/gradle-home/caches/modules-2/files-2.1/org.jetbrains.kotlinx/kotlinx-serialization-core-jvm/1.11.0/c1905c9bf7452b045d5af9248835abe64ddad6bf/kotlinx-serialization-core-jvm-1.11.0.jar
[2026-10-01T01:24:44.815+0100][class,load] kotlinx.serialization.descriptors.PrimitiveKind$STRING source: file:/C:/Users/TONYS/Documents/Codex/2026-09-29/https-github-com-jay3-yy-bilipai/work/toolchain/gradle-home/caches/modules-2/files-2.1/org.jetbrains.kotlinx/kotlinx-serialization-core-jvm/1.11.0/c1905c9bf7452b045d5af9248835abe64ddad6bf/kotlinx-serialization-core-jvm-1.11.0.jar
[2026-10-01T01:24:44.816+0100][class,load] com.android.purebilibili.data.model.response.FlexibleStringSerializer source: file:/C:/Users/TONYS/Documents/Codex/2026-09-29/https-github-com-jay3-yy-bilipai/work/BiliPai/desktop/.local/dynamic-detail-reply-main-integration/main-product-snapshot-01/main-kotlin.jar
[2026-10-01T01:24:44.816+0100][class,load] kotlinx.serialization.descriptors.SerialDescriptorsKt source: file:/C:/Users/TONYS/Documents/Codex/2026-09-29/https-github-com-jay3-yy-bilipai/work/toolchain/gradle-home/caches/modules-2/files-2.1/org.jetbrains.kotlinx/kotlinx-serialization-core-jvm/1.11.0/c1905c9bf7452b045d5af9248835abe64ddad6bf/kotlinx-serialization-core-jvm-1.11.0.jar
[2026-10-01T01:24:44.817+0100][class,load] kotlin.text.CharsKt__CharJVMKt source: file:/C:/Users/TONYS/Documents/Codex/2026-09-29/https-github-com-jay3-yy-bilipai/work/toolchain/gradle-home/caches/modules-2/files-2.1/org.jetbrains.kotlin/kotlin-stdlib/2.4.10/8943c84ddc6d5cc00a10dbc3736c397066eeaab5/kotlin-stdlib-2.4.10.jar
[2026-10-01T01:24:44.817+0100][class,load] kotlin.text.CharsKt__CharKt source: file:/C:/Users/TONYS/Documents/Codex/2026-09-29/https-github-com-jay3-yy-bilipai/work/toolchain/gradle-home/caches/modules-2/files-2.1/org.jetbrains.kotlin/kotlin-stdlib/2.4.10/8943c84ddc6d5cc00a10dbc3736c397066eeaab5/kotlin-stdlib-2.4.10.jar
[2026-10-01T01:24:44.817+0100][class,load] kotlin.text.CharsKt source: file:/C:/Users/TONYS/Documents/Codex/2026-09-29/https-github-com-jay3-yy-bilipai/work/toolchain/gradle-home/caches/modules-2/files-2.1/org.jetbrains.kotlin/kotlin-stdlib/2.4.10/8943c84ddc6d5cc00a10dbc3736c397066eeaab5/kotlin-stdlib-2.4.10.jar
[2026-10-01T01:24:44.817+0100][class,load] kotlinx.serialization.internal.PrimitivesKt source: file:/C:/Users/TONYS/Documents/Codex/2026-09-29/https-github-com-jay3-yy-bilipai/work/toolchain/gradle-home/caches/modules-2/files-2.1/org.jetbrains.kotlinx/kotlinx-serialization-core-jvm/1.11.0/c1905c9bf7452b045d5af9248835abe64ddad6bf/kotlinx-serialization-core-jvm-1.11.0.jar
[2026-10-01T01:24:44.817+0100][class,load] kotlin.jvm.internal.markers.KMutableMap source: file:/C:/Users/TONYS/Documents/Codex/2026-09-29/https-github-com-jay3-yy-bilipai/work/toolchain/gradle-home/caches/modules-2/files-2.1/org.jetbrains.kotlin/kotlin-stdlib/2.4.10/8943c84ddc6d5cc00a10dbc3736c397066eeaab5/kotlin-stdlib-2.4.10.jar
[2026-10-01T01:24:44.818+0100][class,load] kotlin.collections.builders.MapBuilder source: file:/C:/Users/TONYS/Documents/Codex/2026-09-29/https-github-com-jay3-yy-bilipai/work/toolchain/gradle-home/caches/modules-2/files-2.1/org.jetbrains.kotlin/kotlin-stdlib/2.4.10/8943c84ddc6d5cc00a10dbc3736c397066eeaab5/kotlin-stdlib-2.4.10.jar
[2026-10-01T01:24:44.818+0100][class,load] java.io.NotSerializableException source: jrt:/java.base
[2026-10-01T01:24:44.818+0100][class,load] kotlin.collections.builders.MapBuilder$Companion source: file:/C:/Users/TONYS/Documents/Codex/2026-09-29/https-github-com-jay3-yy-bilipai/work/toolchain/gradle-home/caches/modules-2/files-2.1/org.jetbrains.kotlin/kotlin-stdlib/2.4.10/8943c84ddc6d5cc00a10dbc3736c397066eeaab5/kotlin-stdlib-2.4.10.jar
[2026-10-01T01:24:44.818+0100][class,load] kotlin.collections.builders.ListBuilderKt source: file:/C:/Users/TONYS/Documents/Codex/2026-09-29/https-github-com-jay3-yy-bilipai/work/toolchain/gradle-home/caches/modules-2/files-2.1/org.jetbrains.kotlin/kotlin-stdlib/2.4.10/8943c84ddc6d5cc00a10dbc3736c397066eeaab5/kotlin-stdlib-2.4.10.jar
[2026-10-01T01:24:44.819+0100][class,load] kotlin.ranges.RangesKt__RangesKt source: file:/C:/Users/TONYS/Documents/Codex/2026-09-29/https-github-com-jay3-yy-bilipai/work/toolchain/gradle-home/caches/modules-2/files-2.1/org.jetbrains.kotlin/kotlin-stdlib/2.4.10/8943c84ddc6d5cc00a10dbc3736c397066eeaab5/kotlin-stdlib-2.4.10.jar
[2026-10-01T01:24:44.819+0100][class,load] kotlin.ranges.RangesKt___RangesKt source: file:/C:/Users/TONYS/Documents/Codex/2026-09-29/https-github-com-jay3-yy-bilipai/work/toolchain/gradle-home/caches/modules-2/files-2.1/org.jetbrains.kotlin/kotlin-stdlib/2.4.10/8943c84ddc6d5cc00a10dbc3736c397066eeaab5/kotlin-stdlib-2.4.10.jar
[2026-10-01T01:24:44.819+0100][class,load] kotlin.ranges.RangesKt source: file:/C:/Users/TONYS/Documents/Codex/2026-09-29/https-github-com-jay3-yy-bilipai/work/toolchain/gradle-home/caches/modules-2/files-2.1/org.jetbrains.kotlin/kotlin-stdlib/2.4.10/8943c84ddc6d5cc00a10dbc3736c397066eeaab5/kotlin-stdlib-2.4.10.jar
[2026-10-01T01:24:44.820+0100][class,load] kotlin.jvm.internal.StringCompanionObject source: file:/C:/Users/TONYS/Documents/Codex/2026-09-29/https-github-com-jay3-yy-bilipai/work/toolchain/gradle-home/caches/modules-2/files-2.1/org.jetbrains.kotlin/kotlin-stdlib/2.4.10/8943c84ddc6d5cc00a10dbc3736c397066eeaab5/kotlin-stdlib-2.4.10.jar
[2026-10-01T01:24:44.820+0100][class,load] kotlinx.serialization.builtins.BuiltinSerializersKt source: file:/C:/Users/TONYS/Documents/Codex/2026-09-29/https-github-com-jay3-yy-bilipai/work/toolchain/gradle-home/caches/modules-2/files-2.1/org.jetbrains.kotlinx/kotlinx-serialization-core-jvm/1.11.0/c1905c9bf7452b045d5af9248835abe64ddad6bf/kotlinx-serialization-core-jvm-1.11.0.jar
[2026-10-01T01:24:44.820+0100][class,load] kotlin.jvm.internal.CharCompanionObject source: file:/C:/Users/TONYS/Documents/Codex/2026-09-29/https-github-com-jay3-yy-bilipai/work/toolchain/gradle-home/caches/modules-2/files-2.1/org.jetbrains.kotlin/kotlin-stdlib/2.4.10/8943c84ddc6d5cc00a10dbc3736c397066eeaab5/kotlin-stdlib-2.4.10.jar
[2026-10-01T01:24:44.821+0100][class,load] kotlinx.serialization.internal.CharSerializer source: file:/C:/Users/TONYS/Documents/Codex/2026-09-29/https-github-com-jay3-yy-bilipai/work/toolchain/gradle-home/caches/modules-2/files-2.1/org.jetbrains.kotlinx/kotlinx-serialization-core-jvm/1.11.0/c1905c9bf7452b045d5af9248835abe64ddad6bf/kotlinx-serialization-core-jvm-1.11.0.jar
[2026-10-01T01:24:44.821+0100][class,load] kotlinx.serialization.descriptors.PrimitiveKind$CHAR source: file:/C:/Users/TONYS/Documents/Codex/2026-09-29/https-github-com-jay3-yy-bilipai/work/toolchain/gradle-home/caches/modules-2/files-2.1/org.jetbrains.kotlinx/kotlinx-serialization-core-jvm/1.11.0/c1905c9bf7452b045d5af9248835abe64ddad6bf/kotlinx-serialization-core-jvm-1.11.0.jar
[2026-10-01T01:24:44.822+0100][class,load] kotlinx.serialization.internal.AbstractCollectionSerializer source: file:/C:/Users/TONYS/Documents/Codex/2026-09-29/https-github-com-jay3-yy-bilipai/work/toolchain/gradle-home/caches/modules-2/files-2.1/org.jetbrains.kotlinx/kotlinx-serialization-core-jvm/1.11.0/c1905c9bf7452b045d5af9248835abe64ddad6bf/kotlinx-serialization-core-jvm-1.11.0.jar
[2026-10-01T01:24:44.822+0100][class,load] kotlinx.serialization.internal.CollectionLikeSerializer source: file:/C:/Users/TONYS/Documents/Codex/2026-09-29/https-github-com-jay3-yy-bilipai/work/toolchain/gradle-home/caches/modules-2/files-2.1/org.jetbrains.kotlinx/kotlinx-serialization-core-jvm/1.11.0/c1905c9bf7452b045d5af9248835abe64ddad6bf/kotlinx-serialization-core-jvm-1.11.0.jar
[2026-10-01T01:24:44.822+0100][class,load] kotlinx.serialization.internal.PrimitiveArraySerializer source: file:/C:/Users/TONYS/Documents/Codex/2026-09-29/https-github-com-jay3-yy-bilipai/work/toolchain/gradle-home/caches/modules-2/files-2.1/org.jetbrains.kotlinx/kotlinx-serialization-core-jvm/1.11.0/c1905c9bf7452b045d5af9248835abe64ddad6bf/kotlinx-serialization-core-jvm-1.11.0.jar
[2026-10-01T01:24:44.822+0100][class,load] kotlinx.serialization.internal.CharArraySerializer source: file:/C:/Users/TONYS/Documents/Codex/2026-09-29/https-github-com-jay3-yy-bilipai/work/toolchain/gradle-home/caches/modules-2/files-2.1/org.jetbrains.kotlinx/kotlinx-serialization-core-jvm/1.11.0/c1905c9bf7452b045d5af9248835abe64ddad6bf/kotlinx-serialization-core-jvm-1.11.0.jar
[2026-10-01T01:24:44.823+0100][class,load] kotlinx.serialization.internal.ListLikeDescriptor source: file:/C:/Users/TONYS/Documents/Codex/2026-09-29/https-github-com-jay3-yy-bilipai/work/toolchain/gradle-home/caches/modules-2/files-2.1/org.jetbrains.kotlinx/kotlinx-serialization-core-jvm/1.11.0/c1905c9bf7452b045d5af9248835abe64ddad6bf/kotlinx-serialization-core-jvm-1.11.0.jar
[2026-10-01T01:24:44.823+0100][class,load] kotlinx.serialization.internal.PrimitiveArrayDescriptor source: file:/C:/Users/TONYS/Documents/Codex/2026-09-29/https-github-com-jay3-yy-bilipai/work/toolchain/gradle-home/caches/modules-2/files-2.1/org.jetbrains.kotlinx/kotlinx-serialization-core-jvm/1.11.0/c1905c9bf7452b045d5af9248835abe64ddad6bf/kotlinx-serialization-core-jvm-1.11.0.jar
[2026-10-01T01:24:44.823+0100][class,load] kotlin.jvm.internal.DoubleCompanionObject source: file:/C:/Users/TONYS/Documents/Codex/2026-09-29/https-github-com-jay3-yy-bilipai/work/toolchain/gradle-home/caches/modules-2/files-2.1/org.jetbrains.kotlin/kotlin-stdlib/2.4.10/8943c84ddc6d5cc00a10dbc3736c397066eeaab5/kotlin-stdlib-2.4.10.jar
[2026-10-01T01:24:44.824+0100][class,load] kotlinx.serialization.internal.DoubleSerializer source: file:/C:/Users/TONYS/Documents/Codex/2026-09-29/https-github-com-jay3-yy-bilipai/work/toolchain/gradle-home/caches/modules-2/files-2.1/org.jetbrains.kotlinx/kotlinx-serialization-core-jvm/1.11.0/c1905c9bf7452b045d5af9248835abe64ddad6bf/kotlinx-serialization-core-jvm-1.11.0.jar
[2026-10-01T01:24:44.824+0100][class,load] kotlinx.serialization.descriptors.PrimitiveKind$DOUBLE source: file:/C:/Users/TONYS/Documents/Codex/2026-09-29/https-github-com-jay3-yy-bilipai/work/toolchain/gradle-home/caches/modules-2/files-2.1/org.jetbrains.kotlinx/kotlinx-serialization-core-jvm/1.11.0/c1905c9bf7452b045d5af9248835abe64ddad6bf/kotlinx-serialization-core-jvm-1.11.0.jar
[2026-10-01T01:24:44.824+0100][class,load] kotlinx.serialization.internal.DoubleArraySerializer source: file:/C:/Users/TONYS/Documents/Codex/2026-09-29/https-github-com-jay3-yy-bilipai/work/toolchain/gradle-home/caches/modules-2/files-2.1/org.jetbrains.kotlinx/kotlinx-serialization-core-jvm/1.11.0/c1905c9bf7452b045d5af9248835abe64ddad6bf/kotlinx-serialization-core-jvm-1.11.0.jar
[2026-10-01T01:24:44.824+0100][class,load] kotlin.jvm.internal.FloatCompanionObject source: file:/C:/Users/TONYS/Documents/Codex/2026-09-29/https-github-com-jay3-yy-bilipai/work/toolchain/gradle-home/caches/modules-2/files-2.1/org.jetbrains.kotlin/kotlin-stdlib/2.4.10/8943c84ddc6d5cc00a10dbc3736c397066eeaab5/kotlin-stdlib-2.4.10.jar
[2026-10-01T01:24:44.824+0100][class,load] kotlinx.serialization.internal.FloatSerializer source: file:/C:/Users/TONYS/Documents/Codex/2026-09-29/https-github-com-jay3-yy-bilipai/work/toolchain/gradle-home/caches/modules-2/files-2.1/org.jetbrains.kotlinx/kotlinx-serialization-core-jvm/1.11.0/c1905c9bf7452b045d5af9248835abe64ddad6bf/kotlinx-serialization-core-jvm-1.11.0.jar
[2026-10-01T01:24:44.825+0100][class,load] kotlinx.serialization.descriptors.PrimitiveKind$FLOAT source: file:/C:/Users/TONYS/Documents/Codex/2026-09-29/https-github-com-jay3-yy-bilipai/work/toolchain/gradle-home/caches/modules-2/files-2.1/org.jetbrains.kotlinx/kotlinx-serialization-core-jvm/1.11.0/c1905c9bf7452b045d5af9248835abe64ddad6bf/kotlinx-serialization-core-jvm-1.11.0.jar
[2026-10-01T01:24:44.825+0100][class,load] kotlinx.serialization.internal.FloatArraySerializer source: file:/C:/Users/TONYS/Documents/Codex/2026-09-29/https-github-com-jay3-yy-bilipai/work/toolchain/gradle-home/caches/modules-2/files-2.1/org.jetbrains.kotlinx/kotlinx-serialization-core-jvm/1.11.0/c1905c9bf7452b045d5af9248835abe64ddad6bf/kotlinx-serialization-core-jvm-1.11.0.jar
[2026-10-01T01:24:44.825+0100][class,load] kotlin.jvm.internal.LongCompanionObject source: file:/C:/Users/TONYS/Documents/Codex/2026-09-29/https-github-com-jay3-yy-bilipai/work/toolchain/gradle-home/caches/modules-2/files-2.1/org.jetbrains.kotlin/kotlin-stdlib/2.4.10/8943c84ddc6d5cc00a10dbc3736c397066eeaab5/kotlin-stdlib-2.4.10.jar
[2026-10-01T01:24:44.825+0100][class,load] kotlinx.serialization.internal.LongSerializer source: file:/C:/Users/TONYS/Documents/Codex/2026-09-29/https-github-com-jay3-yy-bilipai/work/toolchain/gradle-home/caches/modules-2/files-2.1/org.jetbrains.kotlinx/kotlinx-serialization-core-jvm/1.11.0/c1905c9bf7452b045d5af9248835abe64ddad6bf/kotlinx-serialization-core-jvm-1.11.0.jar
[2026-10-01T01:24:44.825+0100][class,load] kotlinx.serialization.descriptors.PrimitiveKind$LONG source: file:/C:/Users/TONYS/Documents/Codex/2026-09-29/https-github-com-jay3-yy-bilipai/work/toolchain/gradle-home/caches/modules-2/files-2.1/org.jetbrains.kotlinx/kotlinx-serialization-core-jvm/1.11.0/c1905c9bf7452b045d5af9248835abe64ddad6bf/kotlinx-serialization-core-jvm-1.11.0.jar
[2026-10-01T01:24:44.826+0100][class,load] kotlinx.serialization.internal.LongArraySerializer source: file:/C:/Users/TONYS/Documents/Codex/2026-09-29/https-github-com-jay3-yy-bilipai/work/toolchain/gradle-home/caches/modules-2/files-2.1/org.jetbrains.kotlinx/kotlinx-serialization-core-jvm/1.11.0/c1905c9bf7452b045d5af9248835abe64ddad6bf/kotlinx-serialization-core-jvm-1.11.0.jar
[2026-10-01T01:24:44.826+0100][class,load] kotlin.ULong source: file:/C:/Users/TONYS/Documents/Codex/2026-09-29/https-github-com-jay3-yy-bilipai/work/toolchain/gradle-home/caches/modules-2/files-2.1/org.jetbrains.kotlin/kotlin-stdlib/2.4.10/8943c84ddc6d5cc00a10dbc3736c397066eeaab5/kotlin-stdlib-2.4.10.jar
[2026-10-01T01:24:44.826+0100][class,load] kotlin.ULong$Companion source: file:/C:/Users/TONYS/Documents/Codex/2026-09-29/https-github-com-jay3-yy-bilipai/work/toolchain/gradle-home/caches/modules-2/files-2.1/org.jetbrains.kotlin/kotlin-stdlib/2.4.10/8943c84ddc6d5cc00a10dbc3736c397066eeaab5/kotlin-stdlib-2.4.10.jar
[2026-10-01T01:24:44.827+0100][class,load] kotlinx.serialization.internal.ULongSerializer source: file:/C:/Users/TONYS/Documents/Codex/2026-09-29/https-github-com-jay3-yy-bilipai/work/toolchain/gradle-home/caches/modules-2/files-2.1/org.jetbrains.kotlinx/kotlinx-serialization-core-jvm/1.11.0/c1905c9bf7452b045d5af9248835abe64ddad6bf/kotlinx-serialization-core-jvm-1.11.0.jar
[2026-10-01T01:24:44.827+0100][class,load] kotlinx.serialization.internal.InlineClassDescriptorKt source: file:/C:/Users/TONYS/Documents/Codex/2026-09-29/https-github-com-jay3-yy-bilipai/work/toolchain/gradle-home/caches/modules-2/files-2.1/org.jetbrains.kotlinx/kotlinx-serialization-core-jvm/1.11.0/c1905c9bf7452b045d5af9248835abe64ddad6bf/kotlinx-serialization-core-jvm-1.11.0.jar
[2026-10-01T01:24:44.827+0100][class,load] kotlinx.serialization.internal.InlineClassDescriptor source: file:/C:/Users/TONYS/Documents/Codex/2026-09-29/https-github-com-jay3-yy-bilipai/work/toolchain/gradle-home/caches/modules-2/files-2.1/org.jetbrains.kotlinx/kotlinx-serialization-core-jvm/1.11.0/c1905c9bf7452b045d5af9248835abe64ddad6bf/kotlinx-serialization-core-jvm-1.11.0.jar
[2026-10-01T01:24:44.827+0100][class,load] kotlinx.serialization.internal.InlineClassDescriptorKt$InlinePrimitiveDescriptor$1 source: file:/C:/Users/TONYS/Documents/Codex/2026-09-29/https-github-com-jay3-yy-bilipai/work/toolchain/gradle-home/caches/modules-2/files-2.1/org.jetbrains.kotlinx/kotlinx-serialization-core-jvm/1.11.0/c1905c9bf7452b045d5af9248835abe64ddad6bf/kotlinx-serialization-core-jvm-1.11.0.jar
[2026-10-01T01:24:44.828+0100][class,load] kotlin.jvm.internal.IntCompanionObject source: file:/C:/Users/TONYS/Documents/Codex/2026-09-29/https-github-com-jay3-yy-bilipai/work/toolchain/gradle-home/caches/modules-2/files-2.1/org.jetbrains.kotlin/kotlin-stdlib/2.4.10/8943c84ddc6d5cc00a10dbc3736c397066eeaab5/kotlin-stdlib-2.4.10.jar
[2026-10-01T01:24:44.828+0100][class,load] kotlinx.serialization.internal.IntSerializer source: file:/C:/Users/TONYS/Documents/Codex/2026-09-29/https-github-com-jay3-yy-bilipai/work/toolchain/gradle-home/caches/modules-2/files-2.1/org.jetbrains.kotlinx/kotlinx-serialization-core-jvm/1.11.0/c1905c9bf7452b045d5af9248835abe64ddad6bf/kotlinx-serialization-core-jvm-1.11.0.jar
[2026-10-01T01:24:44.828+0100][class,load] kotlinx.serialization.descriptors.PrimitiveKind$INT source: file:/C:/Users/TONYS/Documents/Codex/2026-09-29/https-github-com-jay3-yy-bilipai/work/toolchain/gradle-home/caches/modules-2/files-2.1/org.jetbrains.kotlinx/kotlinx-serialization-core-jvm/1.11.0/c1905c9bf7452b045d5af9248835abe64ddad6bf/kotlinx-serialization-core-jvm-1.11.0.jar
[2026-10-01T01:24:44.828+0100][class,load] kotlinx.serialization.internal.IntArraySerializer source: file:/C:/Users/TONYS/Documents/Codex/2026-09-29/https-github-com-jay3-yy-bilipai/work/toolchain/gradle-home/caches/modules-2/files-2.1/org.jetbrains.kotlinx/kotlinx-serialization-core-jvm/1.11.0/c1905c9bf7452b045d5af9248835abe64ddad6bf/kotlinx-serialization-core-jvm-1.11.0.jar
[2026-10-01T01:24:44.828+0100][class,load] kotlin.UInt source: file:/C:/Users/TONYS/Documents/Codex/2026-09-29/https-github-com-jay3-yy-bilipai/work/toolchain/gradle-home/caches/modules-2/files-2.1/org.jetbrains.kotlin/kotlin-stdlib/2.4.10/8943c84ddc6d5cc00a10dbc3736c397066eeaab5/kotlin-stdlib-2.4.10.jar
[2026-10-01T01:24:44.829+0100][class,load] kotlin.UInt$Companion source: file:/C:/Users/TONYS/Documents/Codex/2026-09-29/https-github-com-jay3-yy-bilipai/work/toolchain/gradle-home/caches/modules-2/files-2.1/org.jetbrains.kotlin/kotlin-stdlib/2.4.10/8943c84ddc6d5cc00a10dbc3736c397066eeaab5/kotlin-stdlib-2.4.10.jar
[2026-10-01T01:24:44.829+0100][class,load] kotlinx.serialization.internal.UIntSerializer source: file:/C:/Users/TONYS/Documents/Codex/2026-09-29/https-github-com-jay3-yy-bilipai/work/toolchain/gradle-home/caches/modules-2/files-2.1/org.jetbrains.kotlinx/kotlinx-serialization-core-jvm/1.11.0/c1905c9bf7452b045d5af9248835abe64ddad6bf/kotlinx-serialization-core-jvm-1.11.0.jar
[2026-10-01T01:24:44.829+0100][class,load] kotlin.jvm.internal.ShortCompanionObject source: file:/C:/Users/TONYS/Documents/Codex/2026-09-29/https-github-com-jay3-yy-bilipai/work/toolchain/gradle-home/caches/modules-2/files-2.1/org.jetbrains.kotlin/kotlin-stdlib/2.4.10/8943c84ddc6d5cc00a10dbc3736c397066eeaab5/kotlin-stdlib-2.4.10.jar
[2026-10-01T01:24:44.830+0100][class,load] kotlinx.serialization.internal.ShortSerializer source: file:/C:/Users/TONYS/Documents/Codex/2026-09-29/https-github-com-jay3-yy-bilipai/work/toolchain/gradle-home/caches/modules-2/files-2.1/org.jetbrains.kotlinx/kotlinx-serialization-core-jvm/1.11.0/c1905c9bf7452b045d5af9248835abe64ddad6bf/kotlinx-serialization-core-jvm-1.11.0.jar
[2026-10-01T01:24:44.830+0100][class,load] kotlinx.serialization.descriptors.PrimitiveKind$SHORT source: file:/C:/Users/TONYS/Documents/Codex/2026-09-29/https-github-com-jay3-yy-bilipai/work/toolchain/gradle-home/caches/modules-2/files-2.1/org.jetbrains.kotlinx/kotlinx-serialization-core-jvm/1.11.0/c1905c9bf7452b045d5af9248835abe64ddad6bf/kotlinx-serialization-core-jvm-1.11.0.jar
[2026-10-01T01:24:44.830+0100][class,load] kotlinx.serialization.internal.ShortArraySerializer source: file:/C:/Users/TONYS/Documents/Codex/2026-09-29/https-github-com-jay3-yy-bilipai/work/toolchain/gradle-home/caches/modules-2/files-2.1/org.jetbrains.kotlinx/kotlinx-serialization-core-jvm/1.11.0/c1905c9bf7452b045d5af9248835abe64ddad6bf/kotlinx-serialization-core-jvm-1.11.0.jar
[2026-10-01T01:24:44.831+0100][class,load] kotlin.UShort source: file:/C:/Users/TONYS/Documents/Codex/2026-09-29/https-github-com-jay3-yy-bilipai/work/toolchain/gradle-home/caches/modules-2/files-2.1/org.jetbrains.kotlin/kotlin-stdlib/2.4.10/8943c84ddc6d5cc00a10dbc3736c397066eeaab5/kotlin-stdlib-2.4.10.jar
[2026-10-01T01:24:44.831+0100][class,load] kotlin.UShort$Companion source: file:/C:/Users/TONYS/Documents/Codex/2026-09-29/https-github-com-jay3-yy-bilipai/work/toolchain/gradle-home/caches/modules-2/files-2.1/org.jetbrains.kotlin/kotlin-stdlib/2.4.10/8943c84ddc6d5cc00a10dbc3736c397066eeaab5/kotlin-stdlib-2.4.10.jar
[2026-10-01T01:24:44.831+0100][class,load] kotlinx.serialization.internal.UShortSerializer source: file:/C:/Users/TONYS/Documents/Codex/2026-09-29/https-github-com-jay3-yy-bilipai/work/toolchain/gradle-home/caches/modules-2/files-2.1/org.jetbrains.kotlinx/kotlinx-serialization-core-jvm/1.11.0/c1905c9bf7452b045d5af9248835abe64ddad6bf/kotlinx-serialization-core-jvm-1.11.0.jar
[2026-10-01T01:24:44.831+0100][class,load] kotlin.jvm.internal.ByteCompanionObject source: file:/C:/Users/TONYS/Documents/Codex/2026-09-29/https-github-com-jay3-yy-bilipai/work/toolchain/gradle-home/caches/modules-2/files-2.1/org.jetbrains.kotlin/kotlin-stdlib/2.4.10/8943c84ddc6d5cc00a10dbc3736c397066eeaab5/kotlin-stdlib-2.4.10.jar
[2026-10-01T01:24:44.832+0100][class,load] kotlinx.serialization.internal.ByteSerializer source: file:/C:/Users/TONYS/Documents/Codex/2026-09-29/https-github-com-jay3-yy-bilipai/work/toolchain/gradle-home/caches/modules-2/files-2.1/org.jetbrains.kotlinx/kotlinx-serialization-core-jvm/1.11.0/c1905c9bf7452b045d5af9248835abe64ddad6bf/kotlinx-serialization-core-jvm-1.11.0.jar
[2026-10-01T01:24:44.832+0100][class,load] kotlinx.serialization.descriptors.PrimitiveKind$BYTE source: file:/C:/Users/TONYS/Documents/Codex/2026-09-29/https-github-com-jay3-yy-bilipai/work/toolchain/gradle-home/caches/modules-2/files-2.1/org.jetbrains.kotlinx/kotlinx-serialization-core-jvm/1.11.0/c1905c9bf7452b045d5af9248835abe64ddad6bf/kotlinx-serialization-core-jvm-1.11.0.jar
[2026-10-01T01:24:44.832+0100][class,load] kotlinx.serialization.internal.ByteArraySerializer source: file:/C:/Users/TONYS/Documents/Codex/2026-09-29/https-github-com-jay3-yy-bilipai/work/toolchain/gradle-home/caches/modules-2/files-2.1/org.jetbrains.kotlinx/kotlinx-serialization-core-jvm/1.11.0/c1905c9bf7452b045d5af9248835abe64ddad6bf/kotlinx-serialization-core-jvm-1.11.0.jar
[2026-10-01T01:24:44.833+0100][class,load] kotlin.UByte source: file:/C:/Users/TONYS/Documents/Codex/2026-09-29/https-github-com-jay3-yy-bilipai/work/toolchain/gradle-home/caches/modules-2/files-2.1/org.jetbrains.kotlin/kotlin-stdlib/2.4.10/8943c84ddc6d5cc00a10dbc3736c397066eeaab5/kotlin-stdlib-2.4.10.jar
[2026-10-01T01:24:44.833+0100][class,load] kotlin.UByte$Companion source: file:/C:/Users/TONYS/Documents/Codex/2026-09-29/https-github-com-jay3-yy-bilipai/work/toolchain/gradle-home/caches/modules-2/files-2.1/org.jetbrains.kotlin/kotlin-stdlib/2.4.10/8943c84ddc6d5cc00a10dbc3736c397066eeaab5/kotlin-stdlib-2.4.10.jar
[2026-10-01T01:24:44.833+0100][class,load] kotlinx.serialization.internal.UByteSerializer source: file:/C:/Users/TONYS/Documents/Codex/2026-09-29/https-github-com-jay3-yy-bilipai/work/toolchain/gradle-home/caches/modules-2/files-2.1/org.jetbrains.kotlinx/kotlinx-serialization-core-jvm/1.11.0/c1905c9bf7452b045d5af9248835abe64ddad6bf/kotlinx-serialization-core-jvm-1.11.0.jar
[2026-10-01T01:24:44.834+0100][class,load] kotlin.jvm.internal.BooleanCompanionObject source: file:/C:/Users/TONYS/Documents/Codex/2026-09-29/https-github-com-jay3-yy-bilipai/work/toolchain/gradle-home/caches/modules-2/files-2.1/org.jetbrains.kotlin/kotlin-stdlib/2.4.10/8943c84ddc6d5cc00a10dbc3736c397066eeaab5/kotlin-stdlib-2.4.10.jar
[2026-10-01T01:24:44.834+0100][class,load] kotlinx.serialization.internal.BooleanSerializer source: file:/C:/Users/TONYS/Documents/Codex/2026-09-29/https-github-com-jay3-yy-bilipai/work/toolchain/gradle-home/caches/modules-2/files-2.1/org.jetbrains.kotlinx/kotlinx-serialization-core-jvm/1.11.0/c1905c9bf7452b045d5af9248835abe64ddad6bf/kotlinx-serialization-core-jvm-1.11.0.jar
[2026-10-01T01:24:44.834+0100][class,load] kotlinx.serialization.descriptors.PrimitiveKind$BOOLEAN source: file:/C:/Users/TONYS/Documents/Codex/2026-09-29/https-github-com-jay3-yy-bilipai/work/toolchain/gradle-home/caches/modules-2/files-2.1/org.jetbrains.kotlinx/kotlinx-serialization-core-jvm/1.11.0/c1905c9bf7452b045d5af9248835abe64ddad6bf/kotlinx-serialization-core-jvm-1.11.0.jar
[2026-10-01T01:24:44.835+0100][class,load] kotlinx.serialization.internal.BooleanArraySerializer source: file:/C:/Users/TONYS/Documents/Codex/2026-09-29/https-github-com-jay3-yy-bilipai/work/toolchain/gradle-home/caches/modules-2/files-2.1/org.jetbrains.kotlinx/kotlinx-serialization-core-jvm/1.11.0/c1905c9bf7452b045d5af9248835abe64ddad6bf/kotlinx-serialization-core-jvm-1.11.0.jar
[2026-10-01T01:24:44.835+0100][class,load] kotlinx.serialization.internal.UnitSerializer source: file:/C:/Users/TONYS/Documents/Codex/2026-09-29/https-github-com-jay3-yy-bilipai/work/toolchain/gradle-home/caches/modules-2/files-2.1/org.jetbrains.kotlinx/kotlinx-serialization-core-jvm/1.11.0/c1905c9bf7452b045d5af9248835abe64ddad6bf/kotlinx-serialization-core-jvm-1.11.0.jar
[2026-10-01T01:24:44.835+0100][class,load] kotlinx.serialization.internal.ObjectSerializer source: file:/C:/Users/TONYS/Documents/Codex/2026-09-29/https-github-com-jay3-yy-bilipai/work/toolchain/gradle-home/caches/modules-2/files-2.1/org.jetbrains.kotlinx/kotlinx-serialization-core-jvm/1.11.0/c1905c9bf7452b045d5af9248835abe64ddad6bf/kotlinx-serialization-core-jvm-1.11.0.jar
[2026-10-01T01:24:44.836+0100][class,load] kotlin.collections.EmptyList source: file:/C:/Users/TONYS/Documents/Codex/2026-09-29/https-github-com-jay3-yy-bilipai/work/toolchain/gradle-home/caches/modules-2/files-2.1/org.jetbrains.kotlin/kotlin-stdlib/2.4.10/8943c84ddc6d5cc00a10dbc3736c397066eeaab5/kotlin-stdlib-2.4.10.jar
[2026-10-01T01:24:44.836+0100][class,load] kotlinx.serialization.internal.ObjectSerializer$$Lambda/0x000000eb01029368 source: kotlinx.serialization.internal.ObjectSerializer
[2026-10-01T01:24:44.836+0100][class,load] kotlinx.serialization.internal.NothingSerializer source: file:/C:/Users/TONYS/Documents/Codex/2026-09-29/https-github-com-jay3-yy-bilipai/work/toolchain/gradle-home/caches/modules-2/files-2.1/org.jetbrains.kotlinx/kotlinx-serialization-core-jvm/1.11.0/c1905c9bf7452b045d5af9248835abe64ddad6bf/kotlinx-serialization-core-jvm-1.11.0.jar
[2026-10-01T01:24:44.838+0100][class,load] kotlinx.serialization.internal.NothingSerialDescriptor source: file:/C:/Users/TONYS/Documents/Codex/2026-09-29/https-github-com-jay3-yy-bilipai/work/toolchain/gradle-home/caches/modules-2/files-2.1/org.jetbrains.kotlinx/kotlinx-serialization-core-jvm/1.11.0/c1905c9bf7452b045d5af9248835abe64ddad6bf/kotlinx-serialization-core-jvm-1.11.0.jar
[2026-10-01T01:24:44.838+0100][class,load] kotlinx.serialization.descriptors.StructureKind$OBJECT source: file:/C:/Users/TONYS/Documents/Codex/2026-09-29/https-github-com-jay3-yy-bilipai/work/toolchain/gradle-home/caches/modules-2/files-2.1/org.jetbrains.kotlinx/kotlinx-serialization-core-jvm/1.11.0/c1905c9bf7452b045d5af9248835abe64ddad6bf/kotlinx-serialization-core-jvm-1.11.0.jar
[2026-10-01T01:24:44.838+0100][class,load] kotlin.time.Duration source: file:/C:/Users/TONYS/Documents/Codex/2026-09-29/https-github-com-jay3-yy-bilipai/work/toolchain/gradle-home/caches/modules-2/files-2.1/org.jetbrains.kotlin/kotlin-stdlib/2.4.10/8943c84ddc6d5cc00a10dbc3736c397066eeaab5/kotlin-stdlib-2.4.10.jar
[2026-10-01T01:24:44.839+0100][class,load] kotlin.time.Duration$Companion source: file:/C:/Users/TONYS/Documents/Codex/2026-09-29/https-github-com-jay3-yy-bilipai/work/toolchain/gradle-home/caches/modules-2/files-2.1/org.jetbrains.kotlin/kotlin-stdlib/2.4.10/8943c84ddc6d5cc00a10dbc3736c397066eeaab5/kotlin-stdlib-2.4.10.jar
[2026-10-01T01:24:44.840+0100][class,load] kotlin.time.DurationKt source: file:/C:/Users/TONYS/Documents/Codex/2026-09-29/https-github-com-jay3-yy-bilipai/work/toolchain/gradle-home/caches/modules-2/files-2.1/org.jetbrains.kotlin/kotlin-stdlib/2.4.10/8943c84ddc6d5cc00a10dbc3736c397066eeaab5/kotlin-stdlib-2.4.10.jar
[2026-10-01T01:24:44.840+0100][class,load] kotlin.time.DurationJvmKt source: file:/C:/Users/TONYS/Documents/Codex/2026-09-29/https-github-com-jay3-yy-bilipai/work/toolchain/gradle-home/caches/modules-2/files-2.1/org.jetbrains.kotlin/kotlin-stdlib/2.4.10/8943c84ddc6d5cc00a10dbc3736c397066eeaab5/kotlin-stdlib-2.4.10.jar
[2026-10-01T01:24:44.840+0100][class,load] kotlinx.serialization.internal.DurationSerializer source: file:/C:/Users/TONYS/Documents/Codex/2026-09-29/https-github-com-jay3-yy-bilipai/work/toolchain/gradle-home/caches/modules-2/files-2.1/org.jetbrains.kotlinx/kotlinx-serialization-core-jvm/1.11.0/c1905c9bf7452b045d5af9248835abe64ddad6bf/kotlinx-serialization-core-jvm-1.11.0.jar
[2026-10-01T01:24:44.841+0100][class,load] kotlin.ULongArray source: file:/C:/Users/TONYS/Documents/Codex/2026-09-29/https-github-com-jay3-yy-bilipai/work/toolchain/gradle-home/caches/modules-2/files-2.1/org.jetbrains.kotlin/kotlin-stdlib/2.4.10/8943c84ddc6d5cc00a10dbc3736c397066eeaab5/kotlin-stdlib-2.4.10.jar
[2026-10-01T01:24:44.841+0100][class,load] kotlinx.serialization.internal.ULongArraySerializer source: file:/C:/Users/TONYS/Documents/Codex/2026-09-29/https-github-com-jay3-yy-bilipai/work/toolchain/gradle-home/caches/modules-2/files-2.1/org.jetbrains.kotlinx/kotlinx-serialization-core-jvm/1.11.0/c1905c9bf7452b045d5af9248835abe64ddad6bf/kotlinx-serialization-core-jvm-1.11.0.jar
[2026-10-01T01:24:44.842+0100][class,load] kotlin.UIntArray source: file:/C:/Users/TONYS/Documents/Codex/2026-09-29/https-github-com-jay3-yy-bilipai/work/toolchain/gradle-home/caches/modules-2/files-2.1/org.jetbrains.kotlin/kotlin-stdlib/2.4.10/8943c84ddc6d5cc00a10dbc3736c397066eeaab5/kotlin-stdlib-2.4.10.jar
[2026-10-01T01:24:44.842+0100][class,load] kotlinx.serialization.internal.UIntArraySerializer source: file:/C:/Users/TONYS/Documents/Codex/2026-09-29/https-github-com-jay3-yy-bilipai/work/toolchain/gradle-home/caches/modules-2/files-2.1/org.jetbrains.kotlinx/kotlinx-serialization-core-jvm/1.11.0/c1905c9bf7452b045d5af9248835abe64ddad6bf/kotlinx-serialization-core-jvm-1.11.0.jar
[2026-10-01T01:24:44.842+0100][class,load] kotlin.UShortArray source: file:/C:/Users/TONYS/Documents/Codex/2026-09-29/https-github-com-jay3-yy-bilipai/work/toolchain/gradle-home/caches/modules-2/files-2.1/org.jetbrains.kotlin/kotlin-stdlib/2.4.10/8943c84ddc6d5cc00a10dbc3736c397066eeaab5/kotlin-stdlib-2.4.10.jar
[2026-10-01T01:24:44.842+0100][class,load] kotlinx.serialization.internal.UShortArraySerializer source: file:/C:/Users/TONYS/Documents/Codex/2026-09-29/https-github-com-jay3-yy-bilipai/work/toolchain/gradle-home/caches/modules-2/files-2.1/org.jetbrains.kotlinx/kotlinx-serialization-core-jvm/1.11.0/c1905c9bf7452b045d5af9248835abe64ddad6bf/kotlinx-serialization-core-jvm-1.11.0.jar
[2026-10-01T01:24:44.842+0100][class,load] kotlin.UByteArray source: file:/C:/Users/TONYS/Documents/Codex/2026-09-29/https-github-com-jay3-yy-bilipai/work/toolchain/gradle-home/caches/modules-2/files-2.1/org.jetbrains.kotlin/kotlin-stdlib/2.4.10/8943c84ddc6d5cc00a10dbc3736c397066eeaab5/kotlin-stdlib-2.4.10.jar
[2026-10-01T01:24:44.843+0100][class,load] kotlinx.serialization.internal.UByteArraySerializer source: file:/C:/Users/TONYS/Documents/Codex/2026-09-29/https-github-com-jay3-yy-bilipai/work/toolchain/gradle-home/caches/modules-2/files-2.1/org.jetbrains.kotlinx/kotlinx-serialization-core-jvm/1.11.0/c1905c9bf7452b045d5af9248835abe64ddad6bf/kotlinx-serialization-core-jvm-1.11.0.jar
[2026-10-01T01:24:44.843+0100][class,load] kotlin.uuid.Uuid source: file:/C:/Users/TONYS/Documents/Codex/2026-09-29/https-github-com-jay3-yy-bilipai/work/toolchain/gradle-home/caches/modules-2/files-2.1/org.jetbrains.kotlin/kotlin-stdlib/2.4.10/8943c84ddc6d5cc00a10dbc3736c397066eeaab5/kotlin-stdlib-2.4.10.jar
[2026-10-01T01:24:44.843+0100][class,load] kotlin.uuid.Uuid$Companion source: file:/C:/Users/TONYS/Documents/Codex/2026-09-29/https-github-com-jay3-yy-bilipai/work/toolchain/gradle-home/caches/modules-2/files-2.1/org.jetbrains.kotlin/kotlin-stdlib/2.4.10/8943c84ddc6d5cc00a10dbc3736c397066eeaab5/kotlin-stdlib-2.4.10.jar
[2026-10-01T01:24:44.844+0100][class,load] kotlinx.serialization.internal.UuidSerializer source: file:/C:/Users/TONYS/Documents/Codex/2026-09-29/https-github-com-jay3-yy-bilipai/work/toolchain/gradle-home/caches/modules-2/files-2.1/org.jetbrains.kotlinx/kotlinx-serialization-core-jvm/1.11.0/c1905c9bf7452b045d5af9248835abe64ddad6bf/kotlinx-serialization-core-jvm-1.11.0.jar
[2026-10-01T01:24:44.844+0100][class,load] kotlin.time.Instant source: file:/C:/Users/TONYS/Documents/Codex/2026-09-29/https-github-com-jay3-yy-bilipai/work/toolchain/gradle-home/caches/modules-2/files-2.1/org.jetbrains.kotlin/kotlin-stdlib/2.4.10/8943c84ddc6d5cc00a10dbc3736c397066eeaab5/kotlin-stdlib-2.4.10.jar
[2026-10-01T01:24:44.844+0100][class,load] kotlin.time.Instant$Companion source: file:/C:/Users/TONYS/Documents/Codex/2026-09-29/https-github-com-jay3-yy-bilipai/work/toolchain/gradle-home/caches/modules-2/files-2.1/org.jetbrains.kotlin/kotlin-stdlib/2.4.10/8943c84ddc6d5cc00a10dbc3736c397066eeaab5/kotlin-stdlib-2.4.10.jar
[2026-10-01T01:24:44.844+0100][class,load] kotlinx.serialization.internal.InstantSerializer source: file:/C:/Users/TONYS/Documents/Codex/2026-09-29/https-github-com-jay3-yy-bilipai/work/toolchain/gradle-home/caches/modules-2/files-2.1/org.jetbrains.kotlinx/kotlinx-serialization-core-jvm/1.11.0/c1905c9bf7452b045d5af9248835abe64ddad6bf/kotlinx-serialization-core-jvm-1.11.0.jar
[2026-10-01T01:24:44.845+0100][class,load] kotlin.jvm.internal.markers.KMutableIterable source: file:/C:/Users/TONYS/Documents/Codex/2026-09-29/https-github-com-jay3-yy-bilipai/work/toolchain/gradle-home/caches/modules-2/files-2.1/org.jetbrains.kotlin/kotlin-stdlib/2.4.10/8943c84ddc6d5cc00a10dbc3736c397066eeaab5/kotlin-stdlib-2.4.10.jar
[2026-10-01T01:24:44.845+0100][class,load] kotlin.jvm.internal.markers.KMutableCollection source: file:/C:/Users/TONYS/Documents/Codex/2026-09-29/https-github-com-jay3-yy-bilipai/work/toolchain/gradle-home/caches/modules-2/files-2.1/org.jetbrains.kotlin/kotlin-stdlib/2.4.10/8943c84ddc6d5cc00a10dbc3736c397066eeaab5/kotlin-stdlib-2.4.10.jar
[2026-10-01T01:24:44.845+0100][class,load] kotlin.collections.AbstractMutableCollection source: file:/C:/Users/TONYS/Documents/Codex/2026-09-29/https-github-com-jay3-yy-bilipai/work/toolchain/gradle-home/caches/modules-2/files-2.1/org.jetbrains.kotlin/kotlin-stdlib/2.4.10/8943c84ddc6d5cc00a10dbc3736c397066eeaab5/kotlin-stdlib-2.4.10.jar
[2026-10-01T01:24:44.845+0100][class,load] kotlin.collections.builders.MapBuilderValues source: file:/C:/Users/TONYS/Documents/Codex/2026-09-29/https-github-com-jay3-yy-bilipai/work/toolchain/gradle-home/caches/modules-2/files-2.1/org.jetbrains.kotlin/kotlin-stdlib/2.4.10/8943c84ddc6d5cc00a10dbc3736c397066eeaab5/kotlin-stdlib-2.4.10.jar
[2026-10-01T01:24:44.845+0100][class,load] kotlin.jvm.internal.markers.KMutableIterator source: file:/C:/Users/TONYS/Documents/Codex/2026-09-29/https-github-com-jay3-yy-bilipai/work/toolchain/gradle-home/caches/modules-2/files-2.1/org.jetbrains.kotlin/kotlin-stdlib/2.4.10/8943c84ddc6d5cc00a10dbc3736c397066eeaab5/kotlin-stdlib-2.4.10.jar
[2026-10-01T01:24:44.846+0100][class,load] kotlin.collections.builders.MapBuilder$Itr source: file:/C:/Users/TONYS/Documents/Codex/2026-09-29/https-github-com-jay3-yy-bilipai/work/toolchain/gradle-home/caches/modules-2/files-2.1/org.jetbrains.kotlin/kotlin-stdlib/2.4.10/8943c84ddc6d5cc00a10dbc3736c397066eeaab5/kotlin-stdlib-2.4.10.jar
[2026-10-01T01:24:44.846+0100][class,load] kotlin.collections.builders.MapBuilder$ValuesItr source: file:/C:/Users/TONYS/Documents/Codex/2026-09-29/https-github-com-jay3-yy-bilipai/work/toolchain/gradle-home/caches/modules-2/files-2.1/org.jetbrains.kotlin/kotlin-stdlib/2.4.10/8943c84ddc6d5cc00a10dbc3736c397066eeaab5/kotlin-stdlib-2.4.10.jar
[2026-10-01T01:24:44.846+0100][class,load] java.util.ConcurrentModificationException source: jrt:/java.base
[2026-10-01T01:24:44.847+0100][class,load] kotlinx.serialization.descriptors.ClassSerialDescriptorBuilder source: file:/C:/Users/TONYS/Documents/Codex/2026-09-29/https-github-com-jay3-yy-bilipai/work/toolchain/gradle-home/caches/modules-2/files-2.1/org.jetbrains.kotlinx/kotlinx-serialization-core-jvm/1.11.0/c1905c9bf7452b045d5af9248835abe64ddad6bf/kotlinx-serialization-core-jvm-1.11.0.jar
[2026-10-01T01:24:44.847+0100][class,load] kotlinx.serialization.internal.ObjectSerializer$$Lambda/0x000000eb0102dfd0 source: kotlinx.serialization.internal.ObjectSerializer
[2026-10-01T01:24:44.847+0100][class,load] kotlinx.serialization.descriptors.SerialDescriptorImpl source: file:/C:/Users/TONYS/Documents/Codex/2026-09-29/https-github-com-jay3-yy-bilipai/work/toolchain/gradle-home/caches/modules-2/files-2.1/org.jetbrains.kotlinx/kotlinx-serialization-core-jvm/1.11.0/c1905c9bf7452b045d5af9248835abe64ddad6bf/kotlinx-serialization-core-jvm-1.11.0.jar
[2026-10-01T01:24:44.851+0100][class,load] kotlin.collections.IndexingIterable source: file:/C:/Users/TONYS/Documents/Codex/2026-09-29/https-github-com-jay3-yy-bilipai/work/toolchain/gradle-home/caches/modules-2/files-2.1/org.jetbrains.kotlin/kotlin-stdlib/2.4.10/8943c84ddc6d5cc00a10dbc3736c397066eeaab5/kotlin-stdlib-2.4.10.jar
[2026-10-01T01:24:44.851+0100][class,load] kotlin.collections.ArraysKt___ArraysKt$$Lambda/0x000000eb0102e6d0 source: kotlin.collections.ArraysKt___ArraysKt
[2026-10-01T01:24:44.852+0100][class,load] kotlin.collections.IndexingIterator source: file:/C:/Users/TONYS/Documents/Codex/2026-09-29/https-github-com-jay3-yy-bilipai/work/toolchain/gradle-home/caches/modules-2/files-2.1/org.jetbrains.kotlin/kotlin-stdlib/2.4.10/8943c84ddc6d5cc00a10dbc3736c397066eeaab5/kotlin-stdlib-2.4.10.jar
[2026-10-01T01:24:44.852+0100][class,load] kotlin.jvm.internal.ArrayIteratorKt source: file:/C:/Users/TONYS/Documents/Codex/2026-09-29/https-github-com-jay3-yy-bilipai/work/toolchain/gradle-home/caches/modules-2/files-2.1/org.jetbrains.kotlin/kotlin-stdlib/2.4.10/8943c84ddc6d5cc00a10dbc3736c397066eeaab5/kotlin-stdlib-2.4.10.jar
[2026-10-01T01:24:44.852+0100][class,load] kotlin.jvm.internal.ArrayIterator source: file:/C:/Users/TONYS/Documents/Codex/2026-09-29/https-github-com-jay3-yy-bilipai/work/toolchain/gradle-home/caches/modules-2/files-2.1/org.jetbrains.kotlin/kotlin-stdlib/2.4.10/8943c84ddc6d5cc00a10dbc3736c397066eeaab5/kotlin-stdlib-2.4.10.jar
[2026-10-01T01:24:44.852+0100][class,load] java.lang.ArrayIndexOutOfBoundsException source: jrt:/java.base
[2026-10-01T01:24:44.853+0100][class,load] kotlinx.serialization.descriptors.SerialDescriptorImpl$$Lambda/0x000000eb0102ef90 source: kotlinx.serialization.descriptors.SerialDescriptorImpl
[2026-10-01T01:24:44.853+0100][class,load] kotlin.SynchronizedLazyImpl source: file:/C:/Users/TONYS/Documents/Codex/2026-09-29/https-github-com-jay3-yy-bilipai/work/toolchain/gradle-home/caches/modules-2/files-2.1/org.jetbrains.kotlin/kotlin-stdlib/2.4.10/8943c84ddc6d5cc00a10dbc3736c397066eeaab5/kotlin-stdlib-2.4.10.jar
[2026-10-01T01:24:44.854+0100][class,load] com.android.purebilibili.data.model.response.DynamicModulesFlexibleSerializer source: file:/C:/Users/TONYS/Documents/Codex/2026-09-29/https-github-com-jay3-yy-bilipai/work/BiliPai/desktop/.local/dynamic-detail-reply-main-integration/main-product-snapshot-01/main-kotlin.jar
[2026-10-01T01:24:44.855+0100][class,load] com.android.purebilibili.data.model.response.DynamicModules$Companion source: file:/C:/Users/TONYS/Documents/Codex/2026-09-29/https-github-com-jay3-yy-bilipai/work/BiliPai/desktop/.local/dynamic-detail-reply-main-integration/main-product-snapshot-01/main-kotlin.jar
[2026-10-01T01:24:44.855+0100][class,load] com.android.purebilibili.data.model.response.DynamicModules$$serializer source: file:/C:/Users/TONYS/Documents/Codex/2026-09-29/https-github-com-jay3-yy-bilipai/work/BiliPai/desktop/.local/dynamic-detail-reply-main-integration/main-product-snapshot-01/main-kotlin.jar
[2026-10-01T01:24:44.856+0100][class,load] kotlinx.serialization.internal.NullableSerializer source: file:/C:/Users/TONYS/Documents/Codex/2026-09-29/https-github-com-jay3-yy-bilipai/work/toolchain/gradle-home/caches/modules-2/files-2.1/org.jetbrains.kotlinx/kotlinx-serialization-core-jvm/1.11.0/c1905c9bf7452b045d5af9248835abe64ddad6bf/kotlinx-serialization-core-jvm-1.11.0.jar
[2026-10-01T01:24:44.856+0100][class,load] kotlinx.serialization.internal.SerialDescriptorForNullable source: file:/C:/Users/TONYS/Documents/Codex/2026-09-29/https-github-com-jay3-yy-bilipai/work/toolchain/gradle-home/caches/modules-2/files-2.1/org.jetbrains.kotlinx/kotlinx-serialization-core-jvm/1.11.0/c1905c9bf7452b045d5af9248835abe64ddad6bf/kotlinx-serialization-core-jvm-1.11.0.jar
[2026-10-01T01:24:44.857+0100][class,load] com.android.purebilibili.data.model.response.DynamicBasic$$serializer source: file:/C:/Users/TONYS/Documents/Codex/2026-09-29/https-github-com-jay3-yy-bilipai/work/BiliPai/desktop/.local/dynamic-detail-reply-main-integration/main-product-snapshot-01/main-kotlin.jar
[2026-10-01T01:24:44.857+0100][class,load] kotlinx.serialization.descriptors.SerialKind$ENUM source: file:/C:/Users/TONYS/Documents/Codex/2026-09-29/https-github-com-jay3-yy-bilipai/work/toolchain/gradle-home/caches/modules-2/files-2.1/org.jetbrains.kotlinx/kotlinx-serialization-core-jvm/1.11.0/c1905c9bf7452b045d5af9248835abe64ddad6bf/kotlinx-serialization-core-jvm-1.11.0.jar
[2026-10-01T01:24:44.857+0100][class,load] kotlinx.serialization.json.internal.JsonTreeReader source: file:/C:/Users/TONYS/Documents/Codex/2026-09-29/https-github-com-jay3-yy-bilipai/work/toolchain/gradle-home/caches/modules-2/files-2.1/org.jetbrains.kotlinx/kotlinx-serialization-json-jvm/1.11.0/e7e045e99e56f07599bb9ccb708c2190e2af0606/kotlinx-serialization-json-jvm-1.11.0.jar
[2026-10-01T01:24:44.858+0100][class,load] kotlin.coroutines.Continuation source: file:/C:/Users/TONYS/Documents/Codex/2026-09-29/https-github-com-jay3-yy-bilipai/work/toolchain/gradle-home/caches/modules-2/files-2.1/org.jetbrains.kotlin/kotlin-stdlib/2.4.10/8943c84ddc6d5cc00a10dbc3736c397066eeaab5/kotlin-stdlib-2.4.10.jar
[2026-10-01T01:24:44.858+0100][class,load] kotlinx.serialization.json.JsonElement source: file:/C:/Users/TONYS/Documents/Codex/2026-09-29/https-github-com-jay3-yy-bilipai/work/toolchain/gradle-home/caches/modules-2/files-2.1/org.jetbrains.kotlinx/kotlinx-serialization-json-jvm/1.11.0/e7e045e99e56f07599bb9ccb708c2190e2af0606/kotlinx-serialization-json-jvm-1.11.0.jar
[2026-10-01T01:24:44.858+0100][class,load] kotlinx.serialization.json.JsonPrimitive source: file:/C:/Users/TONYS/Documents/Codex/2026-09-29/https-github-com-jay3-yy-bilipai/work/toolchain/gradle-home/caches/modules-2/files-2.1/org.jetbrains.kotlinx/kotlinx-serialization-json-jvm/1.11.0/e7e045e99e56f07599bb9ccb708c2190e2af0606/kotlinx-serialization-json-jvm-1.11.0.jar
[2026-10-01T01:24:44.858+0100][class,load] kotlinx.serialization.json.JsonLiteral source: file:/C:/Users/TONYS/Documents/Codex/2026-09-29/https-github-com-jay3-yy-bilipai/work/toolchain/gradle-home/caches/modules-2/files-2.1/org.jetbrains.kotlinx/kotlinx-serialization-json-jvm/1.11.0/e7e045e99e56f07599bb9ccb708c2190e2af0606/kotlinx-serialization-json-jvm-1.11.0.jar
[2026-10-01T01:24:44.858+0100][class,load] kotlinx.serialization.json.JsonElement$Companion source: file:/C:/Users/TONYS/Documents/Codex/2026-09-29/https-github-com-jay3-yy-bilipai/work/toolchain/gradle-home/caches/modules-2/files-2.1/org.jetbrains.kotlinx/kotlinx-serialization-json-jvm/1.11.0/e7e045e99e56f07599bb9ccb708c2190e2af0606/kotlinx-serialization-json-jvm-1.11.0.jar
[2026-10-01T01:24:44.858+0100][class,load] kotlinx.serialization.json.JsonPrimitive$Companion source: file:/C:/Users/TONYS/Documents/Codex/2026-09-29/https-github-com-jay3-yy-bilipai/work/toolchain/gradle-home/caches/modules-2/files-2.1/org.jetbrains.kotlinx/kotlinx-serialization-json-jvm/1.11.0/e7e045e99e56f07599bb9ccb708c2190e2af0606/kotlinx-serialization-json-jvm-1.11.0.jar
[2026-10-01T01:24:44.858+0100][class,load] kotlin.Result source: file:/C:/Users/TONYS/Documents/Codex/2026-09-29/https-github-com-jay3-yy-bilipai/work/toolchain/gradle-home/caches/modules-2/files-2.1/org.jetbrains.kotlin/kotlin-stdlib/2.4.10/8943c84ddc6d5cc00a10dbc3736c397066eeaab5/kotlin-stdlib-2.4.10.jar
[2026-10-01T01:24:44.859+0100][class,load] kotlin.Result$Companion source: file:/C:/Users/TONYS/Documents/Codex/2026-09-29/https-github-com-jay3-yy-bilipai/work/toolchain/gradle-home/caches/modules-2/files-2.1/org.jetbrains.kotlin/kotlin-stdlib/2.4.10/8943c84ddc6d5cc00a10dbc3736c397066eeaab5/kotlin-stdlib-2.4.10.jar
[2026-10-01T01:24:44.859+0100][class,load] kotlin.Result$Failure source: file:/C:/Users/TONYS/Documents/Codex/2026-09-29/https-github-com-jay3-yy-bilipai/work/toolchain/gradle-home/caches/modules-2/files-2.1/org.jetbrains.kotlin/kotlin-stdlib/2.4.10/8943c84ddc6d5cc00a10dbc3736c397066eeaab5/kotlin-stdlib-2.4.10.jar
[2026-10-01T01:24:44.859+0100][class,load] com.android.purebilibili.data.model.response.DynamicBasic$Companion source: file:/C:/Users/TONYS/Documents/Codex/2026-09-29/https-github-com-jay3-yy-bilipai/work/BiliPai/desktop/.local/dynamic-detail-reply-main-integration/main-product-snapshot-01/main-kotlin.jar
[2026-10-01T01:24:44.860+0100][class,load] com.android.purebilibili.data.model.response.ReplyItem source: file:/C:/Users/TONYS/Documents/Codex/2026-09-29/https-github-com-jay3-yy-bilipai/work/BiliPai/desktop/.local/dynamic-detail-reply-main-integration/main-product-snapshot-01/main-kotlin.jar
[2026-10-01T01:24:44.860+0100][class,load] com.android.purebilibili.data.model.response.ReplyItem$Companion source: file:/C:/Users/TONYS/Documents/Codex/2026-09-29/https-github-com-jay3-yy-bilipai/work/BiliPai/desktop/.local/dynamic-detail-reply-main-integration/main-product-snapshot-01/main-kotlin.jar
[2026-10-01T01:24:44.860+0100][class,load] com.android.purebilibili.data.model.response.ReplyMember source: file:/C:/Users/TONYS/Documents/Codex/2026-09-29/https-github-com-jay3-yy-bilipai/work/BiliPai/desktop/.local/dynamic-detail-reply-main-integration/main-product-snapshot-01/main-kotlin.jar
[2026-10-01T01:24:44.861+0100][class,load] com.android.purebilibili.data.model.response.ReplyContent source: file:/C:/Users/TONYS/Documents/Codex/2026-09-29/https-github-com-jay3-yy-bilipai/work/BiliPai/desktop/.local/dynamic-detail-reply-main-integration/main-product-snapshot-01/main-kotlin.jar
[2026-10-01T01:24:44.861+0100][class,load] com.android.purebilibili.data.model.response.ReplyUpAction source: file:/C:/Users/TONYS/Documents/Codex/2026-09-29/https-github-com-jay3-yy-bilipai/work/BiliPai/desktop/.local/dynamic-detail-reply-main-integration/main-product-snapshot-01/main-kotlin.jar
[2026-10-01T01:24:44.861+0100][class,load] com.android.purebilibili.data.model.response.ReplyControl source: file:/C:/Users/TONYS/Documents/Codex/2026-09-29/https-github-com-jay3-yy-bilipai/work/BiliPai/desktop/.local/dynamic-detail-reply-main-integration/main-product-snapshot-01/main-kotlin.jar
[2026-10-01T01:24:44.862+0100][class,load] com.android.purebilibili.data.model.response.OfficialVerify source: file:/C:/Users/TONYS/Documents/Codex/2026-09-29/https-github-com-jay3-yy-bilipai/work/BiliPai/desktop/.local/dynamic-detail-reply-main-integration/main-product-snapshot-01/main-kotlin.jar
[2026-10-01T01:24:44.862+0100][class,load] com.android.purebilibili.data.model.response.OfficialVerify$Companion source: file:/C:/Users/TONYS/Documents/Codex/2026-09-29/https-github-com-jay3-yy-bilipai/work/BiliPai/desktop/.local/dynamic-detail-reply-main-integration/main-product-snapshot-01/main-kotlin.jar
[2026-10-01T01:24:44.862+0100][class,load] com.android.purebilibili.data.model.response.ReplyItem$$Lambda/0x000000eb01032d90 source: com.android.purebilibili.data.model.response.ReplyItem
[2026-10-01T01:24:44.862+0100][class,load] com.android.purebilibili.data.model.response.ReplyItem$$Lambda/0x000000eb01032fb0 source: com.android.purebilibili.data.model.response.ReplyItem
[2026-10-01T01:24:44.863+0100][class,load] com.android.purebilibili.data.model.response.ReplyItem$$serializer source: file:/C:/Users/TONYS/Documents/Codex/2026-09-29/https-github-com-jay3-yy-bilipai/work/BiliPai/desktop/.local/dynamic-detail-reply-main-integration/main-product-snapshot-01/main-kotlin.jar
[2026-10-01T01:24:44.863+0100][class,load] com.android.purebilibili.data.model.response.ReplyMemberOrDefaultSerializer source: file:/C:/Users/TONYS/Documents/Codex/2026-09-29/https-github-com-jay3-yy-bilipai/work/BiliPai/desktop/.local/dynamic-detail-reply-main-integration/main-product-snapshot-01/main-kotlin.jar
[2026-10-01T01:24:44.863+0100][class,load] com.android.purebilibili.data.model.response.ReplyMember$Companion source: file:/C:/Users/TONYS/Documents/Codex/2026-09-29/https-github-com-jay3-yy-bilipai/work/BiliPai/desktop/.local/dynamic-detail-reply-main-integration/main-product-snapshot-01/main-kotlin.jar
[2026-10-01T01:24:44.864+0100][class,load] com.android.purebilibili.data.model.response.ReplyMember$$serializer source: file:/C:/Users/TONYS/Documents/Codex/2026-09-29/https-github-com-jay3-yy-bilipai/work/BiliPai/desktop/.local/dynamic-detail-reply-main-integration/main-product-snapshot-01/main-kotlin.jar
[2026-10-01T01:24:44.864+0100][class,load] com.android.purebilibili.data.model.response.ReplyContent$$serializer source: file:/C:/Users/TONYS/Documents/Codex/2026-09-29/https-github-com-jay3-yy-bilipai/work/BiliPai/desktop/.local/dynamic-detail-reply-main-integration/main-product-snapshot-01/main-kotlin.jar
[2026-10-01T01:24:44.864+0100][class,load] kotlinx.serialization.json.JsonNames source: file:/C:/Users/TONYS/Documents/Codex/2026-09-29/https-github-com-jay3-yy-bilipai/work/toolchain/gradle-home/caches/modules-2/files-2.1/org.jetbrains.kotlinx/kotlinx-serialization-json-jvm/1.11.0/e7e045e99e56f07599bb9ccb708c2190e2af0606/kotlinx-serialization-json-jvm-1.11.0.jar
[2026-10-01T01:24:44.864+0100][class,load] com.android.purebilibili.data.model.response.ReplyContent$$serializer$annotationImpl$kotlinx_serialization_json_JsonNames$0 source: file:/C:/Users/TONYS/Documents/Codex/2026-09-29/https-github-com-jay3-yy-bilipai/work/BiliPai/desktop/.local/dynamic-detail-reply-main-integration/main-product-snapshot-01/main-kotlin.jar
[2026-10-01T01:24:44.865+0100][class,load] kotlinx.serialization.internal.CollectionSerializer source: file:/C:/Users/TONYS/Documents/Codex/2026-09-29/https-github-com-jay3-yy-bilipai/work/toolchain/gradle-home/caches/modules-2/files-2.1/org.jetbrains.kotlinx/kotlinx-serialization-core-jvm/1.11.0/c1905c9bf7452b045d5af9248835abe64ddad6bf/kotlinx-serialization-core-jvm-1.11.0.jar
[2026-10-01T01:24:44.865+0100][class,load] kotlinx.serialization.internal.ArrayListSerializer source: file:/C:/Users/TONYS/Documents/Codex/2026-09-29/https-github-com-jay3-yy-bilipai/work/toolchain/gradle-home/caches/modules-2/files-2.1/org.jetbrains.kotlinx/kotlinx-serialization-core-jvm/1.11.0/c1905c9bf7452b045d5af9248835abe64ddad6bf/kotlinx-serialization-core-jvm-1.11.0.jar
[2026-10-01T01:24:44.865+0100][class,load] kotlinx.serialization.internal.ArrayListClassDesc source: file:/C:/Users/TONYS/Documents/Codex/2026-09-29/https-github-com-jay3-yy-bilipai/work/toolchain/gradle-home/caches/modules-2/files-2.1/org.jetbrains.kotlinx/kotlinx-serialization-core-jvm/1.11.0/c1905c9bf7452b045d5af9248835abe64ddad6bf/kotlinx-serialization-core-jvm-1.11.0.jar
[2026-10-01T01:24:44.865+0100][class,load] com.android.purebilibili.data.model.response.ReplyCardLabel$$serializer source: file:/C:/Users/TONYS/Documents/Codex/2026-09-29/https-github-com-jay3-yy-bilipai/work/BiliPai/desktop/.local/dynamic-detail-reply-main-integration/main-product-snapshot-01/main-kotlin.jar
[2026-10-01T01:24:44.865+0100][class,load] com.android.purebilibili.data.model.response.ReplyUpAction$$serializer source: file:/C:/Users/TONYS/Documents/Codex/2026-09-29/https-github-com-jay3-yy-bilipai/work/BiliPai/desktop/.local/dynamic-detail-reply-main-integration/main-product-snapshot-01/main-kotlin.jar
[2026-10-01T01:24:44.866+0100][class,load] com.android.purebilibili.data.model.response.ReplyControl$$serializer source: file:/C:/Users/TONYS/Documents/Codex/2026-09-29/https-github-com-jay3-yy-bilipai/work/BiliPai/desktop/.local/dynamic-detail-reply-main-integration/main-product-snapshot-01/main-kotlin.jar
[2026-10-01T01:24:44.866+0100][class,load] com.android.purebilibili.data.model.response.FlexibleBooleanSerializer source: file:/C:/Users/TONYS/Documents/Codex/2026-09-29/https-github-com-jay3-yy-bilipai/work/BiliPai/desktop/.local/dynamic-detail-reply-main-integration/main-product-snapshot-01/main-kotlin.jar
[2026-10-01T01:24:44.866+0100][class,load] com.android.purebilibili.data.model.response.FlexibleIntSerializer source: file:/C:/Users/TONYS/Documents/Codex/2026-09-29/https-github-com-jay3-yy-bilipai/work/BiliPai/desktop/.local/dynamic-detail-reply-main-integration/main-product-snapshot-01/main-kotlin.jar
[2026-10-01T01:24:44.866+0100][class,load] kotlinx.serialization.json.JsonObject source: file:/C:/Users/TONYS/Documents/Codex/2026-09-29/https-github-com-jay3-yy-bilipai/work/toolchain/gradle-home/caches/modules-2/files-2.1/org.jetbrains.kotlinx/kotlinx-serialization-json-jvm/1.11.0/e7e045e99e56f07599bb9ccb708c2190e2af0606/kotlinx-serialization-json-jvm-1.11.0.jar
[2026-10-01T01:24:44.866+0100][class,load] kotlinx.serialization.json.JsonObject$Companion source: file:/C:/Users/TONYS/Documents/Codex/2026-09-29/https-github-com-jay3-yy-bilipai/work/toolchain/gradle-home/caches/modules-2/files-2.1/org.jetbrains.kotlinx/kotlinx-serialization-json-jvm/1.11.0/e7e045e99e56f07599bb9ccb708c2190e2af0606/kotlinx-serialization-json-jvm-1.11.0.jar
[2026-10-01T01:24:44.866+0100][class,load] kotlinx.serialization.json.JsonNull source: file:/C:/Users/TONYS/Documents/Codex/2026-09-29/https-github-com-jay3-yy-bilipai/work/toolchain/gradle-home/caches/modules-2/files-2.1/org.jetbrains.kotlinx/kotlinx-serialization-json-jvm/1.11.0/e7e045e99e56f07599bb9ccb708c2190e2af0606/kotlinx-serialization-json-jvm-1.11.0.jar
[2026-10-01T01:24:44.866+0100][class,load] kotlinx.serialization.json.internal.TreeJsonDecoderKt source: file:/C:/Users/TONYS/Documents/Codex/2026-09-29/https-github-com-jay3-yy-bilipai/work/toolchain/gradle-home/caches/modules-2/files-2.1/org.jetbrains.kotlinx/kotlinx-serialization-json-jvm/1.11.0/e7e045e99e56f07599bb9ccb708c2190e2af0606/kotlinx-serialization-json-jvm-1.11.0.jar
[2026-10-01T01:24:44.868+0100][class,load] kotlinx.serialization.internal.TaggedDecoder source: file:/C:/Users/TONYS/Documents/Codex/2026-09-29/https-github-com-jay3-yy-bilipai/work/toolchain/gradle-home/caches/modules-2/files-2.1/org.jetbrains.kotlinx/kotlinx-serialization-core-jvm/1.11.0/c1905c9bf7452b045d5af9248835abe64ddad6bf/kotlinx-serialization-core-jvm-1.11.0.jar
[2026-10-01T01:24:44.868+0100][class,load] kotlinx.serialization.internal.NamedValueDecoder source: file:/C:/Users/TONYS/Documents/Codex/2026-09-29/https-github-com-jay3-yy-bilipai/work/toolchain/gradle-home/caches/modules-2/files-2.1/org.jetbrains.kotlinx/kotlinx-serialization-core-jvm/1.11.0/c1905c9bf7452b045d5af9248835abe64ddad6bf/kotlinx-serialization-core-jvm-1.11.0.jar
[2026-10-01T01:24:44.868+0100][class,load] kotlinx.serialization.json.internal.AbstractJsonTreeDecoder source: file:/C:/Users/TONYS/Documents/Codex/2026-09-29/https-github-com-jay3-yy-bilipai/work/toolchain/gradle-home/caches/modules-2/files-2.1/org.jetbrains.kotlinx/kotlinx-serialization-json-jvm/1.11.0/e7e045e99e56f07599bb9ccb708c2190e2af0606/kotlinx-serialization-json-jvm-1.11.0.jar
[2026-10-01T01:24:44.868+0100][class,load] kotlinx.serialization.json.internal.JsonTreeDecoder source: file:/C:/Users/TONYS/Documents/Codex/2026-09-29/https-github-com-jay3-yy-bilipai/work/toolchain/gradle-home/caches/modules-2/files-2.1/org.jetbrains.kotlinx/kotlinx-serialization-json-jvm/1.11.0/e7e045e99e56f07599bb9ccb708c2190e2af0606/kotlinx-serialization-json-jvm-1.11.0.jar
[2026-10-01T01:24:44.869+0100][class,load] java.util.LinkedHashMap$LinkedKeySet source: jrt:/java.base
[2026-10-01T01:24:44.869+0100][class,load] com.android.purebilibili.data.model.response.ReplyLevelInfo$$serializer source: file:/C:/Users/TONYS/Documents/Codex/2026-09-29/https-github-com-jay3-yy-bilipai/work/BiliPai/desktop/.local/dynamic-detail-reply-main-integration/main-product-snapshot-01/main-kotlin.jar
[2026-10-01T01:24:44.870+0100][class,load] com.android.purebilibili.data.model.response.ReplyVipInfo$$serializer source: file:/C:/Users/TONYS/Documents/Codex/2026-09-29/https-github-com-jay3-yy-bilipai/work/BiliPai/desktop/.local/dynamic-detail-reply-main-integration/main-product-snapshot-01/main-kotlin.jar
[2026-10-01T01:24:44.870+0100][class,load] com.android.purebilibili.data.model.response.OfficialVerify$$serializer source: file:/C:/Users/TONYS/Documents/Codex/2026-09-29/https-github-com-jay3-yy-bilipai/work/BiliPai/desktop/.local/dynamic-detail-reply-main-integration/main-product-snapshot-01/main-kotlin.jar
[2026-10-01T01:24:44.871+0100][class,load] com.android.purebilibili.data.model.response.ReplyFansDetail$$serializer source: file:/C:/Users/TONYS/Documents/Codex/2026-09-29/https-github-com-jay3-yy-bilipai/work/BiliPai/desktop/.local/dynamic-detail-reply-main-integration/main-product-snapshot-01/main-kotlin.jar
[2026-10-01T01:24:44.871+0100][class,load] com.android.purebilibili.data.model.response.ReplySailingPendant$$serializer source: file:/C:/Users/TONYS/Documents/Codex/2026-09-29/https-github-com-jay3-yy-bilipai/work/BiliPai/desktop/.local/dynamic-detail-reply-main-integration/main-product-snapshot-01/main-kotlin.jar
[2026-10-01T01:24:44.871+0100][class,load] com.android.purebilibili.data.model.response.ReplyNameplate$$serializer source: file:/C:/Users/TONYS/Documents/Codex/2026-09-29/https-github-com-jay3-yy-bilipai/work/BiliPai/desktop/.local/dynamic-detail-reply-main-integration/main-product-snapshot-01/main-kotlin.jar
[2026-10-01T01:24:44.871+0100][class,load] com.android.purebilibili.data.model.response.FlexibleImageUrlSerializer source: file:/C:/Users/TONYS/Documents/Codex/2026-09-29/https-github-com-jay3-yy-bilipai/work/BiliPai/desktop/.local/dynamic-detail-reply-main-integration/main-product-snapshot-01/main-kotlin.jar
[2026-10-01T01:24:44.871+0100][class,load] com.android.purebilibili.data.model.response.FlexibleFlagIntSerializer source: file:/C:/Users/TONYS/Documents/Codex/2026-09-29/https-github-com-jay3-yy-bilipai/work/BiliPai/desktop/.local/dynamic-detail-reply-main-integration/main-product-snapshot-01/main-kotlin.jar
[2026-10-01T01:24:44.871+0100][class,load] com.android.purebilibili.data.model.response.ReplyUserSailingOrNullSerializer source: file:/C:/Users/TONYS/Documents/Codex/2026-09-29/https-github-com-jay3-yy-bilipai/work/BiliPai/desktop/.local/dynamic-detail-reply-main-integration/main-product-snapshot-01/main-kotlin.jar
[2026-10-01T01:24:44.872+0100][class,load] com.android.purebilibili.data.model.response.ReplyUserSailing source: file:/C:/Users/TONYS/Documents/Codex/2026-09-29/https-github-com-jay3-yy-bilipai/work/BiliPai/desktop/.local/dynamic-detail-reply-main-integration/main-product-snapshot-01/main-kotlin.jar
[2026-10-01T01:24:44.872+0100][class,load] com.android.purebilibili.data.model.response.ReplyUserSailing$Companion source: file:/C:/Users/TONYS/Documents/Codex/2026-09-29/https-github-com-jay3-yy-bilipai/work/BiliPai/desktop/.local/dynamic-detail-reply-main-integration/main-product-snapshot-01/main-kotlin.jar
[2026-10-01T01:24:44.872+0100][class,load] com.android.purebilibili.data.model.response.ReplyUserSailing$$serializer source: file:/C:/Users/TONYS/Documents/Codex/2026-09-29/https-github-com-jay3-yy-bilipai/work/BiliPai/desktop/.local/dynamic-detail-reply-main-integration/main-product-snapshot-01/main-kotlin.jar
[2026-10-01T01:24:44.872+0100][class,load] kotlinx.serialization.internal.TaggedDecoder$$Lambda/0x000000eb01039300 source: kotlinx.serialization.internal.TaggedDecoder
[2026-10-01T01:24:44.873+0100][class,load] kotlin.collections.MapWithDefault source: file:/C:/Users/TONYS/Documents/Codex/2026-09-29/https-github-com-jay3-yy-bilipai/work/toolchain/gradle-home/caches/modules-2/files-2.1/org.jetbrains.kotlin/kotlin-stdlib/2.4.10/8943c84ddc6d5cc00a10dbc3736c397066eeaab5/kotlin-stdlib-2.4.10.jar
[2026-10-01T01:24:44.873+0100][class,load] kotlinx.serialization.json.JsonSchemaCacheKt source: file:/C:/Users/TONYS/Documents/Codex/2026-09-29/https-github-com-jay3-yy-bilipai/work/toolchain/gradle-home/caches/modules-2/files-2.1/org.jetbrains.kotlinx/kotlinx-serialization-json-jvm/1.11.0/e7e045e99e56f07599bb9ccb708c2190e2af0606/kotlinx-serialization-json-jvm-1.11.0.jar
[2026-10-01T01:24:44.873+0100][class,load] kotlinx.serialization.json.internal.JsonNamesMapKt$$Lambda/0x000000eb01039930 source: kotlinx.serialization.json.internal.JsonNamesMapKt
[2026-10-01T01:24:44.874+0100][class,load] kotlinx.serialization.internal.PluginHelperInterfacesKt source: file:/C:/Users/TONYS/Documents/Codex/2026-09-29/https-github-com-jay3-yy-bilipai/work/toolchain/gradle-home/caches/modules-2/files-2.1/org.jetbrains.kotlinx/kotlinx-serialization-core-jvm/1.11.0/c1905c9bf7452b045d5af9248835abe64ddad6bf/kotlinx-serialization-core-jvm-1.11.0.jar
[2026-10-01T01:24:44.874+0100][class,load] kotlinx.serialization.internal.PluginGeneratedSerialDescriptorKt source: file:/C:/Users/TONYS/Documents/Codex/2026-09-29/https-github-com-jay3-yy-bilipai/work/toolchain/gradle-home/caches/modules-2/files-2.1/org.jetbrains.kotlinx/kotlinx-serialization-core-jvm/1.11.0/c1905c9bf7452b045d5af9248835abe64ddad6bf/kotlinx-serialization-core-jvm-1.11.0.jar
[2026-10-01T01:24:44.874+0100][class,load] kotlinx.serialization.descriptors.SerialDescriptorKt source: file:/C:/Users/TONYS/Documents/Codex/2026-09-29/https-github-com-jay3-yy-bilipai/work/toolchain/gradle-home/caches/modules-2/files-2.1/org.jetbrains.kotlinx/kotlinx-serialization-core-jvm/1.11.0/c1905c9bf7452b045d5af9248835abe64ddad6bf/kotlinx-serialization-core-jvm-1.11.0.jar
[2026-10-01T01:24:44.874+0100][class,load] kotlinx.serialization.descriptors.SerialDescriptorKt$special$$inlined$Iterable$1 source: file:/C:/Users/TONYS/Documents/Codex/2026-09-29/https-github-com-jay3-yy-bilipai/work/toolchain/gradle-home/caches/modules-2/files-2.1/org.jetbrains.kotlinx/kotlinx-serialization-core-jvm/1.11.0/c1905c9bf7452b045d5af9248835abe64ddad6bf/kotlinx-serialization-core-jvm-1.11.0.jar
[2026-10-01T01:24:44.874+0100][class,load] kotlinx.serialization.descriptors.SerialDescriptorKt$elementDescriptors$1$1 source: file:/C:/Users/TONYS/Documents/Codex/2026-09-29/https-github-com-jay3-yy-bilipai/work/toolchain/gradle-home/caches/modules-2/files-2.1/org.jetbrains.kotlinx/kotlinx-serialization-core-jvm/1.11.0/c1905c9bf7452b045d5af9248835abe64ddad6bf/kotlinx-serialization-core-jvm-1.11.0.jar
[2026-10-01T01:24:44.875+0100][class,load] kotlin.collections.EmptyIterator source: file:/C:/Users/TONYS/Documents/Codex/2026-09-29/https-github-com-jay3-yy-bilipai/work/toolchain/gradle-home/caches/modules-2/files-2.1/org.jetbrains.kotlin/kotlin-stdlib/2.4.10/8943c84ddc6d5cc00a10dbc3736c397066eeaab5/kotlin-stdlib-2.4.10.jar
[2026-10-01T01:24:44.875+0100][class,load] java.util.LinkedHashMap$LinkedHashIterator source: shared objects file
[2026-10-01T01:24:44.875+0100][class,load] java.util.LinkedHashMap$LinkedKeyIterator source: jrt:/java.base
[2026-10-01T01:24:44.875+0100][class,load] com.android.purebilibili.data.model.response.ReplyLevelInfo source: file:/C:/Users/TONYS/Documents/Codex/2026-09-29/https-github-com-jay3-yy-bilipai/work/BiliPai/desktop/.local/dynamic-detail-reply-main-integration/main-product-snapshot-01/main-kotlin.jar
[2026-10-01T01:24:44.875+0100][class,load] com.android.purebilibili.data.model.response.ReplyLevelInfo$Companion source: file:/C:/Users/TONYS/Documents/Codex/2026-09-29/https-github-com-jay3-yy-bilipai/work/BiliPai/desktop/.local/dynamic-detail-reply-main-integration/main-product-snapshot-01/main-kotlin.jar
[2026-10-01T01:24:44.876+0100][class,load] com.android.purebilibili.data.model.response.ReplyContent$Companion source: file:/C:/Users/TONYS/Documents/Codex/2026-09-29/https-github-com-jay3-yy-bilipai/work/BiliPai/desktop/.local/dynamic-detail-reply-main-integration/main-product-snapshot-01/main-kotlin.jar
[2026-10-01T01:24:44.876+0100][class,load] com.android.purebilibili.data.model.response.ReplyContent$$Lambda/0x000000eb0103aeb0 source: com.android.purebilibili.data.model.response.ReplyContent
[2026-10-01T01:24:44.876+0100][class,load] com.android.purebilibili.data.model.response.ReplyContent$$Lambda/0x000000eb0103b0d0 source: com.android.purebilibili.data.model.response.ReplyContent
[2026-10-01T01:24:44.876+0100][class,load] com.android.purebilibili.data.model.response.ReplyContent$$Lambda/0x000000eb0103b2f0 source: com.android.purebilibili.data.model.response.ReplyContent
[2026-10-01T01:24:44.877+0100][class,load] com.android.purebilibili.data.model.response.ReplyContent$$Lambda/0x000000eb0103b510 source: com.android.purebilibili.data.model.response.ReplyContent
[2026-10-01T01:24:44.877+0100][class,load] com.android.purebilibili.data.model.response.ReplyContent$$Lambda/0x000000eb0103b730 source: com.android.purebilibili.data.model.response.ReplyContent
[2026-10-01T01:24:44.878+0100][class,load] com.android.purebilibili.data.model.response.ReplyRichText source: file:/C:/Users/TONYS/Documents/Codex/2026-09-29/https-github-com-jay3-yy-bilipai/work/BiliPai/desktop/.local/dynamic-detail-reply-main-integration/main-product-snapshot-01/main-kotlin.jar
[2026-10-01T01:24:44.878+0100][class,load] com.android.purebilibili.data.model.response.ReplyRichText$Companion source: file:/C:/Users/TONYS/Documents/Codex/2026-09-29/https-github-com-jay3-yy-bilipai/work/BiliPai/desktop/.local/dynamic-detail-reply-main-integration/main-product-snapshot-01/main-kotlin.jar
[2026-10-01T01:24:44.884+0100][class,load] kotlin.coroutines.CoroutineContext source: file:/C:/Users/TONYS/Documents/Codex/2026-09-29/https-github-com-jay3-yy-bilipai/work/toolchain/gradle-home/caches/modules-2/files-2.1/org.jetbrains.kotlin/kotlin-stdlib/2.4.10/8943c84ddc6d5cc00a10dbc3736c397066eeaab5/kotlin-stdlib-2.4.10.jar
[2026-10-01T01:24:44.884+0100][class,load] kotlin.coroutines.CoroutineContext$Element source: file:/C:/Users/TONYS/Documents/Codex/2026-09-29/https-github-com-jay3-yy-bilipai/work/toolchain/gradle-home/caches/modules-2/files-2.1/org.jetbrains.kotlin/kotlin-stdlib/2.4.10/8943c84ddc6d5cc00a10dbc3736c397066eeaab5/kotlin-stdlib-2.4.10.jar
[2026-10-01T01:24:44.884+0100][class,load] kotlin.coroutines.ContinuationInterceptor source: file:/C:/Users/TONYS/Documents/Codex/2026-09-29/https-github-com-jay3-yy-bilipai/work/toolchain/gradle-home/caches/modules-2/files-2.1/org.jetbrains.kotlin/kotlin-stdlib/2.4.10/8943c84ddc6d5cc00a10dbc3736c397066eeaab5/kotlin-stdlib-2.4.10.jar
[2026-10-01T01:24:44.885+0100][class,load] kotlin.coroutines.AbstractCoroutineContextElement source: file:/C:/Users/TONYS/Documents/Codex/2026-09-29/https-github-com-jay3-yy-bilipai/work/toolchain/gradle-home/caches/modules-2/files-2.1/org.jetbrains.kotlin/kotlin-stdlib/2.4.10/8943c84ddc6d5cc00a10dbc3736c397066eeaab5/kotlin-stdlib-2.4.10.jar
[2026-10-01T01:24:44.885+0100][class,load] kotlinx.coroutines.CoroutineDispatcher source: file:/C:/Users/TONYS/Documents/Codex/2026-09-29/https-github-com-jay3-yy-bilipai/work/toolchain/gradle-home/caches/modules-2/files-2.1/org.jetbrains.kotlinx/kotlinx-coroutines-core-jvm/1.10.2/4a9f78ef49483748e2c129f3d124b8fa249dafbf/kotlinx-coroutines-core-jvm-1.10.2.jar
[2026-10-01T01:24:44.885+0100][class,load] com.bilipai.desktop.ui.PostQueue source: file:/C:/Users/TONYS/Documents/Codex/2026-09-29/https-github-com-jay3-yy-bilipai/work/BiliPai/desktop/.local/dynamic-detail-reply-parity/detail-container-next/liquid-ui-proof/post-admission-delta/classes-02/
[2026-10-01T01:24:44.885+0100][class,load] kotlin.coroutines.CoroutineContext$Key source: file:/C:/Users/TONYS/Documents/Codex/2026-09-29/https-github-com-jay3-yy-bilipai/work/toolchain/gradle-home/caches/modules-2/files-2.1/org.jetbrains.kotlin/kotlin-stdlib/2.4.10/8943c84ddc6d5cc00a10dbc3736c397066eeaab5/kotlin-stdlib-2.4.10.jar
[2026-10-01T01:24:44.885+0100][class,load] kotlin.coroutines.AbstractCoroutineContextKey source: file:/C:/Users/TONYS/Documents/Codex/2026-09-29/https-github-com-jay3-yy-bilipai/work/toolchain/gradle-home/caches/modules-2/files-2.1/org.jetbrains.kotlin/kotlin-stdlib/2.4.10/8943c84ddc6d5cc00a10dbc3736c397066eeaab5/kotlin-stdlib-2.4.10.jar
[2026-10-01T01:24:44.885+0100][class,load] kotlinx.coroutines.CoroutineDispatcher$Key source: file:/C:/Users/TONYS/Documents/Codex/2026-09-29/https-github-com-jay3-yy-bilipai/work/toolchain/gradle-home/caches/modules-2/files-2.1/org.jetbrains.kotlinx/kotlinx-coroutines-core-jvm/1.10.2/4a9f78ef49483748e2c129f3d124b8fa249dafbf/kotlinx-coroutines-core-jvm-1.10.2.jar
[2026-10-01T01:24:44.886+0100][class,load] kotlin.coroutines.ContinuationInterceptor$Key source: file:/C:/Users/TONYS/Documents/Codex/2026-09-29/https-github-com-jay3-yy-bilipai/work/toolchain/gradle-home/caches/modules-2/files-2.1/org.jetbrains.kotlin/kotlin-stdlib/2.4.10/8943c84ddc6d5cc00a10dbc3736c397066eeaab5/kotlin-stdlib-2.4.10.jar
[2026-10-01T01:24:44.886+0100][class,load] kotlinx.coroutines.CoroutineDispatcher$Key$$Lambda/0x000000eb0103d408 source: kotlinx.coroutines.CoroutineDispatcher$Key
[2026-10-01T01:24:44.886+0100][class,load] kotlinx.coroutines.SupervisorKt source: file:/C:/Users/TONYS/Documents/Codex/2026-09-29/https-github-com-jay3-yy-bilipai/work/toolchain/gradle-home/caches/modules-2/files-2.1/org.jetbrains.kotlinx/kotlinx-coroutines-core-jvm/1.10.2/4a9f78ef49483748e2c129f3d124b8fa249dafbf/kotlinx-coroutines-core-jvm-1.10.2.jar
[2026-10-01T01:24:44.886+0100][class,load] kotlinx.coroutines.Job source: file:/C:/Users/TONYS/Documents/Codex/2026-09-29/https-github-com-jay3-yy-bilipai/work/toolchain/gradle-home/caches/modules-2/files-2.1/org.jetbrains.kotlinx/kotlinx-coroutines-core-jvm/1.10.2/4a9f78ef49483748e2c129f3d124b8fa249dafbf/kotlinx-coroutines-core-jvm-1.10.2.jar
[2026-10-01T01:24:44.886+0100][class,load] kotlinx.coroutines.CompletableJob source: file:/C:/Users/TONYS/Documents/Codex/2026-09-29/https-github-com-jay3-yy-bilipai/work/toolchain/gradle-home/caches/modules-2/files-2.1/org.jetbrains.kotlinx/kotlinx-coroutines-core-jvm/1.10.2/4a9f78ef49483748e2c129f3d124b8fa249dafbf/kotlinx-coroutines-core-jvm-1.10.2.jar
[2026-10-01T01:24:44.887+0100][class,load] kotlinx.coroutines.ChildJob source: file:/C:/Users/TONYS/Documents/Codex/2026-09-29/https-github-com-jay3-yy-bilipai/work/toolchain/gradle-home/caches/modules-2/files-2.1/org.jetbrains.kotlinx/kotlinx-coroutines-core-jvm/1.10.2/4a9f78ef49483748e2c129f3d124b8fa249dafbf/kotlinx-coroutines-core-jvm-1.10.2.jar
[2026-10-01T01:24:44.888+0100][class,load] kotlinx.coroutines.ParentJob source: file:/C:/Users/TONYS/Documents/Codex/2026-09-29/https-github-com-jay3-yy-bilipai/work/toolchain/gradle-home/caches/modules-2/files-2.1/org.jetbrains.kotlinx/kotlinx-coroutines-core-jvm/1.10.2/4a9f78ef49483748e2c129f3d124b8fa249dafbf/kotlinx-coroutines-core-jvm-1.10.2.jar
[2026-10-01T01:24:44.890+0100][class,load] kotlinx.coroutines.JobSupport source: file:/C:/Users/TONYS/Documents/Codex/2026-09-29/https-github-com-jay3-yy-bilipai/work/toolchain/gradle-home/caches/modules-2/files-2.1/org.jetbrains.kotlinx/kotlinx-coroutines-core-jvm/1.10.2/4a9f78ef49483748e2c129f3d124b8fa249dafbf/kotlinx-coroutines-core-jvm-1.10.2.jar
[2026-10-01T01:24:44.890+0100][class,load] kotlinx.coroutines.JobImpl source: file:/C:/Users/TONYS/Documents/Codex/2026-09-29/https-github-com-jay3-yy-bilipai/work/toolchain/gradle-home/caches/modules-2/files-2.1/org.jetbrains.kotlinx/kotlinx-coroutines-core-jvm/1.10.2/4a9f78ef49483748e2c129f3d124b8fa249dafbf/kotlinx-coroutines-core-jvm-1.10.2.jar
[2026-10-01T01:24:44.890+0100][class,load] kotlinx.coroutines.SupervisorJobImpl source: file:/C:/Users/TONYS/Documents/Codex/2026-09-29/https-github-com-jay3-yy-bilipai/work/toolchain/gradle-home/caches/modules-2/files-2.1/org.jetbrains.kotlinx/kotlinx-coroutines-core-jvm/1.10.2/4a9f78ef49483748e2c129f3d124b8fa249dafbf/kotlinx-coroutines-core-jvm-1.10.2.jar
[2026-10-01T01:24:44.890+0100][class,load] kotlinx.coroutines.JobSupportKt source: file:/C:/Users/TONYS/Documents/Codex/2026-09-29/https-github-com-jay3-yy-bilipai/work/toolchain/gradle-home/caches/modules-2/files-2.1/org.jetbrains.kotlinx/kotlinx-coroutines-core-jvm/1.10.2/4a9f78ef49483748e2c129f3d124b8fa249dafbf/kotlinx-coroutines-core-jvm-1.10.2.jar
[2026-10-01T01:24:44.891+0100][class,load] kotlinx.coroutines.internal.Symbol source: file:/C:/Users/TONYS/Documents/Codex/2026-09-29/https-github-com-jay3-yy-bilipai/work/toolchain/gradle-home/caches/modules-2/files-2.1/org.jetbrains.kotlinx/kotlinx-coroutines-core-jvm/1.10.2/4a9f78ef49483748e2c129f3d124b8fa249dafbf/kotlinx-coroutines-core-jvm-1.10.2.jar
[2026-10-01T01:24:44.891+0100][class,load] kotlinx.coroutines.Incomplete source: file:/C:/Users/TONYS/Documents/Codex/2026-09-29/https-github-com-jay3-yy-bilipai/work/toolchain/gradle-home/caches/modules-2/files-2.1/org.jetbrains.kotlinx/kotlinx-coroutines-core-jvm/1.10.2/4a9f78ef49483748e2c129f3d124b8fa249dafbf/kotlinx-coroutines-core-jvm-1.10.2.jar
[2026-10-01T01:24:44.891+0100][class,load] kotlinx.coroutines.Empty source: file:/C:/Users/TONYS/Documents/Codex/2026-09-29/https-github-com-jay3-yy-bilipai/work/toolchain/gradle-home/caches/modules-2/files-2.1/org.jetbrains.kotlinx/kotlinx-coroutines-core-jvm/1.10.2/4a9f78ef49483748e2c129f3d124b8fa249dafbf/kotlinx-coroutines-core-jvm-1.10.2.jar
[2026-10-01T01:24:44.891+0100][class,load] kotlinx.coroutines.DebugKt source: file:/C:/Users/TONYS/Documents/Codex/2026-09-29/https-github-com-jay3-yy-bilipai/work/toolchain/gradle-home/caches/modules-2/files-2.1/org.jetbrains.kotlinx/kotlinx-coroutines-core-jvm/1.10.2/4a9f78ef49483748e2c129f3d124b8fa249dafbf/kotlinx-coroutines-core-jvm-1.10.2.jar
[2026-10-01T01:24:44.892+0100][class,load] kotlinx.coroutines.ThreadContextElement source: file:/C:/Users/TONYS/Documents/Codex/2026-09-29/https-github-com-jay3-yy-bilipai/work/toolchain/gradle-home/caches/modules-2/files-2.1/org.jetbrains.kotlinx/kotlinx-coroutines-core-jvm/1.10.2/4a9f78ef49483748e2c129f3d124b8fa249dafbf/kotlinx-coroutines-core-jvm-1.10.2.jar
[2026-10-01T01:24:44.892+0100][class,load] kotlinx.coroutines.CoroutineId source: file:/C:/Users/TONYS/Documents/Codex/2026-09-29/https-github-com-jay3-yy-bilipai/work/toolchain/gradle-home/caches/modules-2/files-2.1/org.jetbrains.kotlinx/kotlinx-coroutines-core-jvm/1.10.2/4a9f78ef49483748e2c129f3d124b8fa249dafbf/kotlinx-coroutines-core-jvm-1.10.2.jar
[2026-10-01T01:24:44.892+0100][class,load] kotlinx.coroutines.internal.SystemPropsKt source: file:/C:/Users/TONYS/Documents/Codex/2026-09-29/https-github-com-jay3-yy-bilipai/work/toolchain/gradle-home/caches/modules-2/files-2.1/org.jetbrains.kotlinx/kotlinx-coroutines-core-jvm/1.10.2/4a9f78ef49483748e2c129f3d124b8fa249dafbf/kotlinx-coroutines-core-jvm-1.10.2.jar
[2026-10-01T01:24:44.892+0100][class,load] kotlinx.coroutines.internal.SystemPropsKt__SystemPropsKt source: file:/C:/Users/TONYS/Documents/Codex/2026-09-29/https-github-com-jay3-yy-bilipai/work/toolchain/gradle-home/caches/modules-2/files-2.1/org.jetbrains.kotlinx/kotlinx-coroutines-core-jvm/1.10.2/4a9f78ef49483748e2c129f3d124b8fa249dafbf/kotlinx-coroutines-core-jvm-1.10.2.jar
[2026-10-01T01:24:44.892+0100][class,load] java.lang.SecurityException source: jrt:/java.base
[2026-10-01T01:24:44.893+0100][class,load] kotlinx.coroutines.DisposableHandle source: file:/C:/Users/TONYS/Documents/Codex/2026-09-29/https-github-com-jay3-yy-bilipai/work/toolchain/gradle-home/caches/modules-2/files-2.1/org.jetbrains.kotlinx/kotlinx-coroutines-core-jvm/1.10.2/4a9f78ef49483748e2c129f3d124b8fa249dafbf/kotlinx-coroutines-core-jvm-1.10.2.jar
[2026-10-01T01:24:44.893+0100][class,load] kotlinx.coroutines.ChildHandle source: file:/C:/Users/TONYS/Documents/Codex/2026-09-29/https-github-com-jay3-yy-bilipai/work/toolchain/gradle-home/caches/modules-2/files-2.1/org.jetbrains.kotlinx/kotlinx-coroutines-core-jvm/1.10.2/4a9f78ef49483748e2c129f3d124b8fa249dafbf/kotlinx-coroutines-core-jvm-1.10.2.jar
[2026-10-01T01:24:44.893+0100][class,load] kotlinx.coroutines.NonDisposableHandle source: file:/C:/Users/TONYS/Documents/Codex/2026-09-29/https-github-com-jay3-yy-bilipai/work/toolchain/gradle-home/caches/modules-2/files-2.1/org.jetbrains.kotlinx/kotlinx-coroutines-core-jvm/1.10.2/4a9f78ef49483748e2c129f3d124b8fa249dafbf/kotlinx-coroutines-core-jvm-1.10.2.jar
[2026-10-01T01:24:44.893+0100][class,load] kotlinx.coroutines.internal.LockFreeLinkedListNode source: file:/C:/Users/TONYS/Documents/Codex/2026-09-29/https-github-com-jay3-yy-bilipai/work/toolchain/gradle-home/caches/modules-2/files-2.1/org.jetbrains.kotlinx/kotlinx-coroutines-core-jvm/1.10.2/4a9f78ef49483748e2c129f3d124b8fa249dafbf/kotlinx-coroutines-core-jvm-1.10.2.jar
[2026-10-01T01:24:44.893+0100][class,load] kotlinx.coroutines.JobNode source: file:/C:/Users/TONYS/Documents/Codex/2026-09-29/https-github-com-jay3-yy-bilipai/work/toolchain/gradle-home/caches/modules-2/files-2.1/org.jetbrains.kotlinx/kotlinx-coroutines-core-jvm/1.10.2/4a9f78ef49483748e2c129f3d124b8fa249dafbf/kotlinx-coroutines-core-jvm-1.10.2.jar
[2026-10-01T01:24:44.893+0100][class,load] kotlinx.coroutines.ChildHandleNode source: file:/C:/Users/TONYS/Documents/Codex/2026-09-29/https-github-com-jay3-yy-bilipai/work/toolchain/gradle-home/caches/modules-2/files-2.1/org.jetbrains.kotlinx/kotlinx-coroutines-core-jvm/1.10.2/4a9f78ef49483748e2c129f3d124b8fa249dafbf/kotlinx-coroutines-core-jvm-1.10.2.jar
[2026-10-01T01:24:44.894+0100][class,load] kotlin.coroutines.CoroutineContext$Element$DefaultImpls source: file:/C:/Users/TONYS/Documents/Codex/2026-09-29/https-github-com-jay3-yy-bilipai/work/toolchain/gradle-home/caches/modules-2/files-2.1/org.jetbrains.kotlin/kotlin-stdlib/2.4.10/8943c84ddc6d5cc00a10dbc3736c397066eeaab5/kotlin-stdlib-2.4.10.jar
[2026-10-01T01:24:44.894+0100][class,load] kotlin.coroutines.CoroutineContext$DefaultImpls source: file:/C:/Users/TONYS/Documents/Codex/2026-09-29/https-github-com-jay3-yy-bilipai/work/toolchain/gradle-home/caches/modules-2/files-2.1/org.jetbrains.kotlin/kotlin-stdlib/2.4.10/8943c84ddc6d5cc00a10dbc3736c397066eeaab5/kotlin-stdlib-2.4.10.jar
[2026-10-01T01:24:44.894+0100][class,load] kotlin.coroutines.EmptyCoroutineContext source: file:/C:/Users/TONYS/Documents/Codex/2026-09-29/https-github-com-jay3-yy-bilipai/work/toolchain/gradle-home/caches/modules-2/files-2.1/org.jetbrains.kotlin/kotlin-stdlib/2.4.10/8943c84ddc6d5cc00a10dbc3736c397066eeaab5/kotlin-stdlib-2.4.10.jar
[2026-10-01T01:24:44.894+0100][class,load] kotlin.coroutines.CoroutineContext$DefaultImpls$$Lambda/0x000000eb010813c8 source: kotlin.coroutines.CoroutineContext$DefaultImpls
[2026-10-01T01:24:44.895+0100][class,load] kotlinx.coroutines.Job$DefaultImpls source: file:/C:/Users/TONYS/Documents/Codex/2026-09-29/https-github-com-jay3-yy-bilipai/work/toolchain/gradle-home/caches/modules-2/files-2.1/org.jetbrains.kotlinx/kotlinx-coroutines-core-jvm/1.10.2/4a9f78ef49483748e2c129f3d124b8fa249dafbf/kotlinx-coroutines-core-jvm-1.10.2.jar
[2026-10-01T01:24:44.895+0100][class,load] kotlinx.coroutines.Job$Key source: file:/C:/Users/TONYS/Documents/Codex/2026-09-29/https-github-com-jay3-yy-bilipai/work/toolchain/gradle-home/caches/modules-2/files-2.1/org.jetbrains.kotlinx/kotlinx-coroutines-core-jvm/1.10.2/4a9f78ef49483748e2c129f3d124b8fa249dafbf/kotlinx-coroutines-core-jvm-1.10.2.jar
[2026-10-01T01:24:44.895+0100][class,load] kotlin.coroutines.ContinuationInterceptor$DefaultImpls source: file:/C:/Users/TONYS/Documents/Codex/2026-09-29/https-github-com-jay3-yy-bilipai/work/toolchain/gradle-home/caches/modules-2/files-2.1/org.jetbrains.kotlin/kotlin-stdlib/2.4.10/8943c84ddc6d5cc00a10dbc3736c397066eeaab5/kotlin-stdlib-2.4.10.jar
[2026-10-01T01:24:44.895+0100][class,load] kotlin.coroutines.CombinedContext source: file:/C:/Users/TONYS/Documents/Codex/2026-09-29/https-github-com-jay3-yy-bilipai/work/toolchain/gradle-home/caches/modules-2/files-2.1/org.jetbrains.kotlin/kotlin-stdlib/2.4.10/8943c84ddc6d5cc00a10dbc3736c397066eeaab5/kotlin-stdlib-2.4.10.jar
[2026-10-01T01:24:44.896+0100][class,load] kotlinx.coroutines.CoroutineExceptionHandler source: file:/C:/Users/TONYS/Documents/Codex/2026-09-29/https-github-com-jay3-yy-bilipai/work/toolchain/gradle-home/caches/modules-2/files-2.1/org.jetbrains.kotlinx/kotlinx-coroutines-core-jvm/1.10.2/4a9f78ef49483748e2c129f3d124b8fa249dafbf/kotlinx-coroutines-core-jvm-1.10.2.jar
[2026-10-01T01:24:44.896+0100][class,load] kotlinx.coroutines.CoroutineExceptionHandler$Key source: file:/C:/Users/TONYS/Documents/Codex/2026-09-29/https-github-com-jay3-yy-bilipai/work/toolchain/gradle-home/caches/modules-2/files-2.1/org.jetbrains.kotlinx/kotlinx-coroutines-core-jvm/1.10.2/4a9f78ef49483748e2c129f3d124b8fa249dafbf/kotlinx-coroutines-core-jvm-1.10.2.jar
[2026-10-01T01:24:44.902+0100][class,load] com.bilipai.desktop.ui.PostAdmissionFixtureKt$main$$inlined$CoroutineExceptionHandler$1 source: file:/C:/Users/TONYS/Documents/Codex/2026-09-29/https-github-com-jay3-yy-bilipai/work/BiliPai/desktop/.local/dynamic-detail-reply-parity/detail-container-next/liquid-ui-proof/post-admission-delta/classes-02/
[2026-10-01T01:24:44.903+0100][class,load] kotlinx.coroutines.CoroutineScopeKt source: file:/C:/Users/TONYS/Documents/Codex/2026-09-29/https-github-com-jay3-yy-bilipai/work/toolchain/gradle-home/caches/modules-2/files-2.1/org.jetbrains.kotlinx/kotlinx-coroutines-core-jvm/1.10.2/4a9f78ef49483748e2c129f3d124b8fa249dafbf/kotlinx-coroutines-core-jvm-1.10.2.jar
[2026-10-01T01:24:44.903+0100][class,load] kotlinx.coroutines.CoroutineScope source: file:/C:/Users/TONYS/Documents/Codex/2026-09-29/https-github-com-jay3-yy-bilipai/work/toolchain/gradle-home/caches/modules-2/files-2.1/org.jetbrains.kotlinx/kotlinx-coroutines-core-jvm/1.10.2/4a9f78ef49483748e2c129f3d124b8fa249dafbf/kotlinx-coroutines-core-jvm-1.10.2.jar
[2026-10-01T01:24:44.903+0100][class,load] kotlinx.coroutines.internal.ContextScope source: file:/C:/Users/TONYS/Documents/Codex/2026-09-29/https-github-com-jay3-yy-bilipai/work/toolchain/gradle-home/caches/modules-2/files-2.1/org.jetbrains.kotlinx/kotlinx-coroutines-core-jvm/1.10.2/4a9f78ef49483748e2c129f3d124b8fa249dafbf/kotlinx-coroutines-core-jvm-1.10.2.jar
[2026-10-01T01:24:44.903+0100][class,load] com.bilipai.desktop.ui.DesktopDynamicReplyRequests source: file:/C:/Users/TONYS/Documents/Codex/2026-09-29/https-github-com-jay3-yy-bilipai/work/BiliPai/desktop/.local/dynamic-detail-reply-main-integration/main-product-snapshot-01/main-kotlin.jar
[2026-10-01T01:24:44.903+0100][class,load] com.bilipai.desktop.ui.FixtureReplyRequests source: file:/C:/Users/TONYS/Documents/Codex/2026-09-29/https-github-com-jay3-yy-bilipai/work/BiliPai/desktop/.local/dynamic-detail-reply-parity/detail-container-next/liquid-ui-proof/post-admission-delta/classes-02/
[2026-10-01T01:24:44.904+0100][class,load] kotlin.coroutines.jvm.internal.SuspendFunction source: file:/C:/Users/TONYS/Documents/Codex/2026-09-29/https-github-com-jay3-yy-bilipai/work/toolchain/gradle-home/caches/modules-2/files-2.1/org.jetbrains.kotlin/kotlin-stdlib/2.4.10/8943c84ddc6d5cc00a10dbc3736c397066eeaab5/kotlin-stdlib-2.4.10.jar
[2026-10-01T01:24:44.905+0100][class,load] kotlin.coroutines.jvm.internal.CoroutineStackFrame source: file:/C:/Users/TONYS/Documents/Codex/2026-09-29/https-github-com-jay3-yy-bilipai/work/toolchain/gradle-home/caches/modules-2/files-2.1/org.jetbrains.kotlin/kotlin-stdlib/2.4.10/8943c84ddc6d5cc00a10dbc3736c397066eeaab5/kotlin-stdlib-2.4.10.jar
[2026-10-01T01:24:44.905+0100][class,load] kotlin.coroutines.jvm.internal.BaseContinuationImpl source: file:/C:/Users/TONYS/Documents/Codex/2026-09-29/https-github-com-jay3-yy-bilipai/work/toolchain/gradle-home/caches/modules-2/files-2.1/org.jetbrains.kotlin/kotlin-stdlib/2.4.10/8943c84ddc6d5cc00a10dbc3736c397066eeaab5/kotlin-stdlib-2.4.10.jar
[2026-10-01T01:24:44.905+0100][class,load] kotlin.coroutines.jvm.internal.ContinuationImpl source: file:/C:/Users/TONYS/Documents/Codex/2026-09-29/https-github-com-jay3-yy-bilipai/work/toolchain/gradle-home/caches/modules-2/files-2.1/org.jetbrains.kotlin/kotlin-stdlib/2.4.10/8943c84ddc6d5cc00a10dbc3736c397066eeaab5/kotlin-stdlib-2.4.10.jar
[2026-10-01T01:24:44.905+0100][class,load] kotlin.coroutines.jvm.internal.SuspendLambda source: file:/C:/Users/TONYS/Documents/Codex/2026-09-29/https-github-com-jay3-yy-bilipai/work/toolchain/gradle-home/caches/modules-2/files-2.1/org.jetbrains.kotlin/kotlin-stdlib/2.4.10/8943c84ddc6d5cc00a10dbc3736c397066eeaab5/kotlin-stdlib-2.4.10.jar
[2026-10-01T01:24:44.905+0100][class,load] com.bilipai.desktop.ui.FixtureReplyRequests$main$1 source: file:/C:/Users/TONYS/Documents/Codex/2026-09-29/https-github-com-jay3-yy-bilipai/work/BiliPai/desktop/.local/dynamic-detail-reply-parity/detail-container-next/liquid-ui-proof/post-admission-delta/classes-02/
[2026-10-01T01:24:44.905+0100][class,load] com.bilipai.desktop.ui.FixtureReplyRequests$sub$1 source: file:/C:/Users/TONYS/Documents/Codex/2026-09-29/https-github-com-jay3-yy-bilipai/work/BiliPai/desktop/.local/dynamic-detail-reply-parity/detail-container-next/liquid-ui-proof/post-admission-delta/classes-02/
[2026-10-01T01:24:44.905+0100][class,load] com.bilipai.desktop.ui.FixtureReplyRequests$mutation$1 source: file:/C:/Users/TONYS/Documents/Codex/2026-09-29/https-github-com-jay3-yy-bilipai/work/BiliPai/desktop/.local/dynamic-detail-reply-parity/detail-container-next/liquid-ui-proof/post-admission-delta/classes-02/
[2026-10-01T01:24:44.906+0100][class,load] com.android.purebilibili.feature.dynamic.DesktopOriginalDynamicReplySession source: file:/C:/Users/TONYS/Documents/Codex/2026-09-29/https-github-com-jay3-yy-bilipai/work/BiliPai/desktop/.local/dynamic-detail-reply-parity/detail-container-next/liquid-ui-proof/post-admission-delta/classes-02/
[2026-10-01T01:24:44.906+0100][class,load] com.bilipai.desktop.ui.PostAdmissionFixtureKt$$Lambda/0x000000eb010845c8 source: com.bilipai.desktop.ui.PostAdmissionFixtureKt
[2026-10-01T01:24:44.906+0100][class,load] java.lang.invoke.LambdaForm$DMH/0x000000eb01088000 source: __JVM_LookupDefineClass__
[2026-10-01T01:24:44.906+0100][class,load] com.android.purebilibili.feature.dynamic.DesktopOriginalDynamicReplySession$$Lambda/0x000000eb010847f0 source: com.android.purebilibili.feature.dynamic.DesktopOriginalDynamicReplySession
[2026-10-01T01:24:44.907+0100][class,load] java.util.concurrent.atomic.AtomicBoolean source: jrt:/java.base
[2026-10-01T01:24:44.907+0100][class,load] java.lang.invoke.VarHandles source: shared objects file
[2026-10-01T01:24:44.907+0100][class,load] java.lang.invoke.VarHandleInts$FieldInstanceReadOnly source: jrt:/java.base
[2026-10-01T01:24:44.907+0100][class,load] java.lang.invoke.VarHandleInts$FieldInstanceReadWrite source: jrt:/java.base
[2026-10-01T01:24:44.907+0100][class,load] java.lang.invoke.VarHandleGuards source: shared objects file
[2026-10-01T01:24:44.907+0100][class,load] java.lang.invoke.VarForm source: shared objects file
[2026-10-01T01:24:44.907+0100][class,load] kotlinx.coroutines.flow.StateFlowKt source: file:/C:/Users/TONYS/Documents/Codex/2026-09-29/https-github-com-jay3-yy-bilipai/work/toolchain/gradle-home/caches/modules-2/files-2.1/org.jetbrains.kotlinx/kotlinx-coroutines-core-jvm/1.10.2/4a9f78ef49483748e2c129f3d124b8fa249dafbf/kotlinx-coroutines-core-jvm-1.10.2.jar
[2026-10-01T01:24:44.909+0100][class,load] kotlinx.coroutines.flow.Flow source: file:/C:/Users/TONYS/Documents/Codex/2026-09-29/https-github-com-jay3-yy-bilipai/work/toolchain/gradle-home/caches/modules-2/files-2.1/org.jetbrains.kotlinx/kotlinx-coroutines-core-jvm/1.10.2/4a9f78ef49483748e2c129f3d124b8fa249dafbf/kotlinx-coroutines-core-jvm-1.10.2.jar
[2026-10-01T01:24:44.909+0100][class,load] kotlinx.coroutines.flow.SharedFlow source: file:/C:/Users/TONYS/Documents/Codex/2026-09-29/https-github-com-jay3-yy-bilipai/work/toolchain/gradle-home/caches/modules-2/files-2.1/org.jetbrains.kotlinx/kotlinx-coroutines-core-jvm/1.10.2/4a9f78ef49483748e2c129f3d124b8fa249dafbf/kotlinx-coroutines-core-jvm-1.10.2.jar
[2026-10-01T01:24:44.909+0100][class,load] kotlinx.coroutines.flow.StateFlow source: file:/C:/Users/TONYS/Documents/Codex/2026-09-29/https-github-com-jay3-yy-bilipai/work/toolchain/gradle-home/caches/modules-2/files-2.1/org.jetbrains.kotlinx/kotlinx-coroutines-core-jvm/1.10.2/4a9f78ef49483748e2c129f3d124b8fa249dafbf/kotlinx-coroutines-core-jvm-1.10.2.jar
[2026-10-01T01:24:44.909+0100][class,load] kotlinx.coroutines.flow.FlowCollector source: file:/C:/Users/TONYS/Documents/Codex/2026-09-29/https-github-com-jay3-yy-bilipai/work/toolchain/gradle-home/caches/modules-2/files-2.1/org.jetbrains.kotlinx/kotlinx-coroutines-core-jvm/1.10.2/4a9f78ef49483748e2c129f3d124b8fa249dafbf/kotlinx-coroutines-core-jvm-1.10.2.jar
[2026-10-01T01:24:44.909+0100][class,load] kotlinx.coroutines.flow.MutableSharedFlow source: file:/C:/Users/TONYS/Documents/Codex/2026-09-29/https-github-com-jay3-yy-bilipai/work/toolchain/gradle-home/caches/modules-2/files-2.1/org.jetbrains.kotlinx/kotlinx-coroutines-core-jvm/1.10.2/4a9f78ef49483748e2c129f3d124b8fa249dafbf/kotlinx-coroutines-core-jvm-1.10.2.jar
[2026-10-01T01:24:44.909+0100][class,load] kotlinx.coroutines.flow.MutableStateFlow source: file:/C:/Users/TONYS/Documents/Codex/2026-09-29/https-github-com-jay3-yy-bilipai/work/toolchain/gradle-home/caches/modules-2/files-2.1/org.jetbrains.kotlinx/kotlinx-coroutines-core-jvm/1.10.2/4a9f78ef49483748e2c129f3d124b8fa249dafbf/kotlinx-coroutines-core-jvm-1.10.2.jar
[2026-10-01T01:24:44.909+0100][class,load] kotlinx.coroutines.flow.CancellableFlow source: file:/C:/Users/TONYS/Documents/Codex/2026-09-29/https-github-com-jay3-yy-bilipai/work/toolchain/gradle-home/caches/modules-2/files-2.1/org.jetbrains.kotlinx/kotlinx-coroutines-core-jvm/1.10.2/4a9f78ef49483748e2c129f3d124b8fa249dafbf/kotlinx-coroutines-core-jvm-1.10.2.jar
[2026-10-01T01:24:44.909+0100][class,load] kotlinx.coroutines.flow.internal.FusibleFlow source: file:/C:/Users/TONYS/Documents/Codex/2026-09-29/https-github-com-jay3-yy-bilipai/work/toolchain/gradle-home/caches/modules-2/files-2.1/org.jetbrains.kotlinx/kotlinx-coroutines-core-jvm/1.10.2/4a9f78ef49483748e2c129f3d124b8fa249dafbf/kotlinx-coroutines-core-jvm-1.10.2.jar
[2026-10-01T01:24:44.910+0100][class,load] kotlinx.coroutines.flow.internal.AbstractSharedFlow source: file:/C:/Users/TONYS/Documents/Codex/2026-09-29/https-github-com-jay3-yy-bilipai/work/toolchain/gradle-home/caches/modules-2/files-2.1/org.jetbrains.kotlinx/kotlinx-coroutines-core-jvm/1.10.2/4a9f78ef49483748e2c129f3d124b8fa249dafbf/kotlinx-coroutines-core-jvm-1.10.2.jar
[2026-10-01T01:24:44.910+0100][class,load] kotlinx.coroutines.flow.StateFlowImpl source: file:/C:/Users/TONYS/Documents/Codex/2026-09-29/https-github-com-jay3-yy-bilipai/work/toolchain/gradle-home/caches/modules-2/files-2.1/org.jetbrains.kotlinx/kotlinx-coroutines-core-jvm/1.10.2/4a9f78ef49483748e2c129f3d124b8fa249dafbf/kotlinx-coroutines-core-jvm-1.10.2.jar
[2026-10-01T01:24:44.910+0100][class,load] kotlinx.coroutines.flow.internal.NullSurrogateKt source: file:/C:/Users/TONYS/Documents/Codex/2026-09-29/https-github-com-jay3-yy-bilipai/work/toolchain/gradle-home/caches/modules-2/files-2.1/org.jetbrains.kotlinx/kotlinx-coroutines-core-jvm/1.10.2/4a9f78ef49483748e2c129f3d124b8fa249dafbf/kotlinx-coroutines-core-jvm-1.10.2.jar
[2026-10-01T01:24:44.910+0100][class,load] com.android.purebilibili.feature.dynamic.DesktopOriginalDynamicReplySession$special$$inlined$map$1 source: file:/C:/Users/TONYS/Documents/Codex/2026-09-29/https-github-com-jay3-yy-bilipai/work/BiliPai/desktop/.local/dynamic-detail-reply-parity/detail-container-next/liquid-ui-proof/post-admission-delta/classes-02/
[2026-10-01T01:24:44.910+0100][class,load] kotlinx.coroutines.flow.SharingStarted source: file:/C:/Users/TONYS/Documents/Codex/2026-09-29/https-github-com-jay3-yy-bilipai/work/toolchain/gradle-home/caches/modules-2/files-2.1/org.jetbrains.kotlinx/kotlinx-coroutines-core-jvm/1.10.2/4a9f78ef49483748e2c129f3d124b8fa249dafbf/kotlinx-coroutines-core-jvm-1.10.2.jar
[2026-10-01T01:24:44.911+0100][class,load] kotlinx.coroutines.flow.SharingStarted$Companion source: file:/C:/Users/TONYS/Documents/Codex/2026-09-29/https-github-com-jay3-yy-bilipai/work/toolchain/gradle-home/caches/modules-2/files-2.1/org.jetbrains.kotlinx/kotlinx-coroutines-core-jvm/1.10.2/4a9f78ef49483748e2c129f3d124b8fa249dafbf/kotlinx-coroutines-core-jvm-1.10.2.jar
[2026-10-01T01:24:44.911+0100][class,load] kotlinx.coroutines.flow.StartedEagerly source: file:/C:/Users/TONYS/Documents/Codex/2026-09-29/https-github-com-jay3-yy-bilipai/work/toolchain/gradle-home/caches/modules-2/files-2.1/org.jetbrains.kotlinx/kotlinx-coroutines-core-jvm/1.10.2/4a9f78ef49483748e2c129f3d124b8fa249dafbf/kotlinx-coroutines-core-jvm-1.10.2.jar
[2026-10-01T01:24:44.911+0100][class,load] kotlinx.coroutines.flow.StartedLazily source: file:/C:/Users/TONYS/Documents/Codex/2026-09-29/https-github-com-jay3-yy-bilipai/work/toolchain/gradle-home/caches/modules-2/files-2.1/org.jetbrains.kotlinx/kotlinx-coroutines-core-jvm/1.10.2/4a9f78ef49483748e2c129f3d124b8fa249dafbf/kotlinx-coroutines-core-jvm-1.10.2.jar
[2026-10-01T01:24:44.911+0100][class,load] kotlinx.coroutines.flow.StartedWhileSubscribed source: file:/C:/Users/TONYS/Documents/Codex/2026-09-29/https-github-com-jay3-yy-bilipai/work/toolchain/gradle-home/caches/modules-2/files-2.1/org.jetbrains.kotlinx/kotlinx-coroutines-core-jvm/1.10.2/4a9f78ef49483748e2c129f3d124b8fa249dafbf/kotlinx-coroutines-core-jvm-1.10.2.jar
[2026-10-01T01:24:44.912+0100][class,load] kotlinx.coroutines.flow.FlowKt source: file:/C:/Users/TONYS/Documents/Codex/2026-09-29/https-github-com-jay3-yy-bilipai/work/toolchain/gradle-home/caches/modules-2/files-2.1/org.jetbrains.kotlinx/kotlinx-coroutines-core-jvm/1.10.2/4a9f78ef49483748e2c129f3d124b8fa249dafbf/kotlinx-coroutines-core-jvm-1.10.2.jar
[2026-10-01T01:24:44.912+0100][class,load] kotlinx.coroutines.flow.FlowKt__ShareKt source: file:/C:/Users/TONYS/Documents/Codex/2026-09-29/https-github-com-jay3-yy-bilipai/work/toolchain/gradle-home/caches/modules-2/files-2.1/org.jetbrains.kotlinx/kotlinx-coroutines-core-jvm/1.10.2/4a9f78ef49483748e2c129f3d124b8fa249dafbf/kotlinx-coroutines-core-jvm-1.10.2.jar
[2026-10-01T01:24:44.913+0100][class,load] kotlinx.coroutines.channels.SendChannel source: file:/C:/Users/TONYS/Documents/Codex/2026-09-29/https-github-com-jay3-yy-bilipai/work/toolchain/gradle-home/caches/modules-2/files-2.1/org.jetbrains.kotlinx/kotlinx-coroutines-core-jvm/1.10.2/4a9f78ef49483748e2c129f3d124b8fa249dafbf/kotlinx-coroutines-core-jvm-1.10.2.jar
[2026-10-01T01:24:44.913+0100][class,load] kotlinx.coroutines.channels.ReceiveChannel source: file:/C:/Users/TONYS/Documents/Codex/2026-09-29/https-github-com-jay3-yy-bilipai/work/toolchain/gradle-home/caches/modules-2/files-2.1/org.jetbrains.kotlinx/kotlinx-coroutines-core-jvm/1.10.2/4a9f78ef49483748e2c129f3d124b8fa249dafbf/kotlinx-coroutines-core-jvm-1.10.2.jar
[2026-10-01T01:24:44.913+0100][class,load] kotlinx.coroutines.channels.Channel source: file:/C:/Users/TONYS/Documents/Codex/2026-09-29/https-github-com-jay3-yy-bilipai/work/toolchain/gradle-home/caches/modules-2/files-2.1/org.jetbrains.kotlinx/kotlinx-coroutines-core-jvm/1.10.2/4a9f78ef49483748e2c129f3d124b8fa249dafbf/kotlinx-coroutines-core-jvm-1.10.2.jar
[2026-10-01T01:24:44.913+0100][class,load] kotlinx.coroutines.channels.Channel$Factory source: file:/C:/Users/TONYS/Documents/Codex/2026-09-29/https-github-com-jay3-yy-bilipai/work/toolchain/gradle-home/caches/modules-2/files-2.1/org.jetbrains.kotlinx/kotlinx-coroutines-core-jvm/1.10.2/4a9f78ef49483748e2c129f3d124b8fa249dafbf/kotlinx-coroutines-core-jvm-1.10.2.jar
[2026-10-01T01:24:44.913+0100][class,load] kotlinx.coroutines.internal.SystemPropsKt__SystemProps_commonKt source: file:/C:/Users/TONYS/Documents/Codex/2026-09-29/https-github-com-jay3-yy-bilipai/work/toolchain/gradle-home/caches/modules-2/files-2.1/org.jetbrains.kotlinx/kotlinx-coroutines-core-jvm/1.10.2/4a9f78ef49483748e2c129f3d124b8fa249dafbf/kotlinx-coroutines-core-jvm-1.10.2.jar
[2026-10-01T01:24:44.913+0100][class,load] kotlinx.coroutines.flow.internal.ChannelFlow source: file:/C:/Users/TONYS/Documents/Codex/2026-09-29/https-github-com-jay3-yy-bilipai/work/toolchain/gradle-home/caches/modules-2/files-2.1/org.jetbrains.kotlinx/kotlinx-coroutines-core-jvm/1.10.2/4a9f78ef49483748e2c129f3d124b8fa249dafbf/kotlinx-coroutines-core-jvm-1.10.2.jar
[2026-10-01T01:24:44.913+0100][class,load] kotlinx.coroutines.flow.SharingConfig source: file:/C:/Users/TONYS/Documents/Codex/2026-09-29/https-github-com-jay3-yy-bilipai/work/toolchain/gradle-home/caches/modules-2/files-2.1/org.jetbrains.kotlinx/kotlinx-coroutines-core-jvm/1.10.2/4a9f78ef49483748e2c129f3d124b8fa249dafbf/kotlinx-coroutines-core-jvm-1.10.2.jar
[2026-10-01T01:24:44.913+0100][class,load] kotlinx.coroutines.channels.BufferOverflow source: file:/C:/Users/TONYS/Documents/Codex/2026-09-29/https-github-com-jay3-yy-bilipai/work/toolchain/gradle-home/caches/modules-2/files-2.1/org.jetbrains.kotlinx/kotlinx-coroutines-core-jvm/1.10.2/4a9f78ef49483748e2c129f3d124b8fa249dafbf/kotlinx-coroutines-core-jvm-1.10.2.jar
[2026-10-01T01:24:44.914+0100][class,load] kotlinx.coroutines.CoroutineStart source: file:/C:/Users/TONYS/Documents/Codex/2026-09-29/https-github-com-jay3-yy-bilipai/work/toolchain/gradle-home/caches/modules-2/files-2.1/org.jetbrains.kotlinx/kotlinx-coroutines-core-jvm/1.10.2/4a9f78ef49483748e2c129f3d124b8fa249dafbf/kotlinx-coroutines-core-jvm-1.10.2.jar
[2026-10-01T01:24:44.914+0100][class,load] kotlinx.coroutines.flow.FlowKt__ShareKt$launchSharing$1 source: file:/C:/Users/TONYS/Documents/Codex/2026-09-29/https-github-com-jay3-yy-bilipai/work/toolchain/gradle-home/caches/modules-2/files-2.1/org.jetbrains.kotlinx/kotlinx-coroutines-core-jvm/1.10.2/4a9f78ef49483748e2c129f3d124b8fa249dafbf/kotlinx-coroutines-core-jvm-1.10.2.jar
[2026-10-01T01:24:44.914+0100][class,load] kotlinx.coroutines.BuildersKt source: file:/C:/Users/TONYS/Documents/Codex/2026-09-29/https-github-com-jay3-yy-bilipai/work/toolchain/gradle-home/caches/modules-2/files-2.1/org.jetbrains.kotlinx/kotlinx-coroutines-core-jvm/1.10.2/4a9f78ef49483748e2c129f3d124b8fa249dafbf/kotlinx-coroutines-core-jvm-1.10.2.jar
[2026-10-01T01:24:44.914+0100][class,load] kotlinx.coroutines.BuildersKt__Builders_commonKt source: file:/C:/Users/TONYS/Documents/Codex/2026-09-29/https-github-com-jay3-yy-bilipai/work/toolchain/gradle-home/caches/modules-2/files-2.1/org.jetbrains.kotlinx/kotlinx-coroutines-core-jvm/1.10.2/4a9f78ef49483748e2c129f3d124b8fa249dafbf/kotlinx-coroutines-core-jvm-1.10.2.jar
[2026-10-01T01:24:44.915+0100][class,load] kotlinx.coroutines.CoroutineContextKt source: file:/C:/Users/TONYS/Documents/Codex/2026-09-29/https-github-com-jay3-yy-bilipai/work/toolchain/gradle-home/caches/modules-2/files-2.1/org.jetbrains.kotlinx/kotlinx-coroutines-core-jvm/1.10.2/4a9f78ef49483748e2c129f3d124b8fa249dafbf/kotlinx-coroutines-core-jvm-1.10.2.jar
[2026-10-01T01:24:44.915+0100][class,load] java.lang.invoke.LambdaForm$DMH/0x000000eb01088400 source: __JVM_LookupDefineClass__
[2026-10-01T01:24:44.915+0100][class,load] kotlinx.coroutines.CoroutineContextKt$$Lambda/0x000000eb0108d3f0 source: kotlinx.coroutines.CoroutineContextKt
[2026-10-01T01:24:44.915+0100][class,load] kotlinx.coroutines.CopyableThreadContextElement source: file:/C:/Users/TONYS/Documents/Codex/2026-09-29/https-github-com-jay3-yy-bilipai/work/toolchain/gradle-home/caches/modules-2/files-2.1/org.jetbrains.kotlinx/kotlinx-coroutines-core-jvm/1.10.2/4a9f78ef49483748e2c129f3d124b8fa249dafbf/kotlinx-coroutines-core-jvm-1.10.2.jar
[2026-10-01T01:24:44.916+0100][class,load] kotlinx.coroutines.Dispatchers source: file:/C:/Users/TONYS/Documents/Codex/2026-09-29/https-github-com-jay3-yy-bilipai/work/toolchain/gradle-home/caches/modules-2/files-2.1/org.jetbrains.kotlinx/kotlinx-coroutines-core-jvm/1.10.2/4a9f78ef49483748e2c129f3d124b8fa249dafbf/kotlinx-coroutines-core-jvm-1.10.2.jar
[2026-10-01T01:24:44.916+0100][class,load] kotlinx.coroutines.ExecutorCoroutineDispatcher source: file:/C:/Users/TONYS/Documents/Codex/2026-09-29/https-github-com-jay3-yy-bilipai/work/toolchain/gradle-home/caches/modules-2/files-2.1/org.jetbrains.kotlinx/kotlinx-coroutines-core-jvm/1.10.2/4a9f78ef49483748e2c129f3d124b8fa249dafbf/kotlinx-coroutines-core-jvm-1.10.2.jar
[2026-10-01T01:24:44.916+0100][class,load] kotlinx.coroutines.scheduling.SchedulerCoroutineDispatcher source: file:/C:/Users/TONYS/Documents/Codex/2026-09-29/https-github-com-jay3-yy-bilipai/work/toolchain/gradle-home/caches/modules-2/files-2.1/org.jetbrains.kotlinx/kotlinx-coroutines-core-jvm/1.10.2/4a9f78ef49483748e2c129f3d124b8fa249dafbf/kotlinx-coroutines-core-jvm-1.10.2.jar
[2026-10-01T01:24:44.916+0100][class,load] kotlinx.coroutines.scheduling.DefaultScheduler source: file:/C:/Users/TONYS/Documents/Codex/2026-09-29/https-github-com-jay3-yy-bilipai/work/toolchain/gradle-home/caches/modules-2/files-2.1/org.jetbrains.kotlinx/kotlinx-coroutines-core-jvm/1.10.2/4a9f78ef49483748e2c129f3d124b8fa249dafbf/kotlinx-coroutines-core-jvm-1.10.2.jar
[2026-10-01T01:24:44.916+0100][class,load] kotlinx.coroutines.ExecutorCoroutineDispatcher$Key source: file:/C:/Users/TONYS/Documents/Codex/2026-09-29/https-github-com-jay3-yy-bilipai/work/toolchain/gradle-home/caches/modules-2/files-2.1/org.jetbrains.kotlinx/kotlinx-coroutines-core-jvm/1.10.2/4a9f78ef49483748e2c129f3d124b8fa249dafbf/kotlinx-coroutines-core-jvm-1.10.2.jar
[2026-10-01T01:24:44.916+0100][class,load] kotlinx.coroutines.ExecutorCoroutineDispatcher$Key$$Lambda/0x000000eb0108e5c8 source: kotlinx.coroutines.ExecutorCoroutineDispatcher$Key
[2026-10-01T01:24:44.916+0100][class,load] kotlinx.coroutines.scheduling.TasksKt source: file:/C:/Users/TONYS/Documents/Codex/2026-09-29/https-github-com-jay3-yy-bilipai/work/toolchain/gradle-home/caches/modules-2/files-2.1/org.jetbrains.kotlinx/kotlinx-coroutines-core-jvm/1.10.2/4a9f78ef49483748e2c129f3d124b8fa249dafbf/kotlinx-coroutines-core-jvm-1.10.2.jar
[2026-10-01T01:24:44.917+0100][class,load] kotlinx.coroutines.scheduling.SchedulerTimeSource source: file:/C:/Users/TONYS/Documents/Codex/2026-09-29/https-github-com-jay3-yy-bilipai/work/toolchain/gradle-home/caches/modules-2/files-2.1/org.jetbrains.kotlinx/kotlinx-coroutines-core-jvm/1.10.2/4a9f78ef49483748e2c129f3d124b8fa249dafbf/kotlinx-coroutines-core-jvm-1.10.2.jar
[2026-10-01T01:24:44.917+0100][class,load] kotlinx.coroutines.scheduling.NanoTimeSource source: file:/C:/Users/TONYS/Documents/Codex/2026-09-29/https-github-com-jay3-yy-bilipai/work/toolchain/gradle-home/caches/modules-2/files-2.1/org.jetbrains.kotlinx/kotlinx-coroutines-core-jvm/1.10.2/4a9f78ef49483748e2c129f3d124b8fa249dafbf/kotlinx-coroutines-core-jvm-1.10.2.jar
[2026-10-01T01:24:44.917+0100][class,load] java.util.concurrent.Executor source: shared objects file
[2026-10-01T01:24:44.918+0100][class,load] kotlinx.coroutines.scheduling.CoroutineScheduler source: file:/C:/Users/TONYS/Documents/Codex/2026-09-29/https-github-com-jay3-yy-bilipai/work/toolchain/gradle-home/caches/modules-2/files-2.1/org.jetbrains.kotlinx/kotlinx-coroutines-core-jvm/1.10.2/4a9f78ef49483748e2c129f3d124b8fa249dafbf/kotlinx-coroutines-core-jvm-1.10.2.jar
[2026-10-01T01:24:44.918+0100][class,load] java.util.concurrent.RejectedExecutionException source: jrt:/java.base
[2026-10-01T01:24:44.918+0100][class,load] kotlinx.coroutines.scheduling.CoroutineScheduler$Companion source: file:/C:/Users/TONYS/Documents/Codex/2026-09-29/https-github-com-jay3-yy-bilipai/work/toolchain/gradle-home/caches/modules-2/files-2.1/org.jetbrains.kotlinx/kotlinx-coroutines-core-jvm/1.10.2/4a9f78ef49483748e2c129f3d124b8fa249dafbf/kotlinx-coroutines-core-jvm-1.10.2.jar
[2026-10-01T01:24:44.918+0100][class,load] java.util.concurrent.atomic.AtomicLongFieldUpdater source: jrt:/java.base
[2026-10-01T01:24:44.918+0100][class,load] java.util.concurrent.atomic.AtomicLongFieldUpdater$CASUpdater source: jrt:/java.base
[2026-10-01T01:24:44.918+0100][class,load] java.util.concurrent.atomic.AtomicLongFieldUpdater$CASUpdater$1 source: jrt:/java.base
[2026-10-01T01:24:44.918+0100][class,load] kotlinx.coroutines.internal.LockFreeTaskQueue source: file:/C:/Users/TONYS/Documents/Codex/2026-09-29/https-github-com-jay3-yy-bilipai/work/toolchain/gradle-home/caches/modules-2/files-2.1/org.jetbrains.kotlinx/kotlinx-coroutines-core-jvm/1.10.2/4a9f78ef49483748e2c129f3d124b8fa249dafbf/kotlinx-coroutines-core-jvm-1.10.2.jar
[2026-10-01T01:24:44.918+0100][class,load] kotlinx.coroutines.scheduling.GlobalQueue source: file:/C:/Users/TONYS/Documents/Codex/2026-09-29/https-github-com-jay3-yy-bilipai/work/toolchain/gradle-home/caches/modules-2/files-2.1/org.jetbrains.kotlinx/kotlinx-coroutines-core-jvm/1.10.2/4a9f78ef49483748e2c129f3d124b8fa249dafbf/kotlinx-coroutines-core-jvm-1.10.2.jar
[2026-10-01T01:24:44.918+0100][class,load] kotlinx.coroutines.internal.ResizableAtomicArray source: file:/C:/Users/TONYS/Documents/Codex/2026-09-29/https-github-com-jay3-yy-bilipai/work/toolchain/gradle-home/caches/modules-2/files-2.1/org.jetbrains.kotlinx/kotlinx-coroutines-core-jvm/1.10.2/4a9f78ef49483748e2c129f3d124b8fa249dafbf/kotlinx-coroutines-core-jvm-1.10.2.jar
[2026-10-01T01:24:44.918+0100][class,load] java.util.concurrent.atomic.AtomicIntegerFieldUpdater source: jrt:/java.base
[2026-10-01T01:24:44.918+0100][class,load] java.util.concurrent.atomic.AtomicIntegerFieldUpdater$AtomicIntegerFieldUpdaterImpl source: jrt:/java.base
[2026-10-01T01:24:44.918+0100][class,load] java.util.concurrent.atomic.AtomicIntegerFieldUpdater$AtomicIntegerFieldUpdaterImpl$1 source: jrt:/java.base
[2026-10-01T01:24:44.919+0100][class,load] kotlinx.coroutines.internal.LockFreeTaskQueueCore source: file:/C:/Users/TONYS/Documents/Codex/2026-09-29/https-github-com-jay3-yy-bilipai/work/toolchain/gradle-home/caches/modules-2/files-2.1/org.jetbrains.kotlinx/kotlinx-coroutines-core-jvm/1.10.2/4a9f78ef49483748e2c129f3d124b8fa249dafbf/kotlinx-coroutines-core-jvm-1.10.2.jar
[2026-10-01T01:24:44.919+0100][class,load] kotlinx.coroutines.internal.LockFreeTaskQueueCore$Companion source: file:/C:/Users/TONYS/Documents/Codex/2026-09-29/https-github-com-jay3-yy-bilipai/work/toolchain/gradle-home/caches/modules-2/files-2.1/org.jetbrains.kotlinx/kotlinx-coroutines-core-jvm/1.10.2/4a9f78ef49483748e2c129f3d124b8fa249dafbf/kotlinx-coroutines-core-jvm-1.10.2.jar
[2026-10-01T01:24:44.919+0100][class,load] java.util.concurrent.atomic.AtomicReferenceArray source: jrt:/java.base
[2026-10-01T01:24:44.919+0100][class,load] java.lang.invoke.VarHandleReferences$Array source: jrt:/java.base
[2026-10-01T01:24:44.920+0100][class,load] kotlinx.coroutines.Unconfined source: file:/C:/Users/TONYS/Documents/Codex/2026-09-29/https-github-com-jay3-yy-bilipai/work/toolchain/gradle-home/caches/modules-2/files-2.1/org.jetbrains.kotlinx/kotlinx-coroutines-core-jvm/1.10.2/4a9f78ef49483748e2c129f3d124b8fa249dafbf/kotlinx-coroutines-core-jvm-1.10.2.jar
[2026-10-01T01:24:44.920+0100][class,load] kotlinx.coroutines.AbstractCoroutine source: file:/C:/Users/TONYS/Documents/Codex/2026-09-29/https-github-com-jay3-yy-bilipai/work/toolchain/gradle-home/caches/modules-2/files-2.1/org.jetbrains.kotlinx/kotlinx-coroutines-core-jvm/1.10.2/4a9f78ef49483748e2c129f3d124b8fa249dafbf/kotlinx-coroutines-core-jvm-1.10.2.jar
[2026-10-01T01:24:44.920+0100][class,load] kotlinx.coroutines.StandaloneCoroutine source: file:/C:/Users/TONYS/Documents/Codex/2026-09-29/https-github-com-jay3-yy-bilipai/work/toolchain/gradle-home/caches/modules-2/files-2.1/org.jetbrains.kotlinx/kotlinx-coroutines-core-jvm/1.10.2/4a9f78ef49483748e2c129f3d124b8fa249dafbf/kotlinx-coroutines-core-jvm-1.10.2.jar
[2026-10-01T01:24:44.920+0100][class,load] kotlinx.coroutines.CoroutineStart$WhenMappings source: file:/C:/Users/TONYS/Documents/Codex/2026-09-29/https-github-com-jay3-yy-bilipai/work/toolchain/gradle-home/caches/modules-2/files-2.1/org.jetbrains.kotlinx/kotlinx-coroutines-core-jvm/1.10.2/4a9f78ef49483748e2c129f3d124b8fa249dafbf/kotlinx-coroutines-core-jvm-1.10.2.jar
[2026-10-01T01:24:44.920+0100][class,load] kotlinx.coroutines.intrinsics.UndispatchedKt source: file:/C:/Users/TONYS/Documents/Codex/2026-09-29/https-github-com-jay3-yy-bilipai/work/toolchain/gradle-home/caches/modules-2/files-2.1/org.jetbrains.kotlinx/kotlinx-coroutines-core-jvm/1.10.2/4a9f78ef49483748e2c129f3d124b8fa249dafbf/kotlinx-coroutines-core-jvm-1.10.2.jar
[2026-10-01T01:24:44.921+0100][class,load] kotlinx.coroutines.DispatchException source: file:/C:/Users/TONYS/Documents/Codex/2026-09-29/https-github-com-jay3-yy-bilipai/work/toolchain/gradle-home/caches/modules-2/files-2.1/org.jetbrains.kotlinx/kotlinx-coroutines-core-jvm/1.10.2/4a9f78ef49483748e2c129f3d124b8fa249dafbf/kotlinx-coroutines-core-jvm-1.10.2.jar
[2026-10-01T01:24:44.921+0100][class,load] kotlin.coroutines.jvm.internal.DebugProbesKt source: file:/C:/Users/TONYS/Documents/Codex/2026-09-29/https-github-com-jay3-yy-bilipai/work/toolchain/gradle-home/caches/modules-2/files-2.1/org.jetbrains.kotlin/kotlin-stdlib/2.4.10/8943c84ddc6d5cc00a10dbc3736c397066eeaab5/kotlin-stdlib-2.4.10.jar
[2026-10-01T01:24:44.921+0100][class,load] kotlinx.coroutines.internal.ThreadContextKt source: file:/C:/Users/TONYS/Documents/Codex/2026-09-29/https-github-com-jay3-yy-bilipai/work/toolchain/gradle-home/caches/modules-2/files-2.1/org.jetbrains.kotlinx/kotlinx-coroutines-core-jvm/1.10.2/4a9f78ef49483748e2c129f3d124b8fa249dafbf/kotlinx-coroutines-core-jvm-1.10.2.jar
[2026-10-01T01:24:44.921+0100][class,load] kotlinx.coroutines.internal.ThreadContextKt$$Lambda/0x000000eb0108b310 source: kotlinx.coroutines.internal.ThreadContextKt
[2026-10-01T01:24:44.921+0100][class,load] kotlinx.coroutines.internal.ThreadContextKt$$Lambda/0x000000eb0108b530 source: kotlinx.coroutines.internal.ThreadContextKt
[2026-10-01T01:24:44.921+0100][class,load] kotlinx.coroutines.internal.ThreadState source: file:/C:/Users/TONYS/Documents/Codex/2026-09-29/https-github-com-jay3-yy-bilipai/work/toolchain/gradle-home/caches/modules-2/files-2.1/org.jetbrains.kotlinx/kotlinx-coroutines-core-jvm/1.10.2/4a9f78ef49483748e2c129f3d124b8fa249dafbf/kotlinx-coroutines-core-jvm-1.10.2.jar
[2026-10-01T01:24:44.922+0100][class,load] kotlinx.coroutines.internal.ThreadContextKt$$Lambda/0x000000eb0108b960 source: kotlinx.coroutines.internal.ThreadContextKt
[2026-10-01T01:24:44.922+0100][class,load] kotlin.jvm.internal.TypeIntrinsics source: file:/C:/Users/TONYS/Documents/Codex/2026-09-29/https-github-com-jay3-yy-bilipai/work/toolchain/gradle-home/caches/modules-2/files-2.1/org.jetbrains.kotlin/kotlin-stdlib/2.4.10/8943c84ddc6d5cc00a10dbc3736c397066eeaab5/kotlin-stdlib-2.4.10.jar
[2026-10-01T01:24:44.923+0100][class,load] kotlin.coroutines.intrinsics.IntrinsicsKt__IntrinsicsJvmKt source: file:/C:/Users/TONYS/Documents/Codex/2026-09-29/https-github-com-jay3-yy-bilipai/work/toolchain/gradle-home/caches/modules-2/files-2.1/org.jetbrains.kotlin/kotlin-stdlib/2.4.10/8943c84ddc6d5cc00a10dbc3736c397066eeaab5/kotlin-stdlib-2.4.10.jar
[2026-10-01T01:24:44.923+0100][class,load] kotlin.coroutines.intrinsics.IntrinsicsKt__IntrinsicsKt source: file:/C:/Users/TONYS/Documents/Codex/2026-09-29/https-github-com-jay3-yy-bilipai/work/toolchain/gradle-home/caches/modules-2/files-2.1/org.jetbrains.kotlin/kotlin-stdlib/2.4.10/8943c84ddc6d5cc00a10dbc3736c397066eeaab5/kotlin-stdlib-2.4.10.jar
[2026-10-01T01:24:44.923+0100][class,load] kotlin.coroutines.intrinsics.IntrinsicsKt source: file:/C:/Users/TONYS/Documents/Codex/2026-09-29/https-github-com-jay3-yy-bilipai/work/toolchain/gradle-home/caches/modules-2/files-2.1/org.jetbrains.kotlin/kotlin-stdlib/2.4.10/8943c84ddc6d5cc00a10dbc3736c397066eeaab5/kotlin-stdlib-2.4.10.jar
[2026-10-01T01:24:44.923+0100][class,load] kotlin.coroutines.intrinsics.CoroutineSingletons source: file:/C:/Users/TONYS/Documents/Codex/2026-09-29/https-github-com-jay3-yy-bilipai/work/toolchain/gradle-home/caches/modules-2/files-2.1/org.jetbrains.kotlin/kotlin-stdlib/2.4.10/8943c84ddc6d5cc00a10dbc3736c397066eeaab5/kotlin-stdlib-2.4.10.jar
[2026-10-01T01:24:44.923+0100][class,load] kotlin.ResultKt source: file:/C:/Users/TONYS/Documents/Codex/2026-09-29/https-github-com-jay3-yy-bilipai/work/toolchain/gradle-home/caches/modules-2/files-2.1/org.jetbrains.kotlin/kotlin-stdlib/2.4.10/8943c84ddc6d5cc00a10dbc3736c397066eeaab5/kotlin-stdlib-2.4.10.jar
[2026-10-01T01:24:44.924+0100][class,load] kotlinx.coroutines.flow.SharedFlowImpl source: file:/C:/Users/TONYS/Documents/Codex/2026-09-29/https-github-com-jay3-yy-bilipai/work/toolchain/gradle-home/caches/modules-2/files-2.1/org.jetbrains.kotlinx/kotlinx-coroutines-core-jvm/1.10.2/4a9f78ef49483748e2c129f3d124b8fa249dafbf/kotlinx-coroutines-core-jvm-1.10.2.jar
[2026-10-01T01:24:44.924+0100][class,load] kotlinx.coroutines.flow.internal.SubscriptionCountStateFlow source: file:/C:/Users/TONYS/Documents/Codex/2026-09-29/https-github-com-jay3-yy-bilipai/work/toolchain/gradle-home/caches/modules-2/files-2.1/org.jetbrains.kotlinx/kotlinx-coroutines-core-jvm/1.10.2/4a9f78ef49483748e2c129f3d124b8fa249dafbf/kotlinx-coroutines-core-jvm-1.10.2.jar
[2026-10-01T01:24:44.924+0100][class,load] kotlinx.coroutines.flow.internal.AbstractSharedFlowKt source: file:/C:/Users/TONYS/Documents/Codex/2026-09-29/https-github-com-jay3-yy-bilipai/work/toolchain/gradle-home/caches/modules-2/files-2.1/org.jetbrains.kotlinx/kotlinx-coroutines-core-jvm/1.10.2/4a9f78ef49483748e2c129f3d124b8fa249dafbf/kotlinx-coroutines-core-jvm-1.10.2.jar
[2026-10-01T01:24:44.925+0100][class,load] kotlinx.coroutines.flow.SharedFlowKt source: file:/C:/Users/TONYS/Documents/Codex/2026-09-29/https-github-com-jay3-yy-bilipai/work/toolchain/gradle-home/caches/modules-2/files-2.1/org.jetbrains.kotlinx/kotlinx-coroutines-core-jvm/1.10.2/4a9f78ef49483748e2c129f3d124b8fa249dafbf/kotlinx-coroutines-core-jvm-1.10.2.jar
[2026-10-01T01:24:44.925+0100][class,load] kotlinx.coroutines.flow.StartedWhileSubscribed$command$1 source: file:/C:/Users/TONYS/Documents/Codex/2026-09-29/https-github-com-jay3-yy-bilipai/work/toolchain/gradle-home/caches/modules-2/files-2.1/org.jetbrains.kotlinx/kotlinx-coroutines-core-jvm/1.10.2/4a9f78ef49483748e2c129f3d124b8fa249dafbf/kotlinx-coroutines-core-jvm-1.10.2.jar
[2026-10-01T01:24:44.925+0100][class,load] kotlinx.coroutines.flow.FlowKt__MergeKt source: file:/C:/Users/TONYS/Documents/Codex/2026-09-29/https-github-com-jay3-yy-bilipai/work/toolchain/gradle-home/caches/modules-2/files-2.1/org.jetbrains.kotlinx/kotlinx-coroutines-core-jvm/1.10.2/4a9f78ef49483748e2c129f3d124b8fa249dafbf/kotlinx-coroutines-core-jvm-1.10.2.jar
[2026-10-01T01:24:44.926+0100][class,load] kotlinx.coroutines.flow.internal.ChannelFlowOperator source: file:/C:/Users/TONYS/Documents/Codex/2026-09-29/https-github-com-jay3-yy-bilipai/work/toolchain/gradle-home/caches/modules-2/files-2.1/org.jetbrains.kotlinx/kotlinx-coroutines-core-jvm/1.10.2/4a9f78ef49483748e2c129f3d124b8fa249dafbf/kotlinx-coroutines-core-jvm-1.10.2.jar
[2026-10-01T01:24:44.926+0100][class,load] kotlinx.coroutines.flow.internal.ChannelFlowTransformLatest source: file:/C:/Users/TONYS/Documents/Codex/2026-09-29/https-github-com-jay3-yy-bilipai/work/toolchain/gradle-home/caches/modules-2/files-2.1/org.jetbrains.kotlinx/kotlinx-coroutines-core-jvm/1.10.2/4a9f78ef49483748e2c129f3d124b8fa249dafbf/kotlinx-coroutines-core-jvm-1.10.2.jar
[2026-10-01T01:24:44.926+0100][class,load] kotlinx.coroutines.flow.StartedWhileSubscribed$command$2 source: file:/C:/Users/TONYS/Documents/Codex/2026-09-29/https-github-com-jay3-yy-bilipai/work/toolchain/gradle-home/caches/modules-2/files-2.1/org.jetbrains.kotlinx/kotlinx-coroutines-core-jvm/1.10.2/4a9f78ef49483748e2c129f3d124b8fa249dafbf/kotlinx-coroutines-core-jvm-1.10.2.jar
[2026-10-01T01:24:44.926+0100][class,load] kotlinx.coroutines.flow.FlowKt__LimitKt source: file:/C:/Users/TONYS/Documents/Codex/2026-09-29/https-github-com-jay3-yy-bilipai/work/toolchain/gradle-home/caches/modules-2/files-2.1/org.jetbrains.kotlinx/kotlinx-coroutines-core-jvm/1.10.2/4a9f78ef49483748e2c129f3d124b8fa249dafbf/kotlinx-coroutines-core-jvm-1.10.2.jar
[2026-10-01T01:24:44.926+0100][class,load] java.util.concurrent.CancellationException source: jrt:/java.base
[2026-10-01T01:24:44.926+0100][class,load] kotlinx.coroutines.flow.internal.AbortFlowException source: file:/C:/Users/TONYS/Documents/Codex/2026-09-29/https-github-com-jay3-yy-bilipai/work/toolchain/gradle-home/caches/modules-2/files-2.1/org.jetbrains.kotlinx/kotlinx-coroutines-core-jvm/1.10.2/4a9f78ef49483748e2c129f3d124b8fa249dafbf/kotlinx-coroutines-core-jvm-1.10.2.jar
[2026-10-01T01:24:44.927+0100][class,load] kotlinx.coroutines.flow.FlowKt__LimitKt$dropWhile$$inlined$unsafeFlow$1 source: file:/C:/Users/TONYS/Documents/Codex/2026-09-29/https-github-com-jay3-yy-bilipai/work/toolchain/gradle-home/caches/modules-2/files-2.1/org.jetbrains.kotlinx/kotlinx-coroutines-core-jvm/1.10.2/4a9f78ef49483748e2c129f3d124b8fa249dafbf/kotlinx-coroutines-core-jvm-1.10.2.jar
[2026-10-01T01:24:44.927+0100][class,load] kotlinx.coroutines.flow.FlowKt__DistinctKt source: file:/C:/Users/TONYS/Documents/Codex/2026-09-29/https-github-com-jay3-yy-bilipai/work/toolchain/gradle-home/caches/modules-2/files-2.1/org.jetbrains.kotlinx/kotlinx-coroutines-core-jvm/1.10.2/4a9f78ef49483748e2c129f3d124b8fa249dafbf/kotlinx-coroutines-core-jvm-1.10.2.jar
[2026-10-01T01:24:44.927+0100][class,load] kotlinx.coroutines.flow.FlowKt__DistinctKt$$Lambda/0x000000eb01091530 source: kotlinx.coroutines.flow.FlowKt__DistinctKt
[2026-10-01T01:24:44.928+0100][class,load] java.lang.invoke.LambdaForm$DMH/0x000000eb01094000 source: __JVM_LookupDefineClass__
[2026-10-01T01:24:44.928+0100][class,load] kotlinx.coroutines.flow.FlowKt__DistinctKt$$Lambda/0x000000eb01091750 source: kotlinx.coroutines.flow.FlowKt__DistinctKt
[2026-10-01T01:24:44.928+0100][class,load] kotlinx.coroutines.flow.DistinctFlowImpl source: file:/C:/Users/TONYS/Documents/Codex/2026-09-29/https-github-com-jay3-yy-bilipai/work/toolchain/gradle-home/caches/modules-2/files-2.1/org.jetbrains.kotlinx/kotlinx-coroutines-core-jvm/1.10.2/4a9f78ef49483748e2c129f3d124b8fa249dafbf/kotlinx-coroutines-core-jvm-1.10.2.jar
[2026-10-01T01:24:44.928+0100][class,load] kotlinx.coroutines.flow.FlowKt__ShareKt$launchSharing$1$2 source: file:/C:/Users/TONYS/Documents/Codex/2026-09-29/https-github-com-jay3-yy-bilipai/work/toolchain/gradle-home/caches/modules-2/files-2.1/org.jetbrains.kotlinx/kotlinx-coroutines-core-jvm/1.10.2/4a9f78ef49483748e2c129f3d124b8fa249dafbf/kotlinx-coroutines-core-jvm-1.10.2.jar
[2026-10-01T01:24:44.928+0100][class,load] kotlinx.coroutines.flow.FlowKt__CollectKt source: file:/C:/Users/TONYS/Documents/Codex/2026-09-29/https-github-com-jay3-yy-bilipai/work/toolchain/gradle-home/caches/modules-2/files-2.1/org.jetbrains.kotlinx/kotlinx-coroutines-core-jvm/1.10.2/4a9f78ef49483748e2c129f3d124b8fa249dafbf/kotlinx-coroutines-core-jvm-1.10.2.jar
[2026-10-01T01:24:44.928+0100][class,load] kotlinx.coroutines.flow.FlowKt__MergeKt$mapLatest$1 source: file:/C:/Users/TONYS/Documents/Codex/2026-09-29/https-github-com-jay3-yy-bilipai/work/toolchain/gradle-home/caches/modules-2/files-2.1/org.jetbrains.kotlinx/kotlinx-coroutines-core-jvm/1.10.2/4a9f78ef49483748e2c129f3d124b8fa249dafbf/kotlinx-coroutines-core-jvm-1.10.2.jar
[2026-10-01T01:24:44.928+0100][class,load] kotlinx.coroutines.flow.FlowKt__ContextKt source: file:/C:/Users/TONYS/Documents/Codex/2026-09-29/https-github-com-jay3-yy-bilipai/work/toolchain/gradle-home/caches/modules-2/files-2.1/org.jetbrains.kotlinx/kotlinx-coroutines-core-jvm/1.10.2/4a9f78ef49483748e2c129f3d124b8fa249dafbf/kotlinx-coroutines-core-jvm-1.10.2.jar
[2026-10-01T01:24:44.929+0100][class,load] kotlinx.coroutines.flow.internal.FusibleFlow$DefaultImpls source: file:/C:/Users/TONYS/Documents/Codex/2026-09-29/https-github-com-jay3-yy-bilipai/work/toolchain/gradle-home/caches/modules-2/files-2.1/org.jetbrains.kotlinx/kotlinx-coroutines-core-jvm/1.10.2/4a9f78ef49483748e2c129f3d124b8fa249dafbf/kotlinx-coroutines-core-jvm-1.10.2.jar
[2026-10-01T01:24:44.929+0100][class,load] kotlinx.coroutines.flow.internal.NopCollector source: file:/C:/Users/TONYS/Documents/Codex/2026-09-29/https-github-com-jay3-yy-bilipai/work/toolchain/gradle-home/caches/modules-2/files-2.1/org.jetbrains.kotlinx/kotlinx-coroutines-core-jvm/1.10.2/4a9f78ef49483748e2c129f3d124b8fa249dafbf/kotlinx-coroutines-core-jvm-1.10.2.jar
[2026-10-01T01:24:44.929+0100][class,load] kotlinx.coroutines.flow.internal.ChannelFlow$collect$2 source: file:/C:/Users/TONYS/Documents/Codex/2026-09-29/https-github-com-jay3-yy-bilipai/work/toolchain/gradle-home/caches/modules-2/files-2.1/org.jetbrains.kotlinx/kotlinx-coroutines-core-jvm/1.10.2/4a9f78ef49483748e2c129f3d124b8fa249dafbf/kotlinx-coroutines-core-jvm-1.10.2.jar
[2026-10-01T01:24:44.929+0100][class,load] kotlinx.coroutines.internal.ScopeCoroutine source: file:/C:/Users/TONYS/Documents/Codex/2026-09-29/https-github-com-jay3-yy-bilipai/work/toolchain/gradle-home/caches/modules-2/files-2.1/org.jetbrains.kotlinx/kotlinx-coroutines-core-jvm/1.10.2/4a9f78ef49483748e2c129f3d124b8fa249dafbf/kotlinx-coroutines-core-jvm-1.10.2.jar
[2026-10-01T01:24:44.929+0100][class,load] kotlinx.coroutines.flow.internal.ChannelFlow$collectToFun$1 source: file:/C:/Users/TONYS/Documents/Codex/2026-09-29/https-github-com-jay3-yy-bilipai/work/toolchain/gradle-home/caches/modules-2/files-2.1/org.jetbrains.kotlinx/kotlinx-coroutines-core-jvm/1.10.2/4a9f78ef49483748e2c129f3d124b8fa249dafbf/kotlinx-coroutines-core-jvm-1.10.2.jar
[2026-10-01T01:24:44.931+0100][class,load] kotlinx.coroutines.channels.ProduceKt source: file:/C:/Users/TONYS/Documents/Codex/2026-09-29/https-github-com-jay3-yy-bilipai/work/toolchain/gradle-home/caches/modules-2/files-2.1/org.jetbrains.kotlinx/kotlinx-coroutines-core-jvm/1.10.2/4a9f78ef49483748e2c129f3d124b8fa249dafbf/kotlinx-coroutines-core-jvm-1.10.2.jar
[2026-10-01T01:24:44.932+0100][class,load] kotlinx.coroutines.channels.ChannelKt source: file:/C:/Users/TONYS/Documents/Codex/2026-09-29/https-github-com-jay3-yy-bilipai/work/toolchain/gradle-home/caches/modules-2/files-2.1/org.jetbrains.kotlinx/kotlinx-coroutines-core-jvm/1.10.2/4a9f78ef49483748e2c129f3d124b8fa249dafbf/kotlinx-coroutines-core-jvm-1.10.2.jar
[2026-10-01T01:24:44.933+0100][class,load] kotlinx.coroutines.channels.BufferedChannel source: file:/C:/Users/TONYS/Documents/Codex/2026-09-29/https-github-com-jay3-yy-bilipai/work/toolchain/gradle-home/caches/modules-2/files-2.1/org.jetbrains.kotlinx/kotlinx-coroutines-core-jvm/1.10.2/4a9f78ef49483748e2c129f3d124b8fa249dafbf/kotlinx-coroutines-core-jvm-1.10.2.jar
[2026-10-01T01:24:44.933+0100][class,load] kotlinx.coroutines.internal.UndeliveredElementException source: file:/C:/Users/TONYS/Documents/Codex/2026-09-29/https-github-com-jay3-yy-bilipai/work/toolchain/gradle-home/caches/modules-2/files-2.1/org.jetbrains.kotlinx/kotlinx-coroutines-core-jvm/1.10.2/4a9f78ef49483748e2c129f3d124b8fa249dafbf/kotlinx-coroutines-core-jvm-1.10.2.jar
[2026-10-01T01:24:44.934+0100][class,load] kotlinx.coroutines.channels.BufferedChannelKt source: file:/C:/Users/TONYS/Documents/Codex/2026-09-29/https-github-com-jay3-yy-bilipai/work/toolchain/gradle-home/caches/modules-2/files-2.1/org.jetbrains.kotlinx/kotlinx-coroutines-core-jvm/1.10.2/4a9f78ef49483748e2c129f3d124b8fa249dafbf/kotlinx-coroutines-core-jvm-1.10.2.jar
[2026-10-01T01:24:44.934+0100][class,load] kotlinx.coroutines.NotCompleted source: file:/C:/Users/TONYS/Documents/Codex/2026-09-29/https-github-com-jay3-yy-bilipai/work/toolchain/gradle-home/caches/modules-2/files-2.1/org.jetbrains.kotlinx/kotlinx-coroutines-core-jvm/1.10.2/4a9f78ef49483748e2c129f3d124b8fa249dafbf/kotlinx-coroutines-core-jvm-1.10.2.jar
[2026-10-01T01:24:44.934+0100][class,load] kotlinx.coroutines.internal.ConcurrentLinkedListNode source: file:/C:/Users/TONYS/Documents/Codex/2026-09-29/https-github-com-jay3-yy-bilipai/work/toolchain/gradle-home/caches/modules-2/files-2.1/org.jetbrains.kotlinx/kotlinx-coroutines-core-jvm/1.10.2/4a9f78ef49483748e2c129f3d124b8fa249dafbf/kotlinx-coroutines-core-jvm-1.10.2.jar
[2026-10-01T01:24:44.934+0100][class,load] kotlinx.coroutines.internal.Segment source: file:/C:/Users/TONYS/Documents/Codex/2026-09-29/https-github-com-jay3-yy-bilipai/work/toolchain/gradle-home/caches/modules-2/files-2.1/org.jetbrains.kotlinx/kotlinx-coroutines-core-jvm/1.10.2/4a9f78ef49483748e2c129f3d124b8fa249dafbf/kotlinx-coroutines-core-jvm-1.10.2.jar
[2026-10-01T01:24:44.934+0100][class,load] kotlinx.coroutines.channels.ChannelSegment source: file:/C:/Users/TONYS/Documents/Codex/2026-09-29/https-github-com-jay3-yy-bilipai/work/toolchain/gradle-home/caches/modules-2/files-2.1/org.jetbrains.kotlinx/kotlinx-coroutines-core-jvm/1.10.2/4a9f78ef49483748e2c129f3d124b8fa249dafbf/kotlinx-coroutines-core-jvm-1.10.2.jar
[2026-10-01T01:24:44.935+0100][class,load] kotlinx.coroutines.channels.ProducerScope source: file:/C:/Users/TONYS/Documents/Codex/2026-09-29/https-github-com-jay3-yy-bilipai/work/toolchain/gradle-home/caches/modules-2/files-2.1/org.jetbrains.kotlinx/kotlinx-coroutines-core-jvm/1.10.2/4a9f78ef49483748e2c129f3d124b8fa249dafbf/kotlinx-coroutines-core-jvm-1.10.2.jar
[2026-10-01T01:24:44.935+0100][class,load] kotlinx.coroutines.channels.ChannelCoroutine source: file:/C:/Users/TONYS/Documents/Codex/2026-09-29/https-github-com-jay3-yy-bilipai/work/toolchain/gradle-home/caches/modules-2/files-2.1/org.jetbrains.kotlinx/kotlinx-coroutines-core-jvm/1.10.2/4a9f78ef49483748e2c129f3d124b8fa249dafbf/kotlinx-coroutines-core-jvm-1.10.2.jar
[2026-10-01T01:24:44.935+0100][class,load] kotlinx.coroutines.channels.ProducerCoroutine source: file:/C:/Users/TONYS/Documents/Codex/2026-09-29/https-github-com-jay3-yy-bilipai/work/toolchain/gradle-home/caches/modules-2/files-2.1/org.jetbrains.kotlinx/kotlinx-coroutines-core-jvm/1.10.2/4a9f78ef49483748e2c129f3d124b8fa249dafbf/kotlinx-coroutines-core-jvm-1.10.2.jar
[2026-10-01T01:24:44.935+0100][class,load] kotlin.coroutines.ContinuationKt source: file:/C:/Users/TONYS/Documents/Codex/2026-09-29/https-github-com-jay3-yy-bilipai/work/toolchain/gradle-home/caches/modules-2/files-2.1/org.jetbrains.kotlin/kotlin-stdlib/2.4.10/8943c84ddc6d5cc00a10dbc3736c397066eeaab5/kotlin-stdlib-2.4.10.jar
[2026-10-01T01:24:44.936+0100][class,load] kotlinx.coroutines.scheduling.Task source: file:/C:/Users/TONYS/Documents/Codex/2026-09-29/https-github-com-jay3-yy-bilipai/work/toolchain/gradle-home/caches/modules-2/files-2.1/org.jetbrains.kotlinx/kotlinx-coroutines-core-jvm/1.10.2/4a9f78ef49483748e2c129f3d124b8fa249dafbf/kotlinx-coroutines-core-jvm-1.10.2.jar
[2026-10-01T01:24:44.936+0100][class,load] kotlinx.coroutines.DispatchedTask source: file:/C:/Users/TONYS/Documents/Codex/2026-09-29/https-github-com-jay3-yy-bilipai/work/toolchain/gradle-home/caches/modules-2/files-2.1/org.jetbrains.kotlinx/kotlinx-coroutines-core-jvm/1.10.2/4a9f78ef49483748e2c129f3d124b8fa249dafbf/kotlinx-coroutines-core-jvm-1.10.2.jar
[2026-10-01T01:24:44.936+0100][class,load] kotlinx.coroutines.internal.DispatchedContinuation source: file:/C:/Users/TONYS/Documents/Codex/2026-09-29/https-github-com-jay3-yy-bilipai/work/toolchain/gradle-home/caches/modules-2/files-2.1/org.jetbrains.kotlinx/kotlinx-coroutines-core-jvm/1.10.2/4a9f78ef49483748e2c129f3d124b8fa249dafbf/kotlinx-coroutines-core-jvm-1.10.2.jar
[2026-10-01T01:24:44.936+0100][class,load] kotlinx.coroutines.internal.DispatchedContinuationKt source: file:/C:/Users/TONYS/Documents/Codex/2026-09-29/https-github-com-jay3-yy-bilipai/work/toolchain/gradle-home/caches/modules-2/files-2.1/org.jetbrains.kotlinx/kotlinx-coroutines-core-jvm/1.10.2/4a9f78ef49483748e2c129f3d124b8fa249dafbf/kotlinx-coroutines-core-jvm-1.10.2.jar
[2026-10-01T01:24:44.937+0100][class,load] kotlinx.coroutines.CompletionStateKt source: file:/C:/Users/TONYS/Documents/Codex/2026-09-29/https-github-com-jay3-yy-bilipai/work/toolchain/gradle-home/caches/modules-2/files-2.1/org.jetbrains.kotlinx/kotlinx-coroutines-core-jvm/1.10.2/4a9f78ef49483748e2c129f3d124b8fa249dafbf/kotlinx-coroutines-core-jvm-1.10.2.jar
[2026-10-01T01:24:44.938+0100][class,load] kotlinx.coroutines.flow.FlowKt__ChannelsKt source: file:/C:/Users/TONYS/Documents/Codex/2026-09-29/https-github-com-jay3-yy-bilipai/work/toolchain/gradle-home/caches/modules-2/files-2.1/org.jetbrains.kotlinx/kotlinx-coroutines-core-jvm/1.10.2/4a9f78ef49483748e2c129f3d124b8fa249dafbf/kotlinx-coroutines-core-jvm-1.10.2.jar
[2026-10-01T01:24:44.938+0100][class,load] kotlinx.coroutines.flow.FlowKt__ChannelsKt$emitAllImpl$1 source: file:/C:/Users/TONYS/Documents/Codex/2026-09-29/https-github-com-jay3-yy-bilipai/work/toolchain/gradle-home/caches/modules-2/files-2.1/org.jetbrains.kotlinx/kotlinx-coroutines-core-jvm/1.10.2/4a9f78ef49483748e2c129f3d124b8fa249dafbf/kotlinx-coroutines-core-jvm-1.10.2.jar
[2026-10-01T01:24:44.938+0100][class,load] kotlinx.coroutines.flow.FlowKt__EmittersKt source: file:/C:/Users/TONYS/Documents/Codex/2026-09-29/https-github-com-jay3-yy-bilipai/work/toolchain/gradle-home/caches/modules-2/files-2.1/org.jetbrains.kotlinx/kotlinx-coroutines-core-jvm/1.10.2/4a9f78ef49483748e2c129f3d124b8fa249dafbf/kotlinx-coroutines-core-jvm-1.10.2.jar
[2026-10-01T01:24:44.938+0100][class,load] kotlinx.coroutines.flow.ThrowingCollector source: file:/C:/Users/TONYS/Documents/Codex/2026-09-29/https-github-com-jay3-yy-bilipai/work/toolchain/gradle-home/caches/modules-2/files-2.1/org.jetbrains.kotlinx/kotlinx-coroutines-core-jvm/1.10.2/4a9f78ef49483748e2c129f3d124b8fa249dafbf/kotlinx-coroutines-core-jvm-1.10.2.jar
[2026-10-01T01:24:44.938+0100][class,load] kotlinx.coroutines.channels.ChannelIterator source: file:/C:/Users/TONYS/Documents/Codex/2026-09-29/https-github-com-jay3-yy-bilipai/work/toolchain/gradle-home/caches/modules-2/files-2.1/org.jetbrains.kotlinx/kotlinx-coroutines-core-jvm/1.10.2/4a9f78ef49483748e2c129f3d124b8fa249dafbf/kotlinx-coroutines-core-jvm-1.10.2.jar
[2026-10-01T01:24:44.938+0100][class,load] kotlinx.coroutines.Waiter source: file:/C:/Users/TONYS/Documents/Codex/2026-09-29/https-github-com-jay3-yy-bilipai/work/toolchain/gradle-home/caches/modules-2/files-2.1/org.jetbrains.kotlinx/kotlinx-coroutines-core-jvm/1.10.2/4a9f78ef49483748e2c129f3d124b8fa249dafbf/kotlinx-coroutines-core-jvm-1.10.2.jar
[2026-10-01T01:24:44.938+0100][class,load] kotlinx.coroutines.channels.BufferedChannel$BufferedChannelIterator source: file:/C:/Users/TONYS/Documents/Codex/2026-09-29/https-github-com-jay3-yy-bilipai/work/toolchain/gradle-home/caches/modules-2/files-2.1/org.jetbrains.kotlinx/kotlinx-coroutines-core-jvm/1.10.2/4a9f78ef49483748e2c129f3d124b8fa249dafbf/kotlinx-coroutines-core-jvm-1.10.2.jar
[2026-10-01T01:24:44.939+0100][class,load] java.lang.invoke.VarHandle$AccessDescriptor source: shared objects file
[2026-10-01T01:24:44.939+0100][class,load] kotlinx.coroutines.CancellableContinuationKt source: file:/C:/Users/TONYS/Documents/Codex/2026-09-29/https-github-com-jay3-yy-bilipai/work/toolchain/gradle-home/caches/modules-2/files-2.1/org.jetbrains.kotlinx/kotlinx-coroutines-core-jvm/1.10.2/4a9f78ef49483748e2c129f3d124b8fa249dafbf/kotlinx-coroutines-core-jvm-1.10.2.jar
[2026-10-01T01:24:44.940+0100][class,load] kotlinx.coroutines.CancellableContinuation source: file:/C:/Users/TONYS/Documents/Codex/2026-09-29/https-github-com-jay3-yy-bilipai/work/toolchain/gradle-home/caches/modules-2/files-2.1/org.jetbrains.kotlinx/kotlinx-coroutines-core-jvm/1.10.2/4a9f78ef49483748e2c129f3d124b8fa249dafbf/kotlinx-coroutines-core-jvm-1.10.2.jar
[2026-10-01T01:24:44.940+0100][class,load] kotlinx.coroutines.CancellableContinuationImpl source: file:/C:/Users/TONYS/Documents/Codex/2026-09-29/https-github-com-jay3-yy-bilipai/work/toolchain/gradle-home/caches/modules-2/files-2.1/org.jetbrains.kotlinx/kotlinx-coroutines-core-jvm/1.10.2/4a9f78ef49483748e2c129f3d124b8fa249dafbf/kotlinx-coroutines-core-jvm-1.10.2.jar
[2026-10-01T01:24:44.940+0100][class,load] kotlinx.coroutines.Active source: file:/C:/Users/TONYS/Documents/Codex/2026-09-29/https-github-com-jay3-yy-bilipai/work/toolchain/gradle-home/caches/modules-2/files-2.1/org.jetbrains.kotlinx/kotlinx-coroutines-core-jvm/1.10.2/4a9f78ef49483748e2c129f3d124b8fa249dafbf/kotlinx-coroutines-core-jvm-1.10.2.jar
[2026-10-01T01:24:44.941+0100][class,load] kotlinx.coroutines.DispatchedTaskKt source: file:/C:/Users/TONYS/Documents/Codex/2026-09-29/https-github-com-jay3-yy-bilipai/work/toolchain/gradle-home/caches/modules-2/files-2.1/org.jetbrains.kotlinx/kotlinx-coroutines-core-jvm/1.10.2/4a9f78ef49483748e2c129f3d124b8fa249dafbf/kotlinx-coroutines-core-jvm-1.10.2.jar
[2026-10-01T01:24:44.941+0100][class,load] kotlinx.coroutines.ChildContinuation source: file:/C:/Users/TONYS/Documents/Codex/2026-09-29/https-github-com-jay3-yy-bilipai/work/toolchain/gradle-home/caches/modules-2/files-2.1/org.jetbrains.kotlinx/kotlinx-coroutines-core-jvm/1.10.2/4a9f78ef49483748e2c129f3d124b8fa249dafbf/kotlinx-coroutines-core-jvm-1.10.2.jar
[2026-10-01T01:24:44.941+0100][class,load] kotlinx.coroutines.JobKt source: file:/C:/Users/TONYS/Documents/Codex/2026-09-29/https-github-com-jay3-yy-bilipai/work/toolchain/gradle-home/caches/modules-2/files-2.1/org.jetbrains.kotlinx/kotlinx-coroutines-core-jvm/1.10.2/4a9f78ef49483748e2c129f3d124b8fa249dafbf/kotlinx-coroutines-core-jvm-1.10.2.jar
[2026-10-01T01:24:44.942+0100][class,load] kotlinx.coroutines.JobKt__JobKt source: file:/C:/Users/TONYS/Documents/Codex/2026-09-29/https-github-com-jay3-yy-bilipai/work/toolchain/gradle-home/caches/modules-2/files-2.1/org.jetbrains.kotlinx/kotlinx-coroutines-core-jvm/1.10.2/4a9f78ef49483748e2c129f3d124b8fa249dafbf/kotlinx-coroutines-core-jvm-1.10.2.jar
[2026-10-01T01:24:44.942+0100][class,load] kotlinx.coroutines.internal.LockFreeLinkedListHead source: file:/C:/Users/TONYS/Documents/Codex/2026-09-29/https-github-com-jay3-yy-bilipai/work/toolchain/gradle-home/caches/modules-2/files-2.1/org.jetbrains.kotlinx/kotlinx-coroutines-core-jvm/1.10.2/4a9f78ef49483748e2c129f3d124b8fa249dafbf/kotlinx-coroutines-core-jvm-1.10.2.jar
[2026-10-01T01:24:44.942+0100][class,load] kotlinx.coroutines.NodeList source: file:/C:/Users/TONYS/Documents/Codex/2026-09-29/https-github-com-jay3-yy-bilipai/work/toolchain/gradle-home/caches/modules-2/files-2.1/org.jetbrains.kotlinx/kotlinx-coroutines-core-jvm/1.10.2/4a9f78ef49483748e2c129f3d124b8fa249dafbf/kotlinx-coroutines-core-jvm-1.10.2.jar
[2026-10-01T01:24:44.942+0100][class,load] kotlinx.coroutines.internal.Removed source: file:/C:/Users/TONYS/Documents/Codex/2026-09-29/https-github-com-jay3-yy-bilipai/work/toolchain/gradle-home/caches/modules-2/files-2.1/org.jetbrains.kotlinx/kotlinx-coroutines-core-jvm/1.10.2/4a9f78ef49483748e2c129f3d124b8fa249dafbf/kotlinx-coroutines-core-jvm-1.10.2.jar
[2026-10-01T01:24:44.943+0100][class,load] kotlinx.coroutines.JobSupport$Finishing source: file:/C:/Users/TONYS/Documents/Codex/2026-09-29/https-github-com-jay3-yy-bilipai/work/toolchain/gradle-home/caches/modules-2/files-2.1/org.jetbrains.kotlinx/kotlinx-coroutines-core-jvm/1.10.2/4a9f78ef49483748e2c129f3d124b8fa249dafbf/kotlinx-coroutines-core-jvm-1.10.2.jar
[2026-10-01T01:24:44.943+0100][class,load] kotlinx.coroutines.internal.ListClosed source: file:/C:/Users/TONYS/Documents/Codex/2026-09-29/https-github-com-jay3-yy-bilipai/work/toolchain/gradle-home/caches/modules-2/files-2.1/org.jetbrains.kotlinx/kotlinx-coroutines-core-jvm/1.10.2/4a9f78ef49483748e2c129f3d124b8fa249dafbf/kotlinx-coroutines-core-jvm-1.10.2.jar
[2026-10-01T01:24:44.943+0100][class,load] kotlinx.coroutines.flow.ReadonlyStateFlow source: file:/C:/Users/TONYS/Documents/Codex/2026-09-29/https-github-com-jay3-yy-bilipai/work/toolchain/gradle-home/caches/modules-2/files-2.1/org.jetbrains.kotlinx/kotlinx-coroutines-core-jvm/1.10.2/4a9f78ef49483748e2c129f3d124b8fa249dafbf/kotlinx-coroutines-core-jvm-1.10.2.jar
[2026-10-01T01:24:44.943+0100][class,load] com.android.purebilibili.feature.video.viewmodel.CommentSortMode source: file:/C:/Users/TONYS/Documents/Codex/2026-09-29/https-github-com-jay3-yy-bilipai/work/BiliPai/desktop/.local/dynamic-detail-reply-main-integration/main-product-snapshot-01/main-kotlin.jar
[2026-10-01T01:24:44.943+0100][class,load] com.android.purebilibili.feature.video.viewmodel.CommentSortMode$Companion source: file:/C:/Users/TONYS/Documents/Codex/2026-09-29/https-github-com-jay3-yy-bilipai/work/BiliPai/desktop/.local/dynamic-detail-reply-main-integration/main-product-snapshot-01/main-kotlin.jar
[2026-10-01T01:24:44.944+0100][class,load] com.android.purebilibili.feature.video.viewmodel.SubReplyUiState source: file:/C:/Users/TONYS/Documents/Codex/2026-09-29/https-github-com-jay3-yy-bilipai/work/BiliPai/desktop/.local/dynamic-detail-reply-main-integration/main-product-snapshot-01/main-kotlin.jar
[2026-10-01T01:24:44.944+0100][class,load] com.android.purebilibili.feature.video.viewmodel.SubReplySortMode source: file:/C:/Users/TONYS/Documents/Codex/2026-09-29/https-github-com-jay3-yy-bilipai/work/BiliPai/desktop/.local/dynamic-detail-reply-main-integration/main-product-snapshot-01/main-kotlin.jar
[2026-10-01T01:24:44.944+0100][class,load] kotlinx.collections.immutable.ExtensionsKt source: file:/C:/Users/TONYS/Documents/Codex/2026-09-29/https-github-com-jay3-yy-bilipai/work/toolchain/gradle-home/caches/modules-2/files-2.1/org.jetbrains.kotlinx/kotlinx-collections-immutable-jvm/0.4.0/82499bf608b0fc3ae6737a5eac1a1f1325279bbf/kotlinx-collections-immutable-jvm-0.4.0.jar
[2026-10-01T01:24:44.946+0100][class,load] kotlinx.collections.immutable.implementations.immutableList.UtilsKt source: file:/C:/Users/TONYS/Documents/Codex/2026-09-29/https-github-com-jay3-yy-bilipai/work/toolchain/gradle-home/caches/modules-2/files-2.1/org.jetbrains.kotlinx/kotlinx-collections-immutable-jvm/0.4.0/82499bf608b0fc3ae6737a5eac1a1f1325279bbf/kotlinx-collections-immutable-jvm-0.4.0.jar
[2026-10-01T01:24:44.946+0100][class,load] kotlinx.collections.immutable.ImmutableCollection source: file:/C:/Users/TONYS/Documents/Codex/2026-09-29/https-github-com-jay3-yy-bilipai/work/toolchain/gradle-home/caches/modules-2/files-2.1/org.jetbrains.kotlinx/kotlinx-collections-immutable-jvm/0.4.0/82499bf608b0fc3ae6737a5eac1a1f1325279bbf/kotlinx-collections-immutable-jvm-0.4.0.jar
[2026-10-01T01:24:44.946+0100][class,load] kotlinx.collections.immutable.ImmutableList source: file:/C:/Users/TONYS/Documents/Codex/2026-09-29/https-github-com-jay3-yy-bilipai/work/toolchain/gradle-home/caches/modules-2/files-2.1/org.jetbrains.kotlinx/kotlinx-collections-immutable-jvm/0.4.0/82499bf608b0fc3ae6737a5eac1a1f1325279bbf/kotlinx-collections-immutable-jvm-0.4.0.jar
[2026-10-01T01:24:44.946+0100][class,load] kotlinx.collections.immutable.PersistentCollection source: file:/C:/Users/TONYS/Documents/Codex/2026-09-29/https-github-com-jay3-yy-bilipai/work/toolchain/gradle-home/caches/modules-2/files-2.1/org.jetbrains.kotlinx/kotlinx-collections-immutable-jvm/0.4.0/82499bf608b0fc3ae6737a5eac1a1f1325279bbf/kotlinx-collections-immutable-jvm-0.4.0.jar
[2026-10-01T01:24:44.946+0100][class,load] kotlinx.collections.immutable.PersistentList source: file:/C:/Users/TONYS/Documents/Codex/2026-09-29/https-github-com-jay3-yy-bilipai/work/toolchain/gradle-home/caches/modules-2/files-2.1/org.jetbrains.kotlinx/kotlinx-collections-immutable-jvm/0.4.0/82499bf608b0fc3ae6737a5eac1a1f1325279bbf/kotlinx-collections-immutable-jvm-0.4.0.jar
[2026-10-01T01:24:44.946+0100][class,load] kotlinx.collections.immutable.implementations.immutableList.AbstractPersistentList source: file:/C:/Users/TONYS/Documents/Codex/2026-09-29/https-github-com-jay3-yy-bilipai/work/toolchain/gradle-home/caches/modules-2/files-2.1/org.jetbrains.kotlinx/kotlinx-collections-immutable-jvm/0.4.0/82499bf608b0fc3ae6737a5eac1a1f1325279bbf/kotlinx-collections-immutable-jvm-0.4.0.jar
[2026-10-01T01:24:44.946+0100][class,load] kotlinx.collections.immutable.implementations.immutableList.SmallPersistentVector source: file:/C:/Users/TONYS/Documents/Codex/2026-09-29/https-github-com-jay3-yy-bilipai/work/toolchain/gradle-home/caches/modules-2/files-2.1/org.jetbrains.kotlinx/kotlinx-collections-immutable-jvm/0.4.0/82499bf608b0fc3ae6737a5eac1a1f1325279bbf/kotlinx-collections-immutable-jvm-0.4.0.jar
[2026-10-01T01:24:44.947+0100][class,load] kotlinx.collections.immutable.implementations.immutableList.SmallPersistentVector$Companion source: file:/C:/Users/TONYS/Documents/Codex/2026-09-29/https-github-com-jay3-yy-bilipai/work/toolchain/gradle-home/caches/modules-2/files-2.1/org.jetbrains.kotlinx/kotlinx-collections-immutable-jvm/0.4.0/82499bf608b0fc3ae6737a5eac1a1f1325279bbf/kotlinx-collections-immutable-jvm-0.4.0.jar
[2026-10-01T01:24:44.947+0100][class,load] kotlinx.collections.immutable.internal.CommonFunctionsKt source: file:/C:/Users/TONYS/Documents/Codex/2026-09-29/https-github-com-jay3-yy-bilipai/work/toolchain/gradle-home/caches/modules-2/files-2.1/org.jetbrains.kotlinx/kotlinx-collections-immutable-jvm/0.4.0/82499bf608b0fc3ae6737a5eac1a1f1325279bbf/kotlinx-collections-immutable-jvm-0.4.0.jar
[2026-10-01T01:24:44.947+0100][class,load] kotlin._Assertions source: file:/C:/Users/TONYS/Documents/Codex/2026-09-29/https-github-com-jay3-yy-bilipai/work/toolchain/gradle-home/caches/modules-2/files-2.1/org.jetbrains.kotlin/kotlin-stdlib/2.4.10/8943c84ddc6d5cc00a10dbc3736c397066eeaab5/kotlin-stdlib-2.4.10.jar
[2026-10-01T01:24:44.947+0100][class,load] kotlinx.collections.immutable.ImmutableSet source: file:/C:/Users/TONYS/Documents/Codex/2026-09-29/https-github-com-jay3-yy-bilipai/work/toolchain/gradle-home/caches/modules-2/files-2.1/org.jetbrains.kotlinx/kotlinx-collections-immutable-jvm/0.4.0/82499bf608b0fc3ae6737a5eac1a1f1325279bbf/kotlinx-collections-immutable-jvm-0.4.0.jar
[2026-10-01T01:24:44.948+0100][class,load] kotlinx.collections.immutable.PersistentSet source: file:/C:/Users/TONYS/Documents/Codex/2026-09-29/https-github-com-jay3-yy-bilipai/work/toolchain/gradle-home/caches/modules-2/files-2.1/org.jetbrains.kotlinx/kotlinx-collections-immutable-jvm/0.4.0/82499bf608b0fc3ae6737a5eac1a1f1325279bbf/kotlinx-collections-immutable-jvm-0.4.0.jar
[2026-10-01T01:24:44.948+0100][class,load] kotlin.collections.AbstractSet source: file:/C:/Users/TONYS/Documents/Codex/2026-09-29/https-github-com-jay3-yy-bilipai/work/toolchain/gradle-home/caches/modules-2/files-2.1/org.jetbrains.kotlin/kotlin-stdlib/2.4.10/8943c84ddc6d5cc00a10dbc3736c397066eeaab5/kotlin-stdlib-2.4.10.jar
[2026-10-01T01:24:44.948+0100][class,load] kotlinx.collections.immutable.implementations.persistentOrderedSet.PersistentOrderedSet source: file:/C:/Users/TONYS/Documents/Codex/2026-09-29/https-github-com-jay3-yy-bilipai/work/toolchain/gradle-home/caches/modules-2/files-2.1/org.jetbrains.kotlinx/kotlinx-collections-immutable-jvm/0.4.0/82499bf608b0fc3ae6737a5eac1a1f1325279bbf/kotlinx-collections-immutable-jvm-0.4.0.jar
[2026-10-01T01:24:44.949+0100][class,load] kotlin.collections.AbstractSet$Companion source: file:/C:/Users/TONYS/Documents/Codex/2026-09-29/https-github-com-jay3-yy-bilipai/work/toolchain/gradle-home/caches/modules-2/files-2.1/org.jetbrains.kotlin/kotlin-stdlib/2.4.10/8943c84ddc6d5cc00a10dbc3736c397066eeaab5/kotlin-stdlib-2.4.10.jar
[2026-10-01T01:24:44.949+0100][class,load] kotlinx.collections.immutable.implementations.persistentOrderedSet.PersistentOrderedSet$Companion source: file:/C:/Users/TONYS/Documents/Codex/2026-09-29/https-github-com-jay3-yy-bilipai/work/toolchain/gradle-home/caches/modules-2/files-2.1/org.jetbrains.kotlinx/kotlinx-collections-immutable-jvm/0.4.0/82499bf608b0fc3ae6737a5eac1a1f1325279bbf/kotlinx-collections-immutable-jvm-0.4.0.jar
[2026-10-01T01:24:44.949+0100][class,load] kotlinx.collections.immutable.internal.EndOfChain source: file:/C:/Users/TONYS/Documents/Codex/2026-09-29/https-github-com-jay3-yy-bilipai/work/toolchain/gradle-home/caches/modules-2/files-2.1/org.jetbrains.kotlinx/kotlinx-collections-immutable-jvm/0.4.0/82499bf608b0fc3ae6737a5eac1a1f1325279bbf/kotlinx-collections-immutable-jvm-0.4.0.jar
[2026-10-01T01:24:44.949+0100][class,load] kotlinx.collections.immutable.ImmutableMap source: file:/C:/Users/TONYS/Documents/Codex/2026-09-29/https-github-com-jay3-yy-bilipai/work/toolchain/gradle-home/caches/modules-2/files-2.1/org.jetbrains.kotlinx/kotlinx-collections-immutable-jvm/0.4.0/82499bf608b0fc3ae6737a5eac1a1f1325279bbf/kotlinx-collections-immutable-jvm-0.4.0.jar
[2026-10-01T01:24:44.949+0100][class,load] kotlinx.collections.immutable.PersistentMap source: file:/C:/Users/TONYS/Documents/Codex/2026-09-29/https-github-com-jay3-yy-bilipai/work/toolchain/gradle-home/caches/modules-2/files-2.1/org.jetbrains.kotlinx/kotlinx-collections-immutable-jvm/0.4.0/82499bf608b0fc3ae6737a5eac1a1f1325279bbf/kotlinx-collections-immutable-jvm-0.4.0.jar
[2026-10-01T01:24:44.949+0100][class,load] kotlin.collections.AbstractMap source: file:/C:/Users/TONYS/Documents/Codex/2026-09-29/https-github-com-jay3-yy-bilipai/work/toolchain/gradle-home/caches/modules-2/files-2.1/org.jetbrains.kotlin/kotlin-stdlib/2.4.10/8943c84ddc6d5cc00a10dbc3736c397066eeaab5/kotlin-stdlib-2.4.10.jar
[2026-10-01T01:24:44.949+0100][class,load] kotlinx.collections.immutable.implementations.immutableMap.PersistentHashMap source: file:/C:/Users/TONYS/Documents/Codex/2026-09-29/https-github-com-jay3-yy-bilipai/work/toolchain/gradle-home/caches/modules-2/files-2.1/org.jetbrains.kotlinx/kotlinx-collections-immutable-jvm/0.4.0/82499bf608b0fc3ae6737a5eac1a1f1325279bbf/kotlinx-collections-immutable-jvm-0.4.0.jar
[2026-10-01T01:24:44.950+0100][class,load] kotlin.collections.AbstractMap$Companion source: file:/C:/Users/TONYS/Documents/Codex/2026-09-29/https-github-com-jay3-yy-bilipai/work/toolchain/gradle-home/caches/modules-2/files-2.1/org.jetbrains.kotlin/kotlin-stdlib/2.4.10/8943c84ddc6d5cc00a10dbc3736c397066eeaab5/kotlin-stdlib-2.4.10.jar
[2026-10-01T01:24:44.950+0100][class,load] kotlinx.collections.immutable.implementations.immutableMap.PersistentHashMap$Companion source: file:/C:/Users/TONYS/Documents/Codex/2026-09-29/https-github-com-jay3-yy-bilipai/work/toolchain/gradle-home/caches/modules-2/files-2.1/org.jetbrains.kotlinx/kotlinx-collections-immutable-jvm/0.4.0/82499bf608b0fc3ae6737a5eac1a1f1325279bbf/kotlinx-collections-immutable-jvm-0.4.0.jar
[2026-10-01T01:24:44.950+0100][class,load] kotlinx.collections.immutable.implementations.immutableMap.TrieNode source: file:/C:/Users/TONYS/Documents/Codex/2026-09-29/https-github-com-jay3-yy-bilipai/work/toolchain/gradle-home/caches/modules-2/files-2.1/org.jetbrains.kotlinx/kotlinx-collections-immutable-jvm/0.4.0/82499bf608b0fc3ae6737a5eac1a1f1325279bbf/kotlinx-collections-immutable-jvm-0.4.0.jar
[2026-10-01T01:24:44.951+0100][class,load] kotlinx.collections.immutable.implementations.immutableMap.TrieNode$Companion source: file:/C:/Users/TONYS/Documents/Codex/2026-09-29/https-github-com-jay3-yy-bilipai/work/toolchain/gradle-home/caches/modules-2/files-2.1/org.jetbrains.kotlinx/kotlinx-collections-immutable-jvm/0.4.0/82499bf608b0fc3ae6737a5eac1a1f1325279bbf/kotlinx-collections-immutable-jvm-0.4.0.jar
[2026-10-01T01:24:44.951+0100][class,load] kotlinx.coroutines.CompletableDeferredKt source: file:/C:/Users/TONYS/Documents/Codex/2026-09-29/https-github-com-jay3-yy-bilipai/work/toolchain/gradle-home/caches/modules-2/files-2.1/org.jetbrains.kotlinx/kotlinx-coroutines-core-jvm/1.10.2/4a9f78ef49483748e2c129f3d124b8fa249dafbf/kotlinx-coroutines-core-jvm-1.10.2.jar
[2026-10-01T01:24:44.951+0100][class,load] kotlinx.coroutines.Deferred source: file:/C:/Users/TONYS/Documents/Codex/2026-09-29/https-github-com-jay3-yy-bilipai/work/toolchain/gradle-home/caches/modules-2/files-2.1/org.jetbrains.kotlinx/kotlinx-coroutines-core-jvm/1.10.2/4a9f78ef49483748e2c129f3d124b8fa249dafbf/kotlinx-coroutines-core-jvm-1.10.2.jar
[2026-10-01T01:24:44.951+0100][class,load] kotlinx.coroutines.CompletableDeferred source: file:/C:/Users/TONYS/Documents/Codex/2026-09-29/https-github-com-jay3-yy-bilipai/work/toolchain/gradle-home/caches/modules-2/files-2.1/org.jetbrains.kotlinx/kotlinx-coroutines-core-jvm/1.10.2/4a9f78ef49483748e2c129f3d124b8fa249dafbf/kotlinx-coroutines-core-jvm-1.10.2.jar
[2026-10-01T01:24:44.951+0100][class,load] kotlinx.coroutines.CompletableDeferredImpl source: file:/C:/Users/TONYS/Documents/Codex/2026-09-29/https-github-com-jay3-yy-bilipai/work/toolchain/gradle-home/caches/modules-2/files-2.1/org.jetbrains.kotlinx/kotlinx-coroutines-core-jvm/1.10.2/4a9f78ef49483748e2c129f3d124b8fa249dafbf/kotlinx-coroutines-core-jvm-1.10.2.jar
[2026-10-01T01:24:44.960+0100][class,load] com.android.purebilibili.feature.dynamic.DesktopOriginalDynamicReplySession$loadCommentsForDynamic$2 source: file:/C:/Users/TONYS/Documents/Codex/2026-09-29/https-github-com-jay3-yy-bilipai/work/BiliPai/desktop/.local/dynamic-detail-reply-parity/detail-container-next/liquid-ui-proof/post-admission-delta/classes-02/
[2026-10-01T01:24:44.961+0100][class,load] com.android.purebilibili.feature.dynamic.DesktopOriginalDynamicReplySession$launchOwned$1 source: file:/C:/Users/TONYS/Documents/Codex/2026-09-29/https-github-com-jay3-yy-bilipai/work/BiliPai/desktop/.local/dynamic-detail-reply-parity/detail-container-next/liquid-ui-proof/post-admission-delta/classes-02/
[2026-10-01T01:24:44.961+0100][class,load] kotlinx.coroutines.InactiveNodeList source: file:/C:/Users/TONYS/Documents/Codex/2026-09-29/https-github-com-jay3-yy-bilipai/work/toolchain/gradle-home/caches/modules-2/files-2.1/org.jetbrains.kotlinx/kotlinx-coroutines-core-jvm/1.10.2/4a9f78ef49483748e2c129f3d124b8fa249dafbf/kotlinx-coroutines-core-jvm-1.10.2.jar
[2026-10-01T01:24:44.962+0100][class,load] kotlinx.coroutines.intrinsics.CancellableKt source: file:/C:/Users/TONYS/Documents/Codex/2026-09-29/https-github-com-jay3-yy-bilipai/work/toolchain/gradle-home/caches/modules-2/files-2.1/org.jetbrains.kotlinx/kotlinx-coroutines-core-jvm/1.10.2/4a9f78ef49483748e2c129f3d124b8fa249dafbf/kotlinx-coroutines-core-jvm-1.10.2.jar
[2026-10-01T01:24:44.962+0100][class,load] kotlinx.coroutines.CompletedExceptionally source: file:/C:/Users/TONYS/Documents/Codex/2026-09-29/https-github-com-jay3-yy-bilipai/work/toolchain/gradle-home/caches/modules-2/files-2.1/org.jetbrains.kotlinx/kotlinx-coroutines-core-jvm/1.10.2/4a9f78ef49483748e2c129f3d124b8fa249dafbf/kotlinx-coroutines-core-jvm-1.10.2.jar
[2026-10-01T01:24:44.962+0100][class,load] kotlinx.coroutines.flow.internal.SendingCollector source: file:/C:/Users/TONYS/Documents/Codex/2026-09-29/https-github-com-jay3-yy-bilipai/work/toolchain/gradle-home/caches/modules-2/files-2.1/org.jetbrains.kotlinx/kotlinx-coroutines-core-jvm/1.10.2/4a9f78ef49483748e2c129f3d124b8fa249dafbf/kotlinx-coroutines-core-jvm-1.10.2.jar
[2026-10-01T01:24:44.962+0100][class,load] kotlinx.coroutines.flow.internal.ChannelFlowTransformLatest$flowCollect$3 source: file:/C:/Users/TONYS/Documents/Codex/2026-09-29/https-github-com-jay3-yy-bilipai/work/toolchain/gradle-home/caches/modules-2/files-2.1/org.jetbrains.kotlinx/kotlinx-coroutines-core-jvm/1.10.2/4a9f78ef49483748e2c129f3d124b8fa249dafbf/kotlinx-coroutines-core-jvm-1.10.2.jar
[2026-10-01T01:24:44.962+0100][class,load] kotlin.jvm.internal.Ref$ObjectRef source: file:/C:/Users/TONYS/Documents/Codex/2026-09-29/https-github-com-jay3-yy-bilipai/work/toolchain/gradle-home/caches/modules-2/files-2.1/org.jetbrains.kotlin/kotlin-stdlib/2.4.10/8943c84ddc6d5cc00a10dbc3736c397066eeaab5/kotlin-stdlib-2.4.10.jar
[2026-10-01T01:24:44.963+0100][class,load] kotlinx.coroutines.flow.internal.ChannelFlowTransformLatest$flowCollect$3$1 source: file:/C:/Users/TONYS/Documents/Codex/2026-09-29/https-github-com-jay3-yy-bilipai/work/toolchain/gradle-home/caches/modules-2/files-2.1/org.jetbrains.kotlinx/kotlinx-coroutines-core-jvm/1.10.2/4a9f78ef49483748e2c129f3d124b8fa249dafbf/kotlinx-coroutines-core-jvm-1.10.2.jar
[2026-10-01T01:24:44.963+0100][class,load] kotlinx.coroutines.flow.DistinctFlowImpl$collect$2 source: file:/C:/Users/TONYS/Documents/Codex/2026-09-29/https-github-com-jay3-yy-bilipai/work/toolchain/gradle-home/caches/modules-2/files-2.1/org.jetbrains.kotlinx/kotlinx-coroutines-core-jvm/1.10.2/4a9f78ef49483748e2c129f3d124b8fa249dafbf/kotlinx-coroutines-core-jvm-1.10.2.jar
[2026-10-01T01:24:44.963+0100][class,load] kotlin.jvm.internal.Ref$BooleanRef source: file:/C:/Users/TONYS/Documents/Codex/2026-09-29/https-github-com-jay3-yy-bilipai/work/toolchain/gradle-home/caches/modules-2/files-2.1/org.jetbrains.kotlin/kotlin-stdlib/2.4.10/8943c84ddc6d5cc00a10dbc3736c397066eeaab5/kotlin-stdlib-2.4.10.jar
[2026-10-01T01:24:44.963+0100][class,load] kotlinx.coroutines.flow.FlowKt__LimitKt$dropWhile$1$1 source: file:/C:/Users/TONYS/Documents/Codex/2026-09-29/https-github-com-jay3-yy-bilipai/work/toolchain/gradle-home/caches/modules-2/files-2.1/org.jetbrains.kotlinx/kotlinx-coroutines-core-jvm/1.10.2/4a9f78ef49483748e2c129f3d124b8fa249dafbf/kotlinx-coroutines-core-jvm-1.10.2.jar
[2026-10-01T01:24:44.964+0100][class,load] kotlinx.coroutines.internal.ConcurrentLinkedListKt source: file:/C:/Users/TONYS/Documents/Codex/2026-09-29/https-github-com-jay3-yy-bilipai/work/toolchain/gradle-home/caches/modules-2/files-2.1/org.jetbrains.kotlinx/kotlinx-coroutines-core-jvm/1.10.2/4a9f78ef49483748e2c129f3d124b8fa249dafbf/kotlinx-coroutines-core-jvm-1.10.2.jar
[2026-10-01T01:24:44.965+0100][class,load] com.android.purebilibili.feature.dynamic.DesktopOriginalDynamicReplySession$ReplyTaskScope source: file:/C:/Users/TONYS/Documents/Codex/2026-09-29/https-github-com-jay3-yy-bilipai/work/BiliPai/desktop/.local/dynamic-detail-reply-parity/detail-container-next/liquid-ui-proof/post-admission-delta/classes-02/
[2026-10-01T01:24:44.965+0100][class,load] kotlin.coroutines.jvm.internal.SpillingKt source: file:/C:/Users/TONYS/Documents/Codex/2026-09-29/https-github-com-jay3-yy-bilipai/work/toolchain/gradle-home/caches/modules-2/files-2.1/org.jetbrains.kotlin/kotlin-stdlib/2.4.10/8943c84ddc6d5cc00a10dbc3736c397066eeaab5/kotlin-stdlib-2.4.10.jar
[2026-10-01T01:24:44.965+0100][class,load] kotlin.coroutines.jvm.internal.Boxing source: file:/C:/Users/TONYS/Documents/Codex/2026-09-29/https-github-com-jay3-yy-bilipai/work/toolchain/gradle-home/caches/modules-2/files-2.1/org.jetbrains.kotlin/kotlin-stdlib/2.4.10/8943c84ddc6d5cc00a10dbc3736c397066eeaab5/kotlin-stdlib-2.4.10.jar
[2026-10-01T01:24:44.965+0100][class,load] com.android.purebilibili.feature.dynamic.DesktopOriginalDynamicCommentTargetPolicyKt source: file:/C:/Users/TONYS/Documents/Codex/2026-09-29/https-github-com-jay3-yy-bilipai/work/BiliPai/desktop/.local/dynamic-detail-reply-main-integration/main-product-snapshot-01/main-kotlin.jar
[2026-10-01T01:24:44.966+0100][class,load] kotlin.collections.SetsKt__SetsJVMKt source: file:/C:/Users/TONYS/Documents/Codex/2026-09-29/https-github-com-jay3-yy-bilipai/work/toolchain/gradle-home/caches/modules-2/files-2.1/org.jetbrains.kotlin/kotlin-stdlib/2.4.10/8943c84ddc6d5cc00a10dbc3736c397066eeaab5/kotlin-stdlib-2.4.10.jar
[2026-10-01T01:24:44.966+0100][class,load] kotlin.collections.SetsKt__SetsKt source: file:/C:/Users/TONYS/Documents/Codex/2026-09-29/https-github-com-jay3-yy-bilipai/work/toolchain/gradle-home/caches/modules-2/files-2.1/org.jetbrains.kotlin/kotlin-stdlib/2.4.10/8943c84ddc6d5cc00a10dbc3736c397066eeaab5/kotlin-stdlib-2.4.10.jar
[2026-10-01T01:24:44.966+0100][class,load] kotlin.collections.SetsKt___SetsKt source: file:/C:/Users/TONYS/Documents/Codex/2026-09-29/https-github-com-jay3-yy-bilipai/work/toolchain/gradle-home/caches/modules-2/files-2.1/org.jetbrains.kotlin/kotlin-stdlib/2.4.10/8943c84ddc6d5cc00a10dbc3736c397066eeaab5/kotlin-stdlib-2.4.10.jar
[2026-10-01T01:24:44.966+0100][class,load] kotlin.collections.SetsKt source: file:/C:/Users/TONYS/Documents/Codex/2026-09-29/https-github-com-jay3-yy-bilipai/work/toolchain/gradle-home/caches/modules-2/files-2.1/org.jetbrains.kotlin/kotlin-stdlib/2.4.10/8943c84ddc6d5cc00a10dbc3736c397066eeaab5/kotlin-stdlib-2.4.10.jar
[2026-10-01T01:24:44.966+0100][class,load] java.util.LinkedHashSet source: shared objects file
[2026-10-01T01:24:44.966+0100][class,load] java.lang.Long$LongCache source: shared objects file
[2026-10-01T01:24:44.966+0100][class,load] com.android.purebilibili.feature.dynamic.DynamicCommentTarget source: file:/C:/Users/TONYS/Documents/Codex/2026-09-29/https-github-com-jay3-yy-bilipai/work/BiliPai/desktop/.local/dynamic-detail-reply-main-integration/main-product-snapshot-01/main-kotlin.jar
[2026-10-01T01:24:44.967+0100][class,load] java.util.Collections$SingletonList source: jrt:/java.base
[2026-10-01T01:24:44.967+0100][class,load] java.util.Collections$1 source: shared objects file
[2026-10-01T01:24:44.967+0100][class,load] java.lang.invoke.MethodHandleImpl$AsVarargsCollector source: shared objects file
[2026-10-01T01:24:44.968+0100][class,load] java.lang.invoke.LambdaForm$MH/0x000000eb010a4000 source: __JVM_LookupDefineClass__
[2026-10-01T01:24:44.968+0100][class,load] java.lang.invoke.LambdaForm$MH/0x000000eb010a4400 source: __JVM_LookupDefineClass__
[2026-10-01T01:24:44.968+0100][class,load] java.lang.invoke.LambdaForm$MH/0x000000eb010a4800 source: __JVM_LookupDefineClass__
[2026-10-01T01:24:44.968+0100][class,load] java.lang.invoke.LambdaForm$MH/0x000000eb010a4c00 source: __JVM_LookupDefineClass__
[2026-10-01T01:24:44.968+0100][class,load] java.lang.invoke.LambdaForm$MH/0x000000eb010a5000 source: __JVM_LookupDefineClass__
[2026-10-01T01:24:44.969+0100][class,load] java.lang.invoke.LambdaForm$MH/0x000000eb010a5400 source: __JVM_LookupDefineClass__
[2026-10-01T01:24:44.969+0100][class,load] java.lang.invoke.LambdaForm$MH/0x000000eb010a5800 source: __JVM_LookupDefineClass__
[2026-10-01T01:24:44.970+0100][class,load] java.lang.invoke.LambdaForm$DMH/0x000000eb010a5c00 source: __JVM_LookupDefineClass__
[2026-10-01T01:24:44.970+0100][class,load] java.lang.invoke.LambdaForm$MH/0x000000eb010a6000 source: __JVM_LookupDefineClass__
[2026-10-01T01:24:44.970+0100][class,load] java.lang.invoke.BoundMethodHandle$Species_LLL source: shared objects file
[2026-10-01T01:24:44.971+0100][class,load] java.lang.invoke.LambdaForm$MH/0x000000eb010a6400 source: __JVM_LookupDefineClass__
[2026-10-01T01:24:44.971+0100][class,load] java.lang.invoke.LambdaForm$MH/0x000000eb010a6800 source: __JVM_LookupDefineClass__
[2026-10-01T01:24:44.972+0100][class,load] java.lang.invoke.LambdaForm$MH/0x000000eb010a6c00 source: __JVM_LookupDefineClass__
[2026-10-01T01:24:44.972+0100][class,load] java.lang.invoke.MethodHandles$1 source: shared objects file
[2026-10-01T01:24:44.972+0100][class,load] java.lang.invoke.BoundMethodHandle$Species_LLJ source: shared objects file
[2026-10-01T01:24:44.972+0100][class,load] java.lang.invoke.LambdaForm$MH/0x000000eb010a7000 source: __JVM_LookupDefineClass__
[2026-10-01T01:24:44.972+0100][class,load] java.lang.invoke.BoundMethodHandle$Species_LLLL source: shared objects file
[2026-10-01T01:24:44.973+0100][class,load] java.lang.invoke.LambdaForm$MH/0x000000eb010a7400 source: __JVM_LookupDefineClass__
[2026-10-01T01:24:44.974+0100][class,load] java.lang.invoke.LambdaForm$DMH/0x000000eb010a7800 source: __JVM_LookupDefineClass__
[2026-10-01T01:24:44.974+0100][class,load] java.lang.invoke.LambdaForm$MH/0x000000eb010a7c00 source: __JVM_LookupDefineClass__
[2026-10-01T01:24:44.975+0100][class,load] com.bilipai.desktop.ui.FixtureReplyRequests$getCommentsForSubject$1 source: file:/C:/Users/TONYS/Documents/Codex/2026-09-29/https-github-com-jay3-yy-bilipai/work/BiliPai/desktop/.local/dynamic-detail-reply-parity/detail-container-next/liquid-ui-proof/post-admission-delta/classes-02/
[2026-10-01T01:24:44.975+0100][class,load] java.lang.invoke.LambdaForm$MH/0x000000eb010a8000 source: __JVM_LookupDefineClass__
[2026-10-01T01:24:44.976+0100][class,load] java.lang.invoke.LambdaForm$MH/0x000000eb010a8400 source: __JVM_LookupDefineClass__
[2026-10-01T01:24:44.976+0100][class,load] java.lang.invoke.LambdaForm$MH/0x000000eb010a8800 source: __JVM_LookupDefineClass__
[2026-10-01T01:24:44.976+0100][class,load] java.lang.invoke.LambdaForm$MH/0x000000eb010a8c00 source: __JVM_LookupDefineClass__
[2026-10-01T01:24:44.976+0100][class,load] java.lang.invoke.LambdaForm$MH/0x000000eb010a9000 source: __JVM_LookupDefineClass__
[2026-10-01T01:24:44.977+0100][class,load] java.lang.invoke.LambdaForm$MH/0x000000eb010a9400 source: __JVM_LookupDefineClass__
[2026-10-01T01:24:44.977+0100][class,load] java.lang.invoke.LambdaForm$MH/0x000000eb010a9800 source: __JVM_LookupDefineClass__
[2026-10-01T01:24:44.977+0100][class,load] java.lang.invoke.LambdaForm$DMH/0x000000eb010a9c00 source: __JVM_LookupDefineClass__
[2026-10-01T01:24:44.978+0100][class,load] java.lang.invoke.LambdaForm$MH/0x000000eb010aa000 source: __JVM_LookupDefineClass__
[2026-10-01T01:24:44.978+0100][class,load] java.lang.invoke.LambdaForm$MH/0x000000eb010aa400 source: __JVM_LookupDefineClass__
[2026-10-01T01:24:44.978+0100][class,load] java.lang.invoke.LambdaForm$MH/0x000000eb010aa800 source: __JVM_LookupDefineClass__
[2026-10-01T01:24:44.978+0100][class,load] java.lang.invoke.LambdaForm$MH/0x000000eb010aac00 source: __JVM_LookupDefineClass__
[2026-10-01T01:24:44.979+0100][class,load] java.lang.invoke.LambdaForm$MH/0x000000eb010ab000 source: __JVM_LookupDefineClass__
[2026-10-01T01:24:44.979+0100][class,load] java.lang.invoke.LambdaForm$MH/0x000000eb010ab400 source: __JVM_LookupDefineClass__
[2026-10-01T01:24:44.979+0100][class,load] java.lang.invoke.LambdaForm$MH/0x000000eb010ab800 source: __JVM_LookupDefineClass__
[2026-10-01T01:24:44.980+0100][class,load] java.lang.invoke.LambdaForm$MH/0x000000eb010abc00 source: __JVM_LookupDefineClass__
[2026-10-01T01:24:44.980+0100][class,load] java.lang.invoke.LambdaForm$DMH/0x000000eb010ac000 source: __JVM_LookupDefineClass__
[2026-10-01T01:24:44.980+0100][class,load] java.lang.invoke.LambdaForm$MH/0x000000eb010ac400 source: __JVM_LookupDefineClass__
[2026-10-01T01:24:44.980+0100][class,load] java.lang.invoke.LambdaForm$MH/0x000000eb010ac800 source: __JVM_LookupDefineClass__
[2026-10-01T01:24:44.980+0100][class,load] java.lang.invoke.LambdaForm$MH/0x000000eb010acc00 source: __JVM_LookupDefineClass__
[2026-10-01T01:24:44.980+0100][class,load] java.lang.invoke.LambdaForm$MH/0x000000eb010ad000 source: __JVM_LookupDefineClass__
[2026-10-01T01:24:44.980+0100][class,load] java.lang.invoke.LambdaForm$MH/0x000000eb010ad400 source: __JVM_LookupDefineClass__
[2026-10-01T01:24:44.980+0100][class,load] java.lang.invoke.LambdaForm$DMH/0x000000eb010ad800 source: __JVM_LookupDefineClass__
[2026-10-01T01:24:44.981+0100][class,load] java.lang.invoke.LambdaForm$MH/0x000000eb010adc00 source: __JVM_LookupDefineClass__
[2026-10-01T01:24:44.981+0100][class,load] java.lang.invoke.BoundMethodHandle$Species_LLLLL source: shared objects file
[2026-10-01T01:24:44.981+0100][class,load] java.lang.invoke.LambdaForm$DMH/0x000000eb010ae000 source: __JVM_LookupDefineClass__
[2026-10-01T01:24:44.981+0100][class,load] java.lang.invoke.LambdaForm$MH/0x000000eb010ae400 source: __JVM_LookupDefineClass__
[2026-10-01T01:24:44.981+0100][class,load] java.lang.invoke.LambdaForm$MH/0x000000eb010ae800 source: __JVM_LookupDefineClass__
[2026-10-01T01:24:44.982+0100][class,load] java.lang.invoke.LambdaForm$MH/0x000000eb010aec00 source: __JVM_LookupDefineClass__
[2026-10-01T01:24:44.982+0100][class,load] java.lang.invoke.LambdaForm$MH/0x000000eb010af000 source: __JVM_LookupDefineClass__
[2026-10-01T01:24:44.982+0100][class,load] java.lang.invoke.LambdaForm$MH/0x000000eb010af400 source: __JVM_LookupDefineClass__
[2026-10-01T01:24:44.982+0100][class,load] java.lang.invoke.BoundMethodHandle$Species_LLLJ source: shared objects file
[2026-10-01T01:24:44.983+0100][class,load] java.lang.invoke.LambdaForm$MH/0x000000eb010af800 source: __JVM_LookupDefineClass__
[2026-10-01T01:24:44.983+0100][class,load] java.lang.invoke.BoundMethodHandle$Species_LLLLLL source: shared objects file
[2026-10-01T01:24:44.983+0100][class,load] java.lang.invoke.LambdaForm$DMH/0x000000eb010afc00 source: __JVM_LookupDefineClass__
[2026-10-01T01:24:44.983+0100][class,load] java.lang.invoke.LambdaForm$MH/0x000000eb010b0000 source: __JVM_LookupDefineClass__
[2026-10-01T01:24:44.983+0100][class,load] java.lang.invoke.BoundMethodHandle$Species_LLLLLLL source: shared objects file
[2026-10-01T01:24:44.984+0100][class,load] java.lang.invoke.LambdaForm$MH/0x000000eb010b0400 source: __JVM_LookupDefineClass__
[2026-10-01T01:24:44.984+0100][class,load] java.lang.invoke.LambdaForm$DMH/0x000000eb010b0800 source: __JVM_LookupDefineClass__
[2026-10-01T01:24:44.984+0100][class,load] java.lang.invoke.LambdaForm$MH/0x000000eb010b0c00 source: __JVM_LookupDefineClass__
[2026-10-01T01:24:44.986+0100][class,load] com.bilipai.desktop.ui.ReplySessionFixtureKt source: file:/C:/Users/TONYS/Documents/Codex/2026-09-29/https-github-com-jay3-yy-bilipai/work/BiliPai/desktop/.local/dynamic-detail-reply-parity/detail-container-next/liquid-ui-proof/post-admission-delta/classes-02/
[2026-10-01T01:24:44.986+0100][class,load] com.bilipai.desktop.ui.ReplySessionFixtureKt$$Lambda/0x000000eb010a37d8 source: com.bilipai.desktop.ui.ReplySessionFixtureKt
[2026-10-01T01:24:44.986+0100][class,load] com.android.purebilibili.data.model.response.DynamicAuthorModule$$serializer source: file:/C:/Users/TONYS/Documents/Codex/2026-09-29/https-github-com-jay3-yy-bilipai/work/BiliPai/desktop/.local/dynamic-detail-reply-main-integration/main-product-snapshot-01/main-kotlin.jar
[2026-10-01T01:24:44.988+0100][class,load] com.android.purebilibili.data.model.response.DynamicContentModule$$serializer source: file:/C:/Users/TONYS/Documents/Codex/2026-09-29/https-github-com-jay3-yy-bilipai/work/BiliPai/desktop/.local/dynamic-detail-reply-main-integration/main-product-snapshot-01/main-kotlin.jar
[2026-10-01T01:24:44.988+0100][class,load] com.android.purebilibili.data.model.response.DynamicMoreModule$$serializer source: file:/C:/Users/TONYS/Documents/Codex/2026-09-29/https-github-com-jay3-yy-bilipai/work/BiliPai/desktop/.local/dynamic-detail-reply-main-integration/main-product-snapshot-01/main-kotlin.jar
[2026-10-01T01:24:44.988+0100][class,load] com.android.purebilibili.data.model.response.DynamicStatModule$$serializer source: file:/C:/Users/TONYS/Documents/Codex/2026-09-29/https-github-com-jay3-yy-bilipai/work/BiliPai/desktop/.local/dynamic-detail-reply-main-integration/main-product-snapshot-01/main-kotlin.jar
[2026-10-01T01:24:44.989+0100][class,load] com.android.purebilibili.data.model.response.DynamicFoldModule$$serializer source: file:/C:/Users/TONYS/Documents/Codex/2026-09-29/https-github-com-jay3-yy-bilipai/work/BiliPai/desktop/.local/dynamic-detail-reply-main-integration/main-product-snapshot-01/main-kotlin.jar
[2026-10-01T01:24:44.989+0100][class,load] com.android.purebilibili.data.model.response.DynamicTagModule$$serializer source: file:/C:/Users/TONYS/Documents/Codex/2026-09-29/https-github-com-jay3-yy-bilipai/work/BiliPai/desktop/.local/dynamic-detail-reply-main-integration/main-product-snapshot-01/main-kotlin.jar
[2026-10-01T01:24:44.989+0100][class,load] com.android.purebilibili.data.model.response.DynamicDisputeModule$$serializer source: file:/C:/Users/TONYS/Documents/Codex/2026-09-29/https-github-com-jay3-yy-bilipai/work/BiliPai/desktop/.local/dynamic-detail-reply-main-integration/main-product-snapshot-01/main-kotlin.jar
[2026-10-01T01:24:44.989+0100][class,load] com.android.purebilibili.data.model.response.DynamicInteractionModule$$serializer source: file:/C:/Users/TONYS/Documents/Codex/2026-09-29/https-github-com-jay3-yy-bilipai/work/BiliPai/desktop/.local/dynamic-detail-reply-main-integration/main-product-snapshot-01/main-kotlin.jar
[2026-10-01T01:24:44.989+0100][class,load] kotlinx.serialization.internal.TaggedDecoder$$Lambda/0x000000eb010b4f90 source: kotlinx.serialization.internal.TaggedDecoder
[2026-10-01T01:24:44.989+0100][class,load] com.android.purebilibili.data.model.response.DynamicDesc$$serializer source: file:/C:/Users/TONYS/Documents/Codex/2026-09-29/https-github-com-jay3-yy-bilipai/work/BiliPai/desktop/.local/dynamic-detail-reply-main-integration/main-product-snapshot-01/main-kotlin.jar
[2026-10-01T01:24:44.990+0100][class,load] com.android.purebilibili.data.model.response.DynamicMajor$$serializer source: file:/C:/Users/TONYS/Documents/Codex/2026-09-29/https-github-com-jay3-yy-bilipai/work/BiliPai/desktop/.local/dynamic-detail-reply-main-integration/main-product-snapshot-01/main-kotlin.jar
[2026-10-01T01:24:44.990+0100][class,load] com.android.purebilibili.data.model.response.DynamicAdditional$$serializer source: file:/C:/Users/TONYS/Documents/Codex/2026-09-29/https-github-com-jay3-yy-bilipai/work/BiliPai/desktop/.local/dynamic-detail-reply-main-integration/main-product-snapshot-01/main-kotlin.jar
[2026-10-01T01:24:44.990+0100][class,load] com.android.purebilibili.data.model.response.DynamicTopic$$serializer source: file:/C:/Users/TONYS/Documents/Codex/2026-09-29/https-github-com-jay3-yy-bilipai/work/BiliPai/desktop/.local/dynamic-detail-reply-main-integration/main-product-snapshot-01/main-kotlin.jar
[2026-10-01T01:24:44.990+0100][class,load] com.android.purebilibili.data.model.response.DynamicDesc source: file:/C:/Users/TONYS/Documents/Codex/2026-09-29/https-github-com-jay3-yy-bilipai/work/BiliPai/desktop/.local/dynamic-detail-reply-main-integration/main-product-snapshot-01/main-kotlin.jar
[2026-10-01T01:24:44.991+0100][class,load] com.android.purebilibili.data.model.response.DynamicDesc$Companion source: file:/C:/Users/TONYS/Documents/Codex/2026-09-29/https-github-com-jay3-yy-bilipai/work/BiliPai/desktop/.local/dynamic-detail-reply-main-integration/main-product-snapshot-01/main-kotlin.jar
[2026-10-01T01:24:44.991+0100][class,load] com.android.purebilibili.data.model.response.DynamicDesc$$Lambda/0x000000eb010b6030 source: com.android.purebilibili.data.model.response.DynamicDesc
[2026-10-01T01:24:44.991+0100][class,load] com.android.purebilibili.data.model.response.RichTextNode$$serializer source: file:/C:/Users/TONYS/Documents/Codex/2026-09-29/https-github-com-jay3-yy-bilipai/work/BiliPai/desktop/.local/dynamic-detail-reply-main-integration/main-product-snapshot-01/main-kotlin.jar
[2026-10-01T01:24:44.991+0100][class,load] com.android.purebilibili.data.model.response.DynamicContentModule source: file:/C:/Users/TONYS/Documents/Codex/2026-09-29/https-github-com-jay3-yy-bilipai/work/BiliPai/desktop/.local/dynamic-detail-reply-main-integration/main-product-snapshot-01/main-kotlin.jar
[2026-10-01T01:24:44.992+0100][class,load] com.android.purebilibili.data.model.response.DynamicContentModule$Companion source: file:/C:/Users/TONYS/Documents/Codex/2026-09-29/https-github-com-jay3-yy-bilipai/work/BiliPai/desktop/.local/dynamic-detail-reply-main-integration/main-product-snapshot-01/main-kotlin.jar
[2026-10-01T01:24:44.992+0100][class,load] com.android.purebilibili.data.model.response.StatItem$$serializer source: file:/C:/Users/TONYS/Documents/Codex/2026-09-29/https-github-com-jay3-yy-bilipai/work/BiliPai/desktop/.local/dynamic-detail-reply-main-integration/main-product-snapshot-01/main-kotlin.jar
[2026-10-01T01:24:44.992+0100][class,load] kotlinx.serialization.json.JsonElementKt source: file:/C:/Users/TONYS/Documents/Codex/2026-09-29/https-github-com-jay3-yy-bilipai/work/toolchain/gradle-home/caches/modules-2/files-2.1/org.jetbrains.kotlinx/kotlinx-serialization-json-jvm/1.11.0/e7e045e99e56f07599bb9ccb708c2190e2af0606/kotlinx-serialization-json-jvm-1.11.0.jar
[2026-10-01T01:24:44.993+0100][class,load] com.android.purebilibili.data.model.response.StatItem source: file:/C:/Users/TONYS/Documents/Codex/2026-09-29/https-github-com-jay3-yy-bilipai/work/BiliPai/desktop/.local/dynamic-detail-reply-main-integration/main-product-snapshot-01/main-kotlin.jar
[2026-10-01T01:24:44.993+0100][class,load] com.android.purebilibili.data.model.response.StatItem$Companion source: file:/C:/Users/TONYS/Documents/Codex/2026-09-29/https-github-com-jay3-yy-bilipai/work/BiliPai/desktop/.local/dynamic-detail-reply-main-integration/main-product-snapshot-01/main-kotlin.jar
[2026-10-01T01:24:44.993+0100][class,load] com.android.purebilibili.data.model.response.DynamicStatModule source: file:/C:/Users/TONYS/Documents/Codex/2026-09-29/https-github-com-jay3-yy-bilipai/work/BiliPai/desktop/.local/dynamic-detail-reply-main-integration/main-product-snapshot-01/main-kotlin.jar
[2026-10-01T01:24:44.994+0100][class,load] com.android.purebilibili.data.model.response.DynamicStatModule$Companion source: file:/C:/Users/TONYS/Documents/Codex/2026-09-29/https-github-com-jay3-yy-bilipai/work/BiliPai/desktop/.local/dynamic-detail-reply-main-integration/main-product-snapshot-01/main-kotlin.jar
[2026-10-01T01:24:44.994+0100][class,load] java.lang.invoke.LambdaForm$MH/0x000000eb010b1000 source: __JVM_LookupDefineClass__
[2026-10-01T01:24:44.994+0100][class,load] java.lang.invoke.LambdaForm$MH/0x000000eb010b1400 source: __JVM_LookupDefineClass__
[2026-10-01T01:24:44.994+0100][class,load] java.lang.invoke.LambdaForm$MH/0x000000eb010b1800 source: __JVM_LookupDefineClass__
[2026-10-01T01:24:44.994+0100][class,load] java.lang.invoke.LambdaForm$MH/0x000000eb010b1c00 source: __JVM_LookupDefineClass__
[2026-10-01T01:24:44.995+0100][class,load] java.lang.invoke.LambdaForm$MH/0x000000eb010b2000 source: __JVM_LookupDefineClass__
[2026-10-01T01:24:44.995+0100][class,load] java.lang.invoke.LambdaForm$MH/0x000000eb010b2400 source: __JVM_LookupDefineClass__
[2026-10-01T01:24:44.995+0100][class,load] java.lang.invoke.LambdaForm$MH/0x000000eb010b2800 source: __JVM_LookupDefineClass__
[2026-10-01T01:24:44.995+0100][class,load] java.lang.invoke.LambdaForm$DMH/0x000000eb010b2c00 source: __JVM_LookupDefineClass__
[2026-10-01T01:24:44.995+0100][class,load] java.lang.invoke.LambdaForm$MH/0x000000eb010b3000 source: __JVM_LookupDefineClass__
[2026-10-01T01:24:44.996+0100][class,load] java.lang.invoke.LambdaForm$MH/0x000000eb010b3400 source: __JVM_LookupDefineClass__
[2026-10-01T01:24:44.996+0100][class,load] java.lang.invoke.LambdaForm$MH/0x000000eb010b3800 source: __JVM_LookupDefineClass__
[2026-10-01T01:24:44.996+0100][class,load] java.lang.invoke.LambdaForm$MH/0x000000eb010b3c00 source: __JVM_LookupDefineClass__
[2026-10-01T01:24:44.996+0100][class,load] java.lang.invoke.LambdaForm$DMH/0x000000eb010b8000 source: __JVM_LookupDefineClass__
[2026-10-01T01:24:44.996+0100][class,load] java.lang.invoke.LambdaForm$MH/0x000000eb010b8400 source: __JVM_LookupDefineClass__
[2026-10-01T01:24:44.996+0100][class,load] java.lang.invoke.LambdaForm$MH/0x000000eb010b8800 source: __JVM_LookupDefineClass__
[2026-10-01T01:24:44.996+0100][class,load] java.lang.invoke.LambdaForm$MH/0x000000eb010b8c00 source: __JVM_LookupDefineClass__
[2026-10-01T01:24:44.996+0100][class,load] java.lang.invoke.LambdaForm$MH/0x000000eb010b9000 source: __JVM_LookupDefineClass__
[2026-10-01T01:24:44.998+0100][class,load] java.lang.invoke.LambdaForm$MH/0x000000eb010b9400 source: __JVM_LookupDefineClass__
[2026-10-01T01:24:44.998+0100][class,load] java.lang.invoke.LambdaForm$MH/0x000000eb010b9800 source: __JVM_LookupDefineClass__
[2026-10-01T01:24:44.998+0100][class,load] java.lang.invoke.LambdaForm$DMH/0x000000eb010b9c00 source: __JVM_LookupDefineClass__
[2026-10-01T01:24:44.998+0100][class,load] java.lang.invoke.LambdaForm$MH/0x000000eb010ba000 source: __JVM_LookupDefineClass__
[2026-10-01T01:24:44.999+0100][class,load] java.lang.invoke.LambdaForm$DMH/0x000000eb010ba400 source: __JVM_LookupDefineClass__
[2026-10-01T01:24:44.999+0100][class,load] java.lang.invoke.LambdaForm$MH/0x000000eb010ba800 source: __JVM_LookupDefineClass__
[2026-10-01T01:24:44.999+0100][class,load] java.lang.invoke.LambdaForm$MH/0x000000eb010bac00 source: __JVM_LookupDefineClass__
[2026-10-01T01:24:44.999+0100][class,load] java.lang.invoke.LambdaForm$MH/0x000000eb010bb000 source: __JVM_LookupDefineClass__
[2026-10-01T01:24:44.999+0100][class,load] java.lang.invoke.LambdaForm$MH/0x000000eb010bb400 source: __JVM_LookupDefineClass__
[2026-10-01T01:24:44.999+0100][class,load] java.lang.invoke.LambdaForm$DMH/0x000000eb010bb800 source: __JVM_LookupDefineClass__
[2026-10-01T01:24:45.000+0100][class,load] java.lang.invoke.LambdaForm$MH/0x000000eb010bbc00 source: __JVM_LookupDefineClass__
[2026-10-01T01:24:45.000+0100][class,load] java.lang.invoke.LambdaForm$DMH/0x000000eb010bc000 source: __JVM_LookupDefineClass__
[2026-10-01T01:24:45.000+0100][class,load] java.lang.invoke.LambdaForm$MH/0x000000eb010bc400 source: __JVM_LookupDefineClass__
[2026-10-01T01:24:45.001+0100][class,load] com.android.purebilibili.data.model.response.UnescapedStringSerializer source: file:/C:/Users/TONYS/Documents/Codex/2026-09-29/https-github-com-jay3-yy-bilipai/work/BiliPai/desktop/.local/dynamic-detail-reply-main-integration/main-product-snapshot-01/main-kotlin.jar
[2026-10-01T01:24:45.001+0100][class,load] kotlinx.serialization.internal.MapLikeSerializer source: file:/C:/Users/TONYS/Documents/Codex/2026-09-29/https-github-com-jay3-yy-bilipai/work/toolchain/gradle-home/caches/modules-2/files-2.1/org.jetbrains.kotlinx/kotlinx-serialization-core-jvm/1.11.0/c1905c9bf7452b045d5af9248835abe64ddad6bf/kotlinx-serialization-core-jvm-1.11.0.jar
[2026-10-01T01:24:45.001+0100][class,load] kotlinx.serialization.internal.LinkedHashMapSerializer source: file:/C:/Users/TONYS/Documents/Codex/2026-09-29/https-github-com-jay3-yy-bilipai/work/toolchain/gradle-home/caches/modules-2/files-2.1/org.jetbrains.kotlinx/kotlinx-serialization-core-jvm/1.11.0/c1905c9bf7452b045d5af9248835abe64ddad6bf/kotlinx-serialization-core-jvm-1.11.0.jar
[2026-10-01T01:24:45.002+0100][class,load] com.android.purebilibili.data.model.response.ReplyEmote$$serializer source: file:/C:/Users/TONYS/Documents/Codex/2026-09-29/https-github-com-jay3-yy-bilipai/work/BiliPai/desktop/.local/dynamic-detail-reply-main-integration/main-product-snapshot-01/main-kotlin.jar
[2026-10-01T01:24:45.002+0100][class,load] kotlinx.serialization.internal.MapLikeDescriptor source: file:/C:/Users/TONYS/Documents/Codex/2026-09-29/https-github-com-jay3-yy-bilipai/work/toolchain/gradle-home/caches/modules-2/files-2.1/org.jetbrains.kotlinx/kotlinx-serialization-core-jvm/1.11.0/c1905c9bf7452b045d5af9248835abe64ddad6bf/kotlinx-serialization-core-jvm-1.11.0.jar
[2026-10-01T01:24:45.002+0100][class,load] kotlinx.serialization.internal.LinkedHashMapClassDesc source: file:/C:/Users/TONYS/Documents/Codex/2026-09-29/https-github-com-jay3-yy-bilipai/work/toolchain/gradle-home/caches/modules-2/files-2.1/org.jetbrains.kotlinx/kotlinx-serialization-core-jvm/1.11.0/c1905c9bf7452b045d5af9248835abe64ddad6bf/kotlinx-serialization-core-jvm-1.11.0.jar
[2026-10-01T01:24:45.003+0100][class,load] com.android.purebilibili.data.model.response.ReplyVote$$serializer source: file:/C:/Users/TONYS/Documents/Codex/2026-09-29/https-github-com-jay3-yy-bilipai/work/BiliPai/desktop/.local/dynamic-detail-reply-main-integration/main-product-snapshot-01/main-kotlin.jar
[2026-10-01T01:24:45.003+0100][class,load] com.android.purebilibili.data.model.response.ReplyRichText$$serializer source: file:/C:/Users/TONYS/Documents/Codex/2026-09-29/https-github-com-jay3-yy-bilipai/work/BiliPai/desktop/.local/dynamic-detail-reply-main-integration/main-product-snapshot-01/main-kotlin.jar
[2026-10-01T01:24:45.003+0100][class,load] com.android.purebilibili.data.model.response.ReplyContentUrl$$serializer source: file:/C:/Users/TONYS/Documents/Codex/2026-09-29/https-github-com-jay3-yy-bilipai/work/BiliPai/desktop/.local/dynamic-detail-reply-main-integration/main-product-snapshot-01/main-kotlin.jar
[2026-10-01T01:24:45.004+0100][class,load] kotlinx.serialization.json.JsonElementSerializer source: file:/C:/Users/TONYS/Documents/Codex/2026-09-29/https-github-com-jay3-yy-bilipai/work/toolchain/gradle-home/caches/modules-2/files-2.1/org.jetbrains.kotlinx/kotlinx-serialization-json-jvm/1.11.0/e7e045e99e56f07599bb9ccb708c2190e2af0606/kotlinx-serialization-json-jvm-1.11.0.jar
[2026-10-01T01:24:45.004+0100][class,load] kotlinx.serialization.descriptors.PolymorphicKind$SEALED source: file:/C:/Users/TONYS/Documents/Codex/2026-09-29/https-github-com-jay3-yy-bilipai/work/toolchain/gradle-home/caches/modules-2/files-2.1/org.jetbrains.kotlinx/kotlinx-serialization-core-jvm/1.11.0/c1905c9bf7452b045d5af9248835abe64ddad6bf/kotlinx-serialization-core-jvm-1.11.0.jar
[2026-10-01T01:24:45.004+0100][class,load] kotlinx.serialization.json.JsonElementSerializer$$Lambda/0x000000eb010bf260 source: kotlinx.serialization.json.JsonElementSerializer
[2026-10-01T01:24:45.005+0100][class,load] kotlinx.serialization.json.JsonElementSerializer$$Lambda/0x000000eb010bf480 source: kotlinx.serialization.json.JsonElementSerializer
[2026-10-01T01:24:45.005+0100][class,load] kotlinx.serialization.json.JsonElementSerializersKt source: file:/C:/Users/TONYS/Documents/Codex/2026-09-29/https-github-com-jay3-yy-bilipai/work/toolchain/gradle-home/caches/modules-2/files-2.1/org.jetbrains.kotlinx/kotlinx-serialization-json-jvm/1.11.0/e7e045e99e56f07599bb9ccb708c2190e2af0606/kotlinx-serialization-json-jvm-1.11.0.jar
[2026-10-01T01:24:45.005+0100][class,load] kotlinx.serialization.json.JsonElementSerializersKt$defer$1 source: file:/C:/Users/TONYS/Documents/Codex/2026-09-29/https-github-com-jay3-yy-bilipai/work/toolchain/gradle-home/caches/modules-2/files-2.1/org.jetbrains.kotlinx/kotlinx-serialization-json-jvm/1.11.0/e7e045e99e56f07599bb9ccb708c2190e2af0606/kotlinx-serialization-json-jvm-1.11.0.jar
[2026-10-01T01:24:45.005+0100][class,load] kotlinx.serialization.json.JsonElementSerializer$$Lambda/0x000000eb010bfb20 source: kotlinx.serialization.json.JsonElementSerializer
[2026-10-01T01:24:45.005+0100][class,load] kotlinx.serialization.json.JsonElementSerializer$$Lambda/0x000000eb010bfd40 source: kotlinx.serialization.json.JsonElementSerializer
[2026-10-01T01:24:45.006+0100][class,load] kotlinx.serialization.json.JsonElementSerializer$$Lambda/0x000000eb010bd000 source: kotlinx.serialization.json.JsonElementSerializer
[2026-10-01T01:24:45.006+0100][class,load] kotlinx.serialization.json.JsonElementSerializer$$Lambda/0x000000eb010bd220 source: kotlinx.serialization.json.JsonElementSerializer
[2026-10-01T01:24:45.006+0100][class,load] kotlin.collections.IndexedValue source: file:/C:/Users/TONYS/Documents/Codex/2026-09-29/https-github-com-jay3-yy-bilipai/work/toolchain/gradle-home/caches/modules-2/files-2.1/org.jetbrains.kotlin/kotlin-stdlib/2.4.10/8943c84ddc6d5cc00a10dbc3736c397066eeaab5/kotlin-stdlib-2.4.10.jar
[2026-10-01T01:24:45.006+0100][class,load] com.android.purebilibili.data.model.response.FlexibleLongSerializer source: file:/C:/Users/TONYS/Documents/Codex/2026-09-29/https-github-com-jay3-yy-bilipai/work/BiliPai/desktop/.local/dynamic-detail-reply-main-integration/main-product-snapshot-01/main-kotlin.jar
[2026-10-01T01:24:45.008+0100][class,load] com.android.purebilibili.data.model.response.ReplyPicture$$serializer source: file:/C:/Users/TONYS/Documents/Codex/2026-09-29/https-github-com-jay3-yy-bilipai/work/BiliPai/desktop/.local/dynamic-detail-reply-main-integration/main-product-snapshot-01/main-kotlin.jar
[2026-10-01T01:24:45.008+0100][class,load] com.android.purebilibili.core.util.HtmlEntityUtils source: file:/C:/Users/TONYS/Documents/Codex/2026-09-29/https-github-com-jay3-yy-bilipai/work/BiliPai/desktop/.local/dynamic-detail-reply-main-integration/main-product-snapshot-01/main-kotlin.jar
[2026-10-01T01:24:45.009+0100][class,load] kotlin.text.Regex source: file:/C:/Users/TONYS/Documents/Codex/2026-09-29/https-github-com-jay3-yy-bilipai/work/toolchain/gradle-home/caches/modules-2/files-2.1/org.jetbrains.kotlin/kotlin-stdlib/2.4.10/8943c84ddc6d5cc00a10dbc3736c397066eeaab5/kotlin-stdlib-2.4.10.jar
[2026-10-01T01:24:45.009+0100][class,load] kotlin.text.Regex$Companion source: file:/C:/Users/TONYS/Documents/Codex/2026-09-29/https-github-com-jay3-yy-bilipai/work/toolchain/gradle-home/caches/modules-2/files-2.1/org.jetbrains.kotlin/kotlin-stdlib/2.4.10/8943c84ddc6d5cc00a10dbc3736c397066eeaab5/kotlin-stdlib-2.4.10.jar
[2026-10-01T01:24:45.009+0100][class,load] java.util.regex.Pattern source: shared objects file
[2026-10-01T01:24:45.009+0100][class,load] java.util.regex.Pattern$Node source: shared objects file
[2026-10-01T01:24:45.009+0100][class,load] java.util.regex.Pattern$LastNode source: shared objects file
[2026-10-01T01:24:45.009+0100][class,load] java.util.regex.Pattern$GroupHead source: shared objects file
[2026-10-01T01:24:45.009+0100][class,load] java.util.regex.Pattern$CharPredicate source: shared objects file
[2026-10-01T01:24:45.009+0100][class,load] java.util.regex.Pattern$BmpCharPredicate source: shared objects file
[2026-10-01T01:24:45.009+0100][class,load] java.util.regex.Pattern$$Lambda/0x800000028 source: shared objects file
[2026-10-01T01:24:45.009+0100][class,load] java.util.regex.Pattern$CharProperty source: shared objects file
[2026-10-01T01:24:45.009+0100][class,load] java.util.regex.Pattern$BmpCharProperty source: shared objects file
[2026-10-01T01:24:45.009+0100][class,load] java.util.regex.Pattern$GroupTail source: shared objects file
[2026-10-01T01:24:45.009+0100][class,load] java.util.regex.Pattern$BitClass source: shared objects file
[2026-10-01T01:24:45.009+0100][class,load] java.util.regex.Pattern$$Lambda/0x800000029 source: shared objects file
[2026-10-01T01:24:45.009+0100][class,load] java.util.regex.Pattern$Qtype source: shared objects file
[2026-10-01T01:24:45.010+0100][class,load] java.util.regex.Pattern$CharPropertyGreedy source: shared objects file
[2026-10-01T01:24:45.010+0100][class,load] java.util.regex.Pattern$BmpCharPropertyGreedy source: shared objects file
[2026-10-01T01:24:45.010+0100][class,load] java.util.regex.Pattern$$Lambda/0x800000031 source: shared objects file
[2026-10-01T01:24:45.010+0100][class,load] java.util.regex.Pattern$BranchConn source: shared objects file
[2026-10-01T01:24:45.010+0100][class,load] java.util.regex.Pattern$Branch source: shared objects file
[2026-10-01T01:24:45.010+0100][class,load] java.util.regex.Pattern$Ques source: shared objects file
[2026-10-01T01:24:45.010+0100][class,load] java.util.regex.Pattern$SliceNode source: shared objects file
[2026-10-01T01:24:45.010+0100][class,load] java.util.regex.Pattern$Slice source: shared objects file
[2026-10-01T01:24:45.010+0100][class,load] java.util.regex.Pattern$Begin source: shared objects file
[2026-10-01T01:24:45.010+0100][class,load] java.util.regex.Pattern$First source: shared objects file
[2026-10-01T01:24:45.010+0100][class,load] java.util.regex.Pattern$Start source: shared objects file
[2026-10-01T01:24:45.010+0100][class,load] java.util.regex.Pattern$TreeInfo source: shared objects file
[2026-10-01T01:24:45.011+0100][class,load] java.lang.invoke.LambdaForm$MH/0x000000eb010c0000 source: __JVM_LookupDefineClass__
[2026-10-01T01:24:45.011+0100][class,load] java.lang.invoke.LambdaForm$MH/0x000000eb010c0400 source: __JVM_LookupDefineClass__
[2026-10-01T01:24:45.011+0100][class,load] java.lang.invoke.LambdaForm$MH/0x000000eb010c0800 source: __JVM_LookupDefineClass__
[2026-10-01T01:24:45.011+0100][class,load] java.lang.invoke.LambdaForm$MH/0x000000eb010c0c00 source: __JVM_LookupDefineClass__
[2026-10-01T01:24:45.011+0100][class,load] java.lang.invoke.LambdaForm$DMH/0x000000eb010c1000 source: __JVM_LookupDefineClass__
[2026-10-01T01:24:45.011+0100][class,load] java.lang.invoke.LambdaForm$MH/0x000000eb010c1400 source: __JVM_LookupDefineClass__
[2026-10-01T01:24:45.013+0100][class,load] java.lang.invoke.LambdaForm$MH/0x000000eb010c1800 source: __JVM_LookupDefineClass__
[2026-10-01T01:24:45.013+0100][class,load] java.lang.invoke.LambdaForm$MH/0x000000eb010c1c00 source: __JVM_LookupDefineClass__
[2026-10-01T01:24:45.013+0100][class,load] java.lang.invoke.LambdaForm$DMH/0x000000eb010c2000 source: __JVM_LookupDefineClass__
[2026-10-01T01:24:45.013+0100][class,load] java.lang.invoke.LambdaForm$MH/0x000000eb010c2400 source: __JVM_LookupDefineClass__
[2026-10-01T01:24:45.013+0100][class,load] java.lang.invoke.LambdaForm$MH/0x000000eb010c2800 source: __JVM_LookupDefineClass__
[2026-10-01T01:24:45.014+0100][class,load] java.lang.invoke.LambdaForm$DMH/0x000000eb010c2c00 source: __JVM_LookupDefineClass__
[2026-10-01T01:24:45.014+0100][class,load] java.lang.invoke.LambdaForm$MH/0x000000eb010c3000 source: __JVM_LookupDefineClass__
[2026-10-01T01:24:45.014+0100][class,load] java.lang.invoke.LambdaForm$MH/0x000000eb010c3400 source: __JVM_LookupDefineClass__
[2026-10-01T01:24:45.014+0100][class,load] java.lang.invoke.LambdaForm$DMH/0x000000eb010c3800 source: __JVM_LookupDefineClass__
[2026-10-01T01:24:45.014+0100][class,load] java.lang.invoke.LambdaForm$MH/0x000000eb010c3c00 source: __JVM_LookupDefineClass__
[2026-10-01T01:24:45.015+0100][class,load] com.android.purebilibili.data.model.response.ReplyData source: file:/C:/Users/TONYS/Documents/Codex/2026-09-29/https-github-com-jay3-yy-bilipai/work/BiliPai/desktop/.local/dynamic-detail-reply-main-integration/main-product-snapshot-01/main-kotlin.jar
[2026-10-01T01:24:45.015+0100][class,load] com.android.purebilibili.data.model.response.ReplyData$Companion source: file:/C:/Users/TONYS/Documents/Codex/2026-09-29/https-github-com-jay3-yy-bilipai/work/BiliPai/desktop/.local/dynamic-detail-reply-main-integration/main-product-snapshot-01/main-kotlin.jar
[2026-10-01T01:24:45.016+0100][class,load] com.android.purebilibili.data.model.response.ReplyCursor source: file:/C:/Users/TONYS/Documents/Codex/2026-09-29/https-github-com-jay3-yy-bilipai/work/BiliPai/desktop/.local/dynamic-detail-reply-main-integration/main-product-snapshot-01/main-kotlin.jar
[2026-10-01T01:24:45.016+0100][class,load] com.android.purebilibili.data.model.response.ReplyPage source: file:/C:/Users/TONYS/Documents/Codex/2026-09-29/https-github-com-jay3-yy-bilipai/work/BiliPai/desktop/.local/dynamic-detail-reply-main-integration/main-product-snapshot-01/main-kotlin.jar
[2026-10-01T01:24:45.016+0100][class,load] com.android.purebilibili.data.model.response.ReplyConfig source: file:/C:/Users/TONYS/Documents/Codex/2026-09-29/https-github-com-jay3-yy-bilipai/work/BiliPai/desktop/.local/dynamic-detail-reply-main-integration/main-product-snapshot-01/main-kotlin.jar
[2026-10-01T01:24:45.016+0100][class,load] com.android.purebilibili.data.model.response.ReplyTop source: file:/C:/Users/TONYS/Documents/Codex/2026-09-29/https-github-com-jay3-yy-bilipai/work/BiliPai/desktop/.local/dynamic-detail-reply-main-integration/main-product-snapshot-01/main-kotlin.jar
[2026-10-01T01:24:45.016+0100][class,load] com.android.purebilibili.data.model.response.ReplyUpper source: file:/C:/Users/TONYS/Documents/Codex/2026-09-29/https-github-com-jay3-yy-bilipai/work/BiliPai/desktop/.local/dynamic-detail-reply-main-integration/main-product-snapshot-01/main-kotlin.jar
[2026-10-01T01:24:45.016+0100][class,load] com.android.purebilibili.data.model.response.ReplyPageControl source: file:/C:/Users/TONYS/Documents/Codex/2026-09-29/https-github-com-jay3-yy-bilipai/work/BiliPai/desktop/.local/dynamic-detail-reply-main-integration/main-product-snapshot-01/main-kotlin.jar
[2026-10-01T01:24:45.017+0100][class,load] com.android.purebilibili.data.model.response.ReplyData$$Lambda/0x000000eb010c4e58 source: com.android.purebilibili.data.model.response.ReplyData
[2026-10-01T01:24:45.017+0100][class,load] com.android.purebilibili.data.model.response.ReplyData$$Lambda/0x000000eb010c5078 source: com.android.purebilibili.data.model.response.ReplyData
[2026-10-01T01:24:45.017+0100][class,load] com.android.purebilibili.data.model.response.ReplyData$$Lambda/0x000000eb010c5298 source: com.android.purebilibili.data.model.response.ReplyData
[2026-10-01T01:24:45.017+0100][class,load] com.android.purebilibili.data.model.response.ReplyData$$serializer source: file:/C:/Users/TONYS/Documents/Codex/2026-09-29/https-github-com-jay3-yy-bilipai/work/BiliPai/desktop/.local/dynamic-detail-reply-main-integration/main-product-snapshot-01/main-kotlin.jar
[2026-10-01T01:24:45.017+0100][class,load] com.android.purebilibili.data.model.response.ReplyCursor$$serializer source: file:/C:/Users/TONYS/Documents/Codex/2026-09-29/https-github-com-jay3-yy-bilipai/work/BiliPai/desktop/.local/dynamic-detail-reply-main-integration/main-product-snapshot-01/main-kotlin.jar
[2026-10-01T01:24:45.018+0100][class,load] com.android.purebilibili.data.model.response.ReplyPage$$serializer source: file:/C:/Users/TONYS/Documents/Codex/2026-09-29/https-github-com-jay3-yy-bilipai/work/BiliPai/desktop/.local/dynamic-detail-reply-main-integration/main-product-snapshot-01/main-kotlin.jar
[2026-10-01T01:24:45.018+0100][class,load] com.android.purebilibili.data.model.response.ReplyConfig$$serializer source: file:/C:/Users/TONYS/Documents/Codex/2026-09-29/https-github-com-jay3-yy-bilipai/work/BiliPai/desktop/.local/dynamic-detail-reply-main-integration/main-product-snapshot-01/main-kotlin.jar
[2026-10-01T01:24:45.018+0100][class,load] com.android.purebilibili.data.model.response.ReplyTop$$serializer source: file:/C:/Users/TONYS/Documents/Codex/2026-09-29/https-github-com-jay3-yy-bilipai/work/BiliPai/desktop/.local/dynamic-detail-reply-main-integration/main-product-snapshot-01/main-kotlin.jar
[2026-10-01T01:24:45.018+0100][class,load] com.android.purebilibili.data.model.response.ReplyUpper$$serializer source: file:/C:/Users/TONYS/Documents/Codex/2026-09-29/https-github-com-jay3-yy-bilipai/work/BiliPai/desktop/.local/dynamic-detail-reply-main-integration/main-product-snapshot-01/main-kotlin.jar
[2026-10-01T01:24:45.019+0100][class,load] com.android.purebilibili.data.model.response.ReplyPageControl$$serializer source: file:/C:/Users/TONYS/Documents/Codex/2026-09-29/https-github-com-jay3-yy-bilipai/work/BiliPai/desktop/.local/dynamic-detail-reply-main-integration/main-product-snapshot-01/main-kotlin.jar
[2026-10-01T01:24:45.019+0100][class,load] com.android.purebilibili.data.model.response.ReplyPage$Companion source: file:/C:/Users/TONYS/Documents/Codex/2026-09-29/https-github-com-jay3-yy-bilipai/work/BiliPai/desktop/.local/dynamic-detail-reply-main-integration/main-product-snapshot-01/main-kotlin.jar
[2026-10-01T01:24:45.019+0100][class,load] com.android.purebilibili.data.model.response.ReplyPaginationReply$$serializer source: file:/C:/Users/TONYS/Documents/Codex/2026-09-29/https-github-com-jay3-yy-bilipai/work/BiliPai/desktop/.local/dynamic-detail-reply-main-integration/main-product-snapshot-01/main-kotlin.jar
[2026-10-01T01:24:45.020+0100][class,load] com.android.purebilibili.data.model.response.ReplyCursor$Companion source: file:/C:/Users/TONYS/Documents/Codex/2026-09-29/https-github-com-jay3-yy-bilipai/work/BiliPai/desktop/.local/dynamic-detail-reply-main-integration/main-product-snapshot-01/main-kotlin.jar
[2026-10-01T01:24:45.020+0100][class,load] com.android.purebilibili.feature.dynamic.DynamicCommentLoadPolicyKt source: file:/C:/Users/TONYS/Documents/Codex/2026-09-29/https-github-com-jay3-yy-bilipai/work/BiliPai/desktop/.local/dynamic-detail-reply-main-integration/main-product-snapshot-01/main-kotlin.jar
[2026-10-01T01:24:45.020+0100][class,load] kotlin.jvm.internal.markers.KMutableList source: file:/C:/Users/TONYS/Documents/Codex/2026-09-29/https-github-com-jay3-yy-bilipai/work/toolchain/gradle-home/caches/modules-2/files-2.1/org.jetbrains.kotlin/kotlin-stdlib/2.4.10/8943c84ddc6d5cc00a10dbc3736c397066eeaab5/kotlin-stdlib-2.4.10.jar
[2026-10-01T01:24:45.021+0100][class,load] kotlin.collections.AbstractMutableList source: file:/C:/Users/TONYS/Documents/Codex/2026-09-29/https-github-com-jay3-yy-bilipai/work/toolchain/gradle-home/caches/modules-2/files-2.1/org.jetbrains.kotlin/kotlin-stdlib/2.4.10/8943c84ddc6d5cc00a10dbc3736c397066eeaab5/kotlin-stdlib-2.4.10.jar
[2026-10-01T01:24:45.021+0100][class,load] kotlin.collections.builders.ListBuilder source: file:/C:/Users/TONYS/Documents/Codex/2026-09-29/https-github-com-jay3-yy-bilipai/work/toolchain/gradle-home/caches/modules-2/files-2.1/org.jetbrains.kotlin/kotlin-stdlib/2.4.10/8943c84ddc6d5cc00a10dbc3736c397066eeaab5/kotlin-stdlib-2.4.10.jar
[2026-10-01T01:24:45.021+0100][class,load] kotlin.collections.builders.ListBuilder$Companion source: file:/C:/Users/TONYS/Documents/Codex/2026-09-29/https-github-com-jay3-yy-bilipai/work/toolchain/gradle-home/caches/modules-2/files-2.1/org.jetbrains.kotlin/kotlin-stdlib/2.4.10/8943c84ddc6d5cc00a10dbc3736c397066eeaab5/kotlin-stdlib-2.4.10.jar
[2026-10-01T01:24:45.021+0100][class,load] kotlin.jvm.internal.markers.KMutableListIterator source: file:/C:/Users/TONYS/Documents/Codex/2026-09-29/https-github-com-jay3-yy-bilipai/work/toolchain/gradle-home/caches/modules-2/files-2.1/org.jetbrains.kotlin/kotlin-stdlib/2.4.10/8943c84ddc6d5cc00a10dbc3736c397066eeaab5/kotlin-stdlib-2.4.10.jar
[2026-10-01T01:24:45.021+0100][class,load] kotlin.collections.builders.ListBuilder$Itr source: file:/C:/Users/TONYS/Documents/Codex/2026-09-29/https-github-com-jay3-yy-bilipai/work/toolchain/gradle-home/caches/modules-2/files-2.1/org.jetbrains.kotlin/kotlin-stdlib/2.4.10/8943c84ddc6d5cc00a10dbc3736c397066eeaab5/kotlin-stdlib-2.4.10.jar
[2026-10-01T01:24:45.022+0100][class,load] com.android.purebilibili.feature.dynamic.DynamicCommentPayload source: file:/C:/Users/TONYS/Documents/Codex/2026-09-29/https-github-com-jay3-yy-bilipai/work/BiliPai/desktop/.local/dynamic-detail-reply-main-integration/main-product-snapshot-01/main-kotlin.jar
[2026-10-01T01:24:45.022+0100][class,load] com.android.purebilibili.feature.dynamic.DynamicCommentLoadAttempt source: file:/C:/Users/TONYS/Documents/Codex/2026-09-29/https-github-com-jay3-yy-bilipai/work/BiliPai/desktop/.local/dynamic-detail-reply-main-integration/main-product-snapshot-01/main-kotlin.jar
[2026-10-01T01:24:45.022+0100][class,load] com.android.purebilibili.feature.dynamic.DynamicCommentLoadPolicyKt$selectPreferredDynamicCommentAttempt$$inlined$compareBy$1 source: file:/C:/Users/TONYS/Documents/Codex/2026-09-29/https-github-com-jay3-yy-bilipai/work/BiliPai/desktop/.local/dynamic-detail-reply-main-integration/main-product-snapshot-01/main-kotlin.jar
[2026-10-01T01:24:45.022+0100][class,load] com.android.purebilibili.feature.dynamic.DynamicCommentLoadPolicyKt$selectPreferredDynamicCommentAttempt$$inlined$thenBy$1 source: file:/C:/Users/TONYS/Documents/Codex/2026-09-29/https-github-com-jay3-yy-bilipai/work/BiliPai/desktop/.local/dynamic-detail-reply-main-integration/main-product-snapshot-01/main-kotlin.jar
[2026-10-01T01:24:45.023+0100][class,load] com.android.purebilibili.feature.dynamic.DynamicCommentLoadPolicyKt$selectPreferredDynamicCommentAttempt$$inlined$thenBy$2 source: file:/C:/Users/TONYS/Documents/Codex/2026-09-29/https-github-com-jay3-yy-bilipai/work/BiliPai/desktop/.local/dynamic-detail-reply-main-integration/main-product-snapshot-01/main-kotlin.jar
[2026-10-01T01:24:45.023+0100][class,load] com.android.purebilibili.feature.dynamic.DynamicCommentLoadPolicyKt$selectPreferredDynamicCommentAttempt$$inlined$thenByDescending$1 source: file:/C:/Users/TONYS/Documents/Codex/2026-09-29/https-github-com-jay3-yy-bilipai/work/BiliPai/desktop/.local/dynamic-detail-reply-main-integration/main-product-snapshot-01/main-kotlin.jar
[2026-10-01T01:24:45.023+0100][class,load] com.android.purebilibili.feature.dynamic.DynamicCommentLoadPolicyKt$selectPreferredDynamicCommentAttempt$$inlined$thenByDescending$2 source: file:/C:/Users/TONYS/Documents/Codex/2026-09-29/https-github-com-jay3-yy-bilipai/work/BiliPai/desktop/.local/dynamic-detail-reply-main-integration/main-product-snapshot-01/main-kotlin.jar
[2026-10-01T01:24:45.023+0100][class,load] kotlin.coroutines.jvm.internal.CompletedContinuation source: file:/C:/Users/TONYS/Documents/Codex/2026-09-29/https-github-com-jay3-yy-bilipai/work/toolchain/gradle-home/caches/modules-2/files-2.1/org.jetbrains.kotlin/kotlin-stdlib/2.4.10/8943c84ddc6d5cc00a10dbc3736c397066eeaab5/kotlin-stdlib-2.4.10.jar
[2026-10-01T01:24:45.024+0100][class,load] kotlinx.coroutines.flow.SharedFlowImpl$collect$1 source: file:/C:/Users/TONYS/Documents/Codex/2026-09-29/https-github-com-jay3-yy-bilipai/work/toolchain/gradle-home/caches/modules-2/files-2.1/org.jetbrains.kotlinx/kotlinx-coroutines-core-jvm/1.10.2/4a9f78ef49483748e2c129f3d124b8fa249dafbf/kotlinx-coroutines-core-jvm-1.10.2.jar
[2026-10-01T01:24:45.024+0100][class,load] kotlinx.coroutines.flow.internal.AbstractSharedFlowSlot source: file:/C:/Users/TONYS/Documents/Codex/2026-09-29/https-github-com-jay3-yy-bilipai/work/toolchain/gradle-home/caches/modules-2/files-2.1/org.jetbrains.kotlinx/kotlinx-coroutines-core-jvm/1.10.2/4a9f78ef49483748e2c129f3d124b8fa249dafbf/kotlinx-coroutines-core-jvm-1.10.2.jar
[2026-10-01T01:24:45.024+0100][class,load] kotlinx.coroutines.flow.SharedFlowSlot source: file:/C:/Users/TONYS/Documents/Codex/2026-09-29/https-github-com-jay3-yy-bilipai/work/toolchain/gradle-home/caches/modules-2/files-2.1/org.jetbrains.kotlinx/kotlinx-coroutines-core-jvm/1.10.2/4a9f78ef49483748e2c129f3d124b8fa249dafbf/kotlinx-coroutines-core-jvm-1.10.2.jar
[2026-10-01T01:24:45.024+0100][class,load] kotlinx.coroutines.flow.SubscribedFlowCollector source: file:/C:/Users/TONYS/Documents/Codex/2026-09-29/https-github-com-jay3-yy-bilipai/work/toolchain/gradle-home/caches/modules-2/files-2.1/org.jetbrains.kotlinx/kotlinx-coroutines-core-jvm/1.10.2/4a9f78ef49483748e2c129f3d124b8fa249dafbf/kotlinx-coroutines-core-jvm-1.10.2.jar
[2026-10-01T01:24:45.024+0100][class,load] kotlinx.coroutines.flow.SharedFlowImpl$Emitter source: file:/C:/Users/TONYS/Documents/Codex/2026-09-29/https-github-com-jay3-yy-bilipai/work/toolchain/gradle-home/caches/modules-2/files-2.1/org.jetbrains.kotlinx/kotlinx-coroutines-core-jvm/1.10.2/4a9f78ef49483748e2c129f3d124b8fa249dafbf/kotlinx-coroutines-core-jvm-1.10.2.jar
[2026-10-01T01:24:45.024+0100][class,load] kotlinx.coroutines.flow.internal.ChannelFlowTransformLatest$flowCollect$3$1$emit$1 source: file:/C:/Users/TONYS/Documents/Codex/2026-09-29/https-github-com-jay3-yy-bilipai/work/toolchain/gradle-home/caches/modules-2/files-2.1/org.jetbrains.kotlinx/kotlinx-coroutines-core-jvm/1.10.2/4a9f78ef49483748e2c129f3d124b8fa249dafbf/kotlinx-coroutines-core-jvm-1.10.2.jar
[2026-10-01T01:24:45.025+0100][class,load] kotlinx.coroutines.flow.internal.ChannelFlowTransformLatest$flowCollect$3$1$2 source: file:/C:/Users/TONYS/Documents/Codex/2026-09-29/https-github-com-jay3-yy-bilipai/work/toolchain/gradle-home/caches/modules-2/files-2.1/org.jetbrains.kotlinx/kotlinx-coroutines-core-jvm/1.10.2/4a9f78ef49483748e2c129f3d124b8fa249dafbf/kotlinx-coroutines-core-jvm-1.10.2.jar
[2026-10-01T01:24:45.025+0100][class,load] kotlinx.coroutines.DelayKt source: file:/C:/Users/TONYS/Documents/Codex/2026-09-29/https-github-com-jay3-yy-bilipai/work/toolchain/gradle-home/caches/modules-2/files-2.1/org.jetbrains.kotlinx/kotlinx-coroutines-core-jvm/1.10.2/4a9f78ef49483748e2c129f3d124b8fa249dafbf/kotlinx-coroutines-core-jvm-1.10.2.jar
[2026-10-01T01:24:45.025+0100][class,load] kotlinx.coroutines.Delay source: file:/C:/Users/TONYS/Documents/Codex/2026-09-29/https-github-com-jay3-yy-bilipai/work/toolchain/gradle-home/caches/modules-2/files-2.1/org.jetbrains.kotlinx/kotlinx-coroutines-core-jvm/1.10.2/4a9f78ef49483748e2c129f3d124b8fa249dafbf/kotlinx-coroutines-core-jvm-1.10.2.jar
[2026-10-01T01:24:45.025+0100][class,load] kotlinx.coroutines.DefaultExecutorKt source: file:/C:/Users/TONYS/Documents/Codex/2026-09-29/https-github-com-jay3-yy-bilipai/work/toolchain/gradle-home/caches/modules-2/files-2.1/org.jetbrains.kotlinx/kotlinx-coroutines-core-jvm/1.10.2/4a9f78ef49483748e2c129f3d124b8fa249dafbf/kotlinx-coroutines-core-jvm-1.10.2.jar
[2026-10-01T01:24:45.026+0100][class,load] kotlinx.coroutines.EventLoop source: file:/C:/Users/TONYS/Documents/Codex/2026-09-29/https-github-com-jay3-yy-bilipai/work/toolchain/gradle-home/caches/modules-2/files-2.1/org.jetbrains.kotlinx/kotlinx-coroutines-core-jvm/1.10.2/4a9f78ef49483748e2c129f3d124b8fa249dafbf/kotlinx-coroutines-core-jvm-1.10.2.jar
[2026-10-01T01:24:45.026+0100][class,load] kotlinx.coroutines.EventLoopImplPlatform source: file:/C:/Users/TONYS/Documents/Codex/2026-09-29/https-github-com-jay3-yy-bilipai/work/toolchain/gradle-home/caches/modules-2/files-2.1/org.jetbrains.kotlinx/kotlinx-coroutines-core-jvm/1.10.2/4a9f78ef49483748e2c129f3d124b8fa249dafbf/kotlinx-coroutines-core-jvm-1.10.2.jar
[2026-10-01T01:24:45.026+0100][class,load] kotlinx.coroutines.EventLoopImplBase source: file:/C:/Users/TONYS/Documents/Codex/2026-09-29/https-github-com-jay3-yy-bilipai/work/toolchain/gradle-home/caches/modules-2/files-2.1/org.jetbrains.kotlinx/kotlinx-coroutines-core-jvm/1.10.2/4a9f78ef49483748e2c129f3d124b8fa249dafbf/kotlinx-coroutines-core-jvm-1.10.2.jar
[2026-10-01T01:24:45.026+0100][class,load] kotlinx.coroutines.DefaultExecutor source: file:/C:/Users/TONYS/Documents/Codex/2026-09-29/https-github-com-jay3-yy-bilipai/work/toolchain/gradle-home/caches/modules-2/files-2.1/org.jetbrains.kotlinx/kotlinx-coroutines-core-jvm/1.10.2/4a9f78ef49483748e2c129f3d124b8fa249dafbf/kotlinx-coroutines-core-jvm-1.10.2.jar
[2026-10-01T01:24:45.026+0100][class,load] kotlinx.coroutines.EventLoop_commonKt source: file:/C:/Users/TONYS/Documents/Codex/2026-09-29/https-github-com-jay3-yy-bilipai/work/toolchain/gradle-home/caches/modules-2/files-2.1/org.jetbrains.kotlinx/kotlinx-coroutines-core-jvm/1.10.2/4a9f78ef49483748e2c129f3d124b8fa249dafbf/kotlinx-coroutines-core-jvm-1.10.2.jar
[2026-10-01T01:24:45.026+0100][class,load] kotlinx.coroutines.AbstractTimeSourceKt source: file:/C:/Users/TONYS/Documents/Codex/2026-09-29/https-github-com-jay3-yy-bilipai/work/toolchain/gradle-home/caches/modules-2/files-2.1/org.jetbrains.kotlinx/kotlinx-coroutines-core-jvm/1.10.2/4a9f78ef49483748e2c129f3d124b8fa249dafbf/kotlinx-coroutines-core-jvm-1.10.2.jar
[2026-10-01T01:24:45.027+0100][class,load] kotlinx.coroutines.internal.ThreadSafeHeapNode source: file:/C:/Users/TONYS/Documents/Codex/2026-09-29/https-github-com-jay3-yy-bilipai/work/toolchain/gradle-home/caches/modules-2/files-2.1/org.jetbrains.kotlinx/kotlinx-coroutines-core-jvm/1.10.2/4a9f78ef49483748e2c129f3d124b8fa249dafbf/kotlinx-coroutines-core-jvm-1.10.2.jar
[2026-10-01T01:24:45.027+0100][class,load] kotlinx.coroutines.EventLoopImplBase$DelayedTask source: file:/C:/Users/TONYS/Documents/Codex/2026-09-29/https-github-com-jay3-yy-bilipai/work/toolchain/gradle-home/caches/modules-2/files-2.1/org.jetbrains.kotlinx/kotlinx-coroutines-core-jvm/1.10.2/4a9f78ef49483748e2c129f3d124b8fa249dafbf/kotlinx-coroutines-core-jvm-1.10.2.jar
[2026-10-01T01:24:45.027+0100][class,load] kotlinx.coroutines.EventLoopImplBase$DelayedResumeTask source: file:/C:/Users/TONYS/Documents/Codex/2026-09-29/https-github-com-jay3-yy-bilipai/work/toolchain/gradle-home/caches/modules-2/files-2.1/org.jetbrains.kotlinx/kotlinx-coroutines-core-jvm/1.10.2/4a9f78ef49483748e2c129f3d124b8fa249dafbf/kotlinx-coroutines-core-jvm-1.10.2.jar
[2026-10-01T01:24:45.027+0100][class,load] kotlinx.coroutines.internal.ThreadSafeHeap source: file:/C:/Users/TONYS/Documents/Codex/2026-09-29/https-github-com-jay3-yy-bilipai/work/toolchain/gradle-home/caches/modules-2/files-2.1/org.jetbrains.kotlinx/kotlinx-coroutines-core-jvm/1.10.2/4a9f78ef49483748e2c129f3d124b8fa249dafbf/kotlinx-coroutines-core-jvm-1.10.2.jar
[2026-10-01T01:24:45.027+0100][class,load] kotlinx.coroutines.EventLoopImplBase$DelayedTaskQueue source: file:/C:/Users/TONYS/Documents/Codex/2026-09-29/https-github-com-jay3-yy-bilipai/work/toolchain/gradle-home/caches/modules-2/files-2.1/org.jetbrains.kotlinx/kotlinx-coroutines-core-jvm/1.10.2/4a9f78ef49483748e2c129f3d124b8fa249dafbf/kotlinx-coroutines-core-jvm-1.10.2.jar
[2026-10-01T01:24:45.027+0100][class,load] kotlinx.coroutines.CancelHandler source: file:/C:/Users/TONYS/Documents/Codex/2026-09-29/https-github-com-jay3-yy-bilipai/work/toolchain/gradle-home/caches/modules-2/files-2.1/org.jetbrains.kotlinx/kotlinx-coroutines-core-jvm/1.10.2/4a9f78ef49483748e2c129f3d124b8fa249dafbf/kotlinx-coroutines-core-jvm-1.10.2.jar
[2026-10-01T01:24:45.027+0100][class,load] kotlinx.coroutines.DisposeOnCancel source: file:/C:/Users/TONYS/Documents/Codex/2026-09-29/https-github-com-jay3-yy-bilipai/work/toolchain/gradle-home/caches/modules-2/files-2.1/org.jetbrains.kotlinx/kotlinx-coroutines-core-jvm/1.10.2/4a9f78ef49483748e2c129f3d124b8fa249dafbf/kotlinx-coroutines-core-jvm-1.10.2.jar
[2026-10-01T01:24:45.028+0100][class,load] kotlinx.coroutines.ThreadLocalEventLoop source: file:/C:/Users/TONYS/Documents/Codex/2026-09-29/https-github-com-jay3-yy-bilipai/work/toolchain/gradle-home/caches/modules-2/files-2.1/org.jetbrains.kotlinx/kotlinx-coroutines-core-jvm/1.10.2/4a9f78ef49483748e2c129f3d124b8fa249dafbf/kotlinx-coroutines-core-jvm-1.10.2.jar
[2026-10-01T01:24:45.028+0100][class,load] kotlinx.coroutines.internal.ThreadLocalKt source: file:/C:/Users/TONYS/Documents/Codex/2026-09-29/https-github-com-jay3-yy-bilipai/work/toolchain/gradle-home/caches/modules-2/files-2.1/org.jetbrains.kotlinx/kotlinx-coroutines-core-jvm/1.10.2/4a9f78ef49483748e2c129f3d124b8fa249dafbf/kotlinx-coroutines-core-jvm-1.10.2.jar
[2026-10-01T01:24:45.028+0100][class,load] com.android.purebilibili.feature.dynamic.DynamicCommentReplyPolicyKt source: file:/C:/Users/TONYS/Documents/Codex/2026-09-29/https-github-com-jay3-yy-bilipai/work/BiliPai/desktop/.local/dynamic-detail-reply-main-integration/main-product-snapshot-01/main-kotlin.jar
[2026-10-01T01:24:45.028+0100][class,load] com.android.purebilibili.feature.dynamic.DynamicCommentComposerTarget source: file:/C:/Users/TONYS/Documents/Codex/2026-09-29/https-github-com-jay3-yy-bilipai/work/BiliPai/desktop/.local/dynamic-detail-reply-main-integration/main-product-snapshot-01/main-kotlin.jar
[2026-10-01T01:24:45.028+0100][class,load] java.lang.invoke.LambdaForm$DMH/0x000000eb010d0000 source: __JVM_LookupDefineClass__
[2026-10-01T01:24:45.028+0100][class,load] com.bilipai.desktop.ui.PostAdmissionFixtureKt$$Lambda/0x000000eb010ce000 source: com.bilipai.desktop.ui.PostAdmissionFixtureKt
[2026-10-01T01:24:45.036+0100][class,load] com.android.purebilibili.feature.dynamic.DesktopOriginalDynamicReplySession$postComment$1 source: file:/C:/Users/TONYS/Documents/Codex/2026-09-29/https-github-com-jay3-yy-bilipai/work/BiliPai/desktop/.local/dynamic-detail-reply-parity/detail-container-next/liquid-ui-proof/post-admission-delta/classes-02/
[2026-10-01T01:24:45.038+0100][class,load] com.bilipai.desktop.ui.FixtureReplyRequests$addCommentForSubject$1 source: file:/C:/Users/TONYS/Documents/Codex/2026-09-29/https-github-com-jay3-yy-bilipai/work/BiliPai/desktop/.local/dynamic-detail-reply-parity/detail-container-next/liquid-ui-proof/post-admission-delta/classes-02/
[2026-10-01T01:24:45.038+0100][class,load] java.lang.invoke.LambdaForm$MH/0x000000eb010d0400 source: __JVM_LookupDefineClass__
[2026-10-01T01:24:45.038+0100][class,load] java.lang.invoke.LambdaForm$MH/0x000000eb010d0800 source: __JVM_LookupDefineClass__
[2026-10-01T01:24:45.038+0100][class,load] java.lang.invoke.LambdaForm$MH/0x000000eb010d0c00 source: __JVM_LookupDefineClass__
[2026-10-01T01:24:45.038+0100][class,load] java.lang.invoke.LambdaForm$MH/0x000000eb010d1000 source: __JVM_LookupDefineClass__
[2026-10-01T01:24:45.038+0100][class,load] java.lang.invoke.LambdaForm$DMH/0x000000eb010d1400 source: __JVM_LookupDefineClass__
[2026-10-01T01:24:45.039+0100][class,load] java.lang.invoke.LambdaForm$MH/0x000000eb010d1800 source: __JVM_LookupDefineClass__
[2026-10-01T01:24:45.039+0100][class,load] java.lang.invoke.LambdaForm$MH/0x000000eb010d1c00 source: __JVM_LookupDefineClass__
[2026-10-01T01:24:45.039+0100][class,load] java.lang.invoke.LambdaForm$MH/0x000000eb010d2000 source: __JVM_LookupDefineClass__
[2026-10-01T01:24:45.039+0100][class,load] java.lang.invoke.LambdaForm$MH/0x000000eb010d2400 source: __JVM_LookupDefineClass__
[2026-10-01T01:24:45.039+0100][class,load] java.lang.invoke.LambdaForm$DMH/0x000000eb010d2800 source: __JVM_LookupDefineClass__
[2026-10-01T01:24:45.040+0100][class,load] java.lang.invoke.LambdaForm$MH/0x000000eb010d2c00 source: __JVM_LookupDefineClass__
[2026-10-01T01:24:45.040+0100][class,load] java.lang.invoke.LambdaForm$DMH/0x000000eb010d3000 source: __JVM_LookupDefineClass__
[2026-10-01T01:24:45.040+0100][class,load] java.lang.invoke.LambdaForm$MH/0x000000eb010d3400 source: __JVM_LookupDefineClass__
[2026-10-01T01:24:45.040+0100][class,load] java.lang.invoke.BoundMethodHandle$Species_LJ source: shared objects file
[2026-10-01T01:24:45.040+0100][class,load] java.lang.invoke.LambdaForm$MH/0x000000eb010d3800 source: __JVM_LookupDefineClass__
[2026-10-01T01:24:45.041+0100][class,load] java.lang.invoke.LambdaForm$MH/0x000000eb010d3c00 source: __JVM_LookupDefineClass__
[2026-10-01T01:24:45.041+0100][class,load] java.lang.invoke.LambdaForm$MH/0x000000eb010d4000 source: __JVM_LookupDefineClass__
[2026-10-01T01:24:45.041+0100][class,load] java.lang.invoke.LambdaForm$DMH/0x000000eb010d4400 source: __JVM_LookupDefineClass__
[2026-10-01T01:24:45.041+0100][class,load] java.lang.invoke.LambdaForm$MH/0x000000eb010d4800 source: __JVM_LookupDefineClass__
[2026-10-01T01:24:45.042+0100][class,load] java.lang.invoke.LambdaForm$MH/0x000000eb010d4c00 source: __JVM_LookupDefineClass__
[2026-10-01T01:24:45.042+0100][class,load] java.lang.invoke.LambdaForm$MH/0x000000eb010d5000 source: __JVM_LookupDefineClass__
[2026-10-01T01:24:45.042+0100][class,load] java.lang.invoke.LambdaForm$MH/0x000000eb010d5400 source: __JVM_LookupDefineClass__
[2026-10-01T01:24:45.043+0100][class,load] java.lang.invoke.LambdaForm$MH/0x000000eb010d5800 source: __JVM_LookupDefineClass__
[2026-10-01T01:24:45.043+0100][class,load] java.lang.invoke.LambdaForm$MH/0x000000eb010d5c00 source: __JVM_LookupDefineClass__
[2026-10-01T01:24:45.043+0100][class,load] java.lang.invoke.LambdaForm$MH/0x000000eb010d6000 source: __JVM_LookupDefineClass__
[2026-10-01T01:24:45.044+0100][class,load] kotlinx.coroutines.CopyableThrowable source: file:/C:/Users/TONYS/Documents/Codex/2026-09-29/https-github-com-jay3-yy-bilipai/work/toolchain/gradle-home/caches/modules-2/files-2.1/org.jetbrains.kotlinx/kotlinx-coroutines-core-jvm/1.10.2/4a9f78ef49483748e2c129f3d124b8fa249dafbf/kotlinx-coroutines-core-jvm-1.10.2.jar
[2026-10-01T01:24:45.044+0100][class,load] kotlinx.coroutines.JobCancellationException source: file:/C:/Users/TONYS/Documents/Codex/2026-09-29/https-github-com-jay3-yy-bilipai/work/toolchain/gradle-home/caches/modules-2/files-2.1/org.jetbrains.kotlinx/kotlinx-coroutines-core-jvm/1.10.2/4a9f78ef49483748e2c129f3d124b8fa249dafbf/kotlinx-coroutines-core-jvm-1.10.2.jar
[2026-10-01T01:24:45.044+0100][class,load] kotlinx.coroutines.DebugStringsKt source: file:/C:/Users/TONYS/Documents/Codex/2026-09-29/https-github-com-jay3-yy-bilipai/work/toolchain/gradle-home/caches/modules-2/files-2.1/org.jetbrains.kotlinx/kotlinx-coroutines-core-jvm/1.10.2/4a9f78ef49483748e2c129f3d124b8fa249dafbf/kotlinx-coroutines-core-jvm-1.10.2.jar
[2026-10-01T01:24:45.046+0100][class,load] kotlinx.coroutines.CancelledContinuation source: file:/C:/Users/TONYS/Documents/Codex/2026-09-29/https-github-com-jay3-yy-bilipai/work/toolchain/gradle-home/caches/modules-2/files-2.1/org.jetbrains.kotlinx/kotlinx-coroutines-core-jvm/1.10.2/4a9f78ef49483748e2c129f3d124b8fa249dafbf/kotlinx-coroutines-core-jvm-1.10.2.jar
[2026-10-01T01:24:45.046+0100][class,load] kotlinx.coroutines.JobSupport$ChildCompletion source: file:/C:/Users/TONYS/Documents/Codex/2026-09-29/https-github-com-jay3-yy-bilipai/work/toolchain/gradle-home/caches/modules-2/files-2.1/org.jetbrains.kotlinx/kotlinx-coroutines-core-jvm/1.10.2/4a9f78ef49483748e2c129f3d124b8fa249dafbf/kotlinx-coroutines-core-jvm-1.10.2.jar
[2026-10-01T01:24:45.046+0100][class,load] kotlinx.coroutines.TimeoutCancellationException source: file:/C:/Users/TONYS/Documents/Codex/2026-09-29/https-github-com-jay3-yy-bilipai/work/toolchain/gradle-home/caches/modules-2/files-2.1/org.jetbrains.kotlinx/kotlinx-coroutines-core-jvm/1.10.2/4a9f78ef49483748e2c129f3d124b8fa249dafbf/kotlinx-coroutines-core-jvm-1.10.2.jar
[2026-10-01T01:24:45.047+0100][class,load] kotlinx.coroutines.internal.InlineList source: file:/C:/Users/TONYS/Documents/Codex/2026-09-29/https-github-com-jay3-yy-bilipai/work/toolchain/gradle-home/caches/modules-2/files-2.1/org.jetbrains.kotlinx/kotlinx-coroutines-core-jvm/1.10.2/4a9f78ef49483748e2c129f3d124b8fa249dafbf/kotlinx-coroutines-core-jvm-1.10.2.jar
[2026-10-01T01:24:45.047+0100][class,load] kotlinx.coroutines.channels.WaiterEB source: file:/C:/Users/TONYS/Documents/Codex/2026-09-29/https-github-com-jay3-yy-bilipai/work/toolchain/gradle-home/caches/modules-2/files-2.1/org.jetbrains.kotlinx/kotlinx-coroutines-core-jvm/1.10.2/4a9f78ef49483748e2c129f3d124b8fa249dafbf/kotlinx-coroutines-core-jvm-1.10.2.jar
[2026-10-01T01:24:45.048+0100][class,load] kotlinx.coroutines.channels.ChannelsKt source: file:/C:/Users/TONYS/Documents/Codex/2026-09-29/https-github-com-jay3-yy-bilipai/work/toolchain/gradle-home/caches/modules-2/files-2.1/org.jetbrains.kotlinx/kotlinx-coroutines-core-jvm/1.10.2/4a9f78ef49483748e2c129f3d124b8fa249dafbf/kotlinx-coroutines-core-jvm-1.10.2.jar
[2026-10-01T01:24:45.049+0100][class,load] kotlinx.coroutines.channels.ChannelsKt__Channels_commonKt source: file:/C:/Users/TONYS/Documents/Codex/2026-09-29/https-github-com-jay3-yy-bilipai/work/toolchain/gradle-home/caches/modules-2/files-2.1/org.jetbrains.kotlinx/kotlinx-coroutines-core-jvm/1.10.2/4a9f78ef49483748e2c129f3d124b8fa249dafbf/kotlinx-coroutines-core-jvm-1.10.2.jar
[2026-10-01T01:24:45.064+0100][class,load] com.bilipai.desktop.ui.PostAdmissionFixtureKt$main$1 source: file:/C:/Users/TONYS/Documents/Codex/2026-09-29/https-github-com-jay3-yy-bilipai/work/BiliPai/desktop/.local/dynamic-detail-reply-parity/detail-container-next/liquid-ui-proof/post-admission-delta/classes-02/
[2026-10-01T01:24:45.065+0100][class,load] kotlinx.coroutines.NonCancellable source: file:/C:/Users/TONYS/Documents/Codex/2026-09-29/https-github-com-jay3-yy-bilipai/work/toolchain/gradle-home/caches/modules-2/files-2.1/org.jetbrains.kotlinx/kotlinx-coroutines-core-jvm/1.10.2/4a9f78ef49483748e2c129f3d124b8fa249dafbf/kotlinx-coroutines-core-jvm-1.10.2.jar
[2026-10-01T01:24:45.072+0100][class,load] com.bilipai.desktop.ui.PostAdmissionFixtureKt$main$1$1 source: file:/C:/Users/TONYS/Documents/Codex/2026-09-29/https-github-com-jay3-yy-bilipai/work/BiliPai/desktop/.local/dynamic-detail-reply-parity/detail-container-next/liquid-ui-proof/post-admission-delta/classes-02/
[2026-10-01T01:24:45.072+0100][class,load] kotlinx.coroutines.UndispatchedCoroutine source: file:/C:/Users/TONYS/Documents/Codex/2026-09-29/https-github-com-jay3-yy-bilipai/work/toolchain/gradle-home/caches/modules-2/files-2.1/org.jetbrains.kotlinx/kotlinx-coroutines-core-jvm/1.10.2/4a9f78ef49483748e2c129f3d124b8fa249dafbf/kotlinx-coroutines-core-jvm-1.10.2.jar
[2026-10-01T01:24:45.072+0100][class,load] kotlinx.coroutines.UndispatchedMarker source: file:/C:/Users/TONYS/Documents/Codex/2026-09-29/https-github-com-jay3-yy-bilipai/work/toolchain/gradle-home/caches/modules-2/files-2.1/org.jetbrains.kotlinx/kotlinx-coroutines-core-jvm/1.10.2/4a9f78ef49483748e2c129f3d124b8fa249dafbf/kotlinx-coroutines-core-jvm-1.10.2.jar
[2026-10-01T01:24:45.072+0100][class,load] kotlinx.coroutines.JobSupport$AwaitContinuation source: file:/C:/Users/TONYS/Documents/Codex/2026-09-29/https-github-com-jay3-yy-bilipai/work/toolchain/gradle-home/caches/modules-2/files-2.1/org.jetbrains.kotlinx/kotlinx-coroutines-core-jvm/1.10.2/4a9f78ef49483748e2c129f3d124b8fa249dafbf/kotlinx-coroutines-core-jvm-1.10.2.jar
[2026-10-01T01:24:45.073+0100][class,load] kotlinx.coroutines.ResumeAwaitOnCompletion source: file:/C:/Users/TONYS/Documents/Codex/2026-09-29/https-github-com-jay3-yy-bilipai/work/toolchain/gradle-home/caches/modules-2/files-2.1/org.jetbrains.kotlinx/kotlinx-coroutines-core-jvm/1.10.2/4a9f78ef49483748e2c129f3d124b8fa249dafbf/kotlinx-coroutines-core-jvm-1.10.2.jar
[2026-10-01T01:24:45.073+0100][class,load] kotlinx.coroutines.IncompleteStateBox source: file:/C:/Users/TONYS/Documents/Codex/2026-09-29/https-github-com-jay3-yy-bilipai/work/toolchain/gradle-home/caches/modules-2/files-2.1/org.jetbrains.kotlinx/kotlinx-coroutines-core-jvm/1.10.2/4a9f78ef49483748e2c129f3d124b8fa249dafbf/kotlinx-coroutines-core-jvm-1.10.2.jar
[2026-10-01T01:24:45.073+0100][class,load] kotlinx.coroutines.CompletedContinuation source: file:/C:/Users/TONYS/Documents/Codex/2026-09-29/https-github-com-jay3-yy-bilipai/work/toolchain/gradle-home/caches/modules-2/files-2.1/org.jetbrains.kotlinx/kotlinx-coroutines-core-jvm/1.10.2/4a9f78ef49483748e2c129f3d124b8fa249dafbf/kotlinx-coroutines-core-jvm-1.10.2.jar
[2026-10-01T01:24:45.074+0100][class,load] java.nio.file.FileSystems source: shared objects file
[2026-10-01T01:24:45.074+0100][class,load] java.nio.file.FileSystems$DefaultFileSystemHolder source: shared objects file
[2026-10-01T01:24:45.074+0100][class,load] java.nio.file.FileSystems$DefaultFileSystemHolder$1 source: shared objects file
[2026-10-01T01:24:45.074+0100][class,load] java.net.URI$Parser source: shared objects file
[2026-10-01T01:24:45.075+0100][class,load] kotlinx.serialization.json.JsonObjectBuilder source: file:/C:/Users/TONYS/Documents/Codex/2026-09-29/https-github-com-jay3-yy-bilipai/work/toolchain/gradle-home/caches/modules-2/files-2.1/org.jetbrains.kotlinx/kotlinx-serialization-json-jvm/1.11.0/e7e045e99e56f07599bb9ccb708c2190e2af0606/kotlinx-serialization-json-jvm-1.11.0.jar
[2026-10-01T01:24:45.075+0100][class,load] kotlinx.serialization.json.JsonElementBuildersKt source: file:/C:/Users/TONYS/Documents/Codex/2026-09-29/https-github-com-jay3-yy-bilipai/work/toolchain/gradle-home/caches/modules-2/files-2.1/org.jetbrains.kotlinx/kotlinx-serialization-json-jvm/1.11.0/e7e045e99e56f07599bb9ccb708c2190e2af0606/kotlinx-serialization-json-jvm-1.11.0.jar
[2026-10-01T01:24:45.075+0100][class,load] kotlinx.serialization.json.JsonArray source: file:/C:/Users/TONYS/Documents/Codex/2026-09-29/https-github-com-jay3-yy-bilipai/work/toolchain/gradle-home/caches/modules-2/files-2.1/org.jetbrains.kotlinx/kotlinx-serialization-json-jvm/1.11.0/e7e045e99e56f07599bb9ccb708c2190e2af0606/kotlinx-serialization-json-jvm-1.11.0.jar
[2026-10-01T01:24:45.076+0100][class,load] kotlinx.serialization.json.JsonArray$Companion source: file:/C:/Users/TONYS/Documents/Codex/2026-09-29/https-github-com-jay3-yy-bilipai/work/toolchain/gradle-home/caches/modules-2/files-2.1/org.jetbrains.kotlinx/kotlinx-serialization-json-jvm/1.11.0/e7e045e99e56f07599bb9ccb708c2190e2af0606/kotlinx-serialization-json-jvm-1.11.0.jar
[2026-10-01T01:24:45.076+0100][class,load] java.util.LinkedHashMap$LinkedEntrySet source: shared objects file
[2026-10-01T01:24:45.076+0100][class,load] kotlinx.serialization.json.JsonObject$$Lambda/0x000000eb010d8948 source: kotlinx.serialization.json.JsonObject
[2026-10-01T01:24:45.076+0100][class,load] java.util.LinkedHashMap$LinkedEntryIterator source: shared objects file
[2026-10-01T01:24:45.076+0100][class,load] kotlinx.serialization.json.internal.StringOpsKt source: file:/C:/Users/TONYS/Documents/Codex/2026-09-29/https-github-com-jay3-yy-bilipai/work/toolchain/gradle-home/caches/modules-2/files-2.1/org.jetbrains.kotlinx/kotlinx-serialization-json-jvm/1.11.0/e7e045e99e56f07599bb9ccb708c2190e2af0606/kotlinx-serialization-json-jvm-1.11.0.jar
[2026-10-01T01:24:45.076+0100][class,load] java.nio.file.attribute.FileAttribute source: jrt:/java.base
[2026-10-01T01:24:45.077+0100][class,load] sun.nio.fs.WindowsSecurityDescriptor source: jrt:/java.base
[2026-10-01T01:24:45.077+0100][class,load] sun.nio.fs.WindowsChannelFactory source: jrt:/java.base
[2026-10-01T01:24:45.077+0100][class,load] sun.nio.fs.WindowsChannelFactory$1 source: jrt:/java.base
[2026-10-01T01:24:45.077+0100][class,load] sun.nio.fs.WindowsChannelFactory$Flags source: jrt:/java.base
[2026-10-01T01:24:45.077+0100][class,load] sun.nio.fs.WindowsChannelFactory$2 source: jrt:/java.base
[2026-10-01T01:24:45.077+0100][class,load] java.nio.channels.Channel source: jrt:/java.base
[2026-10-01T01:24:45.077+0100][class,load] java.nio.channels.ReadableByteChannel source: jrt:/java.base
[2026-10-01T01:24:45.077+0100][class,load] java.nio.channels.WritableByteChannel source: jrt:/java.base
[2026-10-01T01:24:45.077+0100][class,load] java.nio.channels.ByteChannel source: jrt:/java.base
[2026-10-01T01:24:45.077+0100][class,load] java.nio.channels.SeekableByteChannel source: jrt:/java.base
[2026-10-01T01:24:45.077+0100][class,load] java.nio.channels.GatheringByteChannel source: jrt:/java.base
[2026-10-01T01:24:45.077+0100][class,load] java.nio.channels.ScatteringByteChannel source: jrt:/java.base
[2026-10-01T01:24:45.078+0100][class,load] java.nio.channels.InterruptibleChannel source: jrt:/java.base
[2026-10-01T01:24:45.078+0100][class,load] java.nio.channels.spi.AbstractInterruptibleChannel source: jrt:/java.base
[2026-10-01T01:24:45.078+0100][class,load] java.nio.channels.FileChannel source: jrt:/java.base
[2026-10-01T01:24:45.078+0100][class,load] sun.nio.ch.FileChannelImpl source: jrt:/java.base
[2026-10-01T01:24:45.078+0100][class,load] sun.nio.ch.NativeDispatcher source: jrt:/java.base
[2026-10-01T01:24:45.078+0100][class,load] sun.nio.ch.FileDispatcher source: jrt:/java.base
[2026-10-01T01:24:45.078+0100][class,load] sun.nio.ch.FileDispatcherImpl source: jrt:/java.base
[2026-10-01T01:24:45.078+0100][class,load] sun.nio.ch.IOUtil source: jrt:/java.base
[2026-10-01T01:24:45.079+0100][class,load] sun.nio.ch.NativeThreadSet source: jrt:/java.base
[2026-10-01T01:24:45.079+0100][class,load] sun.nio.ch.FileChannelImpl$Closer source: jrt:/java.base
[2026-10-01T01:24:45.079+0100][class,load] java.nio.channels.Channels source: jrt:/java.base
[2026-10-01T01:24:45.079+0100][class,load] sun.nio.ch.Streams source: jrt:/java.base
[2026-10-01T01:24:45.079+0100][class,load] sun.nio.ch.SelChImpl source: jrt:/java.base
[2026-10-01T01:24:45.079+0100][class,load] java.nio.channels.NetworkChannel source: jrt:/java.base
[2026-10-01T01:24:45.079+0100][class,load] java.nio.channels.SelectableChannel source: jrt:/java.base
[2026-10-01T01:24:45.079+0100][class,load] java.nio.channels.spi.AbstractSelectableChannel source: jrt:/java.base
[2026-10-01T01:24:45.079+0100][class,load] java.nio.channels.SocketChannel source: jrt:/java.base
[2026-10-01T01:24:45.079+0100][class,load] sun.nio.ch.SocketChannelImpl source: jrt:/java.base
[2026-10-01T01:24:45.079+0100][class,load] sun.nio.ch.ChannelOutputStream source: jrt:/java.base
[2026-10-01T01:24:45.079+0100][class,load] sun.nio.ch.NativeThread source: jrt:/java.base
[2026-10-01T01:24:45.079+0100][class,load] sun.nio.ch.Util source: jrt:/java.base
[2026-10-01T01:24:45.079+0100][class,load] sun.nio.ch.Util$1 source: jrt:/java.base
[2026-10-01T01:24:45.079+0100][class,load] sun.nio.ch.Util$BufferCache source: jrt:/java.base
[2026-10-01T01:24:45.079+0100][class,load] java.nio.DirectByteBuffer$Deallocator source: jrt:/java.base
[2026-10-01T01:24:45.079+0100][class,load] sun.nio.ch.IOStatus source: jrt:/java.base
[2026-10-01T01:24:45.080+0100][class,load] java.util.IdentityHashMap$IdentityHashMapIterator source: shared objects file
[2026-10-01T01:24:45.080+0100][class,load] java.util.IdentityHashMap$KeyIterator source: shared objects file
[2026-10-01T01:24:45.080+0100][class,load] java.lang.Shutdown source: shared objects file
[2026-10-01T01:24:45.080+0100][class,load] java.lang.Shutdown$Lock source: shared objects file
